2024-09-26T18:45:03.407+01:00  INFO 3124 --- [wallet] [restartedMain] com.example.wallet.WalletApplication     : Starting WalletApplication using Java 17.0.8 with PID 3124 (C:\Users\User\Downloads\MyWallet - Copie 6\wallet\target\classes started by User in C:\Users\User\Downloads\MyWallet - Copie 6)
2024-09-26T18:45:03.417+01:00 DEBUG 3124 --- [wallet] [restartedMain] com.example.wallet.WalletApplication     : Running with Spring Boot v3.4.0-SNAPSHOT, Spring v6.2.0-RC1
2024-09-26T18:45:03.425+01:00  INFO 3124 --- [wallet] [restartedMain] com.example.wallet.WalletApplication     : No active profile set, falling back to 1 default profile: "default"
2024-09-26T18:45:03.552+01:00  INFO 3124 --- [wallet] [restartedMain] .e.DevToolsPropertyDefaultsPostProcessor : Devtools property defaults active! Set 'spring.devtools.add-properties' to 'false' to disable
2024-09-26T18:45:03.552+01:00  INFO 3124 --- [wallet] [restartedMain] .e.DevToolsPropertyDefaultsPostProcessor : For additional web related logging consider setting the 'logging.level.web' property to 'DEBUG'
2024-09-26T18:45:04.532+01:00  INFO 3124 --- [wallet] [restartedMain] .s.d.r.c.RepositoryConfigurationDelegate : Bootstrapping Spring Data JPA repositories in DEFAULT mode.
2024-09-26T18:45:04.634+01:00  INFO 3124 --- [wallet] [restartedMain] .s.d.r.c.RepositoryConfigurationDelegate : Finished Spring Data repository scanning in 82 ms. Found 2 JPA repository interfaces.
2024-09-26T18:45:05.979+01:00  INFO 3124 --- [wallet] [restartedMain] o.s.b.w.embedded.tomcat.TomcatWebServer  : Tomcat initialized with port 8081 (http)
2024-09-26T18:45:06.011+01:00  INFO 3124 --- [wallet] [restartedMain] o.apache.catalina.core.StandardService   : Starting service [Tomcat]
2024-09-26T18:45:06.011+01:00  INFO 3124 --- [wallet] [restartedMain] o.apache.catalina.core.StandardEngine    : Starting Servlet engine: [Apache Tomcat/10.1.30]
2024-09-26T18:45:06.091+01:00  INFO 3124 --- [wallet] [restartedMain] o.a.c.c.C.[Tomcat].[localhost].[/]       : Initializing Spring embedded WebApplicationContext
2024-09-26T18:45:06.091+01:00  INFO 3124 --- [wallet] [restartedMain] w.s.c.ServletWebServerApplicationContext : Root WebApplicationContext: initialization completed in 2539 ms
2024-09-26T18:45:06.291+01:00 DEBUG 3124 --- [wallet] [restartedMain] o.s.jdbc.datasource.DataSourceUtils      : Fetching JDBC Connection from DataSource
2024-09-26T18:45:06.291+01:00  INFO 3124 --- [wallet] [restartedMain] com.zaxxer.hikari.HikariDataSource       : HikariPool-1 - Starting...
2024-09-26T18:45:06.516+01:00  INFO 3124 --- [wallet] [restartedMain] com.zaxxer.hikari.pool.HikariPool        : HikariPool-1 - Added connection org.mariadb.jdbc.Connection@28ef88fa
2024-09-26T18:45:06.524+01:00  INFO 3124 --- [wallet] [restartedMain] com.zaxxer.hikari.HikariDataSource       : HikariPool-1 - Start completed.
2024-09-26T18:45:06.612+01:00 DEBUG 3124 --- [wallet] [restartedMain] o.hibernate.jpa.internal.util.LogHelper  : PersistenceUnitInfo [
	name: default
	persistence provider classname: null
	classloader: org.springframework.boot.devtools.restart.classloader.RestartClassLoader@55449d61
	excludeUnlistedClasses: true
	JTA datasource: null
	Non JTA datasource: HikariDataSource (HikariPool-1)
	Transaction type: RESOURCE_LOCAL
	PU root URL: file:/C:/Users/User/Downloads/MyWallet%20-%20Copie%206/wallet/target/classes/
	Shared Cache Mode: UNSPECIFIED
	Validation Mode: AUTO
	Jar files URLs []
	Managed classes names [
		com.example.wallet.Entities.Operation
		com.example.wallet.Entities.User]
	Mapping files names []
	Properties []
2024-09-26T18:45:06.636+01:00 DEBUG 3124 --- [wallet] [restartedMain] o.h.i.internal.IntegratorServiceImpl     : Adding Integrator [org.hibernate.boot.beanvalidation.BeanValidationIntegrator].
2024-09-26T18:45:06.636+01:00 DEBUG 3124 --- [wallet] [restartedMain] o.h.i.internal.IntegratorServiceImpl     : Adding Integrator [org.hibernate.cache.internal.CollectionCacheInvalidator].
2024-09-26T18:45:06.711+01:00  INFO 3124 --- [wallet] [restartedMain] org.hibernate.Version                    : HHH000412: Hibernate ORM core version 6.6.1.Final
2024-09-26T18:45:06.719+01:00 DEBUG 3124 --- [wallet] [restartedMain] org.hibernate.cfg.Environment            : HHH000206: 'hibernate.properties' not found
2024-09-26T18:45:06.751+01:00 DEBUG 3124 --- [wallet] [restartedMain] org.hibernate.orm.idgen.factory          : Registering IdentifierGenerator strategy [uuid2] -> [org.hibernate.id.UUIDGenerator]
2024-09-26T18:45:06.751+01:00 DEBUG 3124 --- [wallet] [restartedMain] org.hibernate.orm.idgen.factory          : Registering IdentifierGenerator strategy [guid] -> [org.hibernate.id.GUIDGenerator]
2024-09-26T18:45:06.759+01:00 DEBUG 3124 --- [wallet] [restartedMain] org.hibernate.orm.idgen.factory          : Registering IdentifierGenerator strategy [uuid] -> [org.hibernate.id.UUIDHexGenerator]
2024-09-26T18:45:06.759+01:00 DEBUG 3124 --- [wallet] [restartedMain] org.hibernate.orm.idgen.factory          : Registering IdentifierGenerator strategy [uuid.hex] -> [org.hibernate.id.UUIDHexGenerator]
2024-09-26T18:45:06.759+01:00 DEBUG 3124 --- [wallet] [restartedMain] org.hibernate.orm.idgen.factory          : Registering IdentifierGenerator strategy [assigned] -> [org.hibernate.id.Assigned]
2024-09-26T18:45:06.759+01:00 DEBUG 3124 --- [wallet] [restartedMain] org.hibernate.orm.idgen.factory          : Registering IdentifierGenerator strategy [identity] -> [org.hibernate.id.IdentityGenerator]
2024-09-26T18:45:06.759+01:00 DEBUG 3124 --- [wallet] [restartedMain] org.hibernate.orm.idgen.factory          : Registering IdentifierGenerator strategy [select] -> [org.hibernate.id.SelectGenerator]
2024-09-26T18:45:06.767+01:00 DEBUG 3124 --- [wallet] [restartedMain] org.hibernate.orm.idgen.factory          : Registering IdentifierGenerator strategy [sequence] -> [org.hibernate.id.enhanced.SequenceStyleGenerator]
2024-09-26T18:45:06.767+01:00 DEBUG 3124 --- [wallet] [restartedMain] org.hibernate.orm.idgen.factory          : Registering IdentifierGenerator strategy [increment] -> [org.hibernate.id.IncrementGenerator]
2024-09-26T18:45:06.767+01:00 DEBUG 3124 --- [wallet] [restartedMain] org.hibernate.orm.idgen.factory          : Registering IdentifierGenerator strategy [foreign] -> [org.hibernate.id.ForeignGenerator]
2024-09-26T18:45:06.767+01:00 DEBUG 3124 --- [wallet] [restartedMain] org.hibernate.orm.idgen.factory          : Registering IdentifierGenerator strategy [enhanced-sequence] -> [org.hibernate.id.enhanced.SequenceStyleGenerator]
2024-09-26T18:45:06.767+01:00 DEBUG 3124 --- [wallet] [restartedMain] org.hibernate.orm.idgen.factory          : Registering IdentifierGenerator strategy [enhanced-table] -> [org.hibernate.id.enhanced.TableGenerator]
2024-09-26T18:45:06.786+01:00 DEBUG 3124 --- [wallet] [restartedMain] o.h.c.internal.RegionFactoryInitiator    : Cannot default RegionFactory based on registered strategies as `[]` RegionFactory strategies were registered
2024-09-26T18:45:06.786+01:00  INFO 3124 --- [wallet] [restartedMain] o.h.c.internal.RegionFactoryInitiator    : HHH000026: Second-level cache disabled
2024-09-26T18:45:06.919+01:00 DEBUG 3124 --- [wallet] [restartedMain] org.hibernate.type.BasicTypeRegistry     : Adding type registration boolean -> org.hibernate.type.BasicTypeReference@428a59fc
2024-09-26T18:45:06.919+01:00 DEBUG 3124 --- [wallet] [restartedMain] org.hibernate.type.BasicTypeRegistry     : Adding type registration boolean -> org.hibernate.type.BasicTypeReference@428a59fc
2024-09-26T18:45:06.919+01:00 DEBUG 3124 --- [wallet] [restartedMain] org.hibernate.type.BasicTypeRegistry     : Adding type registration java.lang.Boolean -> org.hibernate.type.BasicTypeReference@428a59fc
2024-09-26T18:45:06.919+01:00 DEBUG 3124 --- [wallet] [restartedMain] org.hibernate.type.BasicTypeRegistry     : Adding type registration numeric_boolean -> org.hibernate.type.BasicTypeReference@3716e824
2024-09-26T18:45:06.919+01:00 DEBUG 3124 --- [wallet] [restartedMain] org.hibernate.type.BasicTypeRegistry     : Adding type registration org.hibernate.type.NumericBooleanConverter -> org.hibernate.type.BasicTypeReference@3716e824
2024-09-26T18:45:06.919+01:00 DEBUG 3124 --- [wallet] [restartedMain] org.hibernate.type.BasicTypeRegistry     : Adding type registration true_false -> org.hibernate.type.BasicTypeReference@64b9ff11
2024-09-26T18:45:06.919+01:00 DEBUG 3124 --- [wallet] [restartedMain] org.hibernate.type.BasicTypeRegistry     : Adding type registration org.hibernate.type.TrueFalseConverter -> org.hibernate.type.BasicTypeReference@64b9ff11
2024-09-26T18:45:06.927+01:00 DEBUG 3124 --- [wallet] [restartedMain] org.hibernate.type.BasicTypeRegistry     : Adding type registration yes_no -> org.hibernate.type.BasicTypeReference@1278e575
2024-09-26T18:45:06.927+01:00 DEBUG 3124 --- [wallet] [restartedMain] org.hibernate.type.BasicTypeRegistry     : Adding type registration org.hibernate.type.YesNoConverter -> org.hibernate.type.BasicTypeReference@1278e575
2024-09-26T18:45:06.927+01:00 DEBUG 3124 --- [wallet] [restartedMain] org.hibernate.type.BasicTypeRegistry     : Adding type registration byte -> org.hibernate.type.BasicTypeReference@2ad0b7f
2024-09-26T18:45:06.927+01:00 DEBUG 3124 --- [wallet] [restartedMain] org.hibernate.type.BasicTypeRegistry     : Adding type registration byte -> org.hibernate.type.BasicTypeReference@2ad0b7f
2024-09-26T18:45:06.927+01:00 DEBUG 3124 --- [wallet] [restartedMain] org.hibernate.type.BasicTypeRegistry     : Adding type registration java.lang.Byte -> org.hibernate.type.BasicTypeReference@2ad0b7f
2024-09-26T18:45:06.927+01:00 DEBUG 3124 --- [wallet] [restartedMain] org.hibernate.type.BasicTypeRegistry     : Adding type registration binary -> org.hibernate.type.BasicTypeReference@27a94c6
2024-09-26T18:45:06.927+01:00 DEBUG 3124 --- [wallet] [restartedMain] org.hibernate.type.BasicTypeRegistry     : Adding type registration byte[] -> org.hibernate.type.BasicTypeReference@27a94c6
2024-09-26T18:45:06.927+01:00 DEBUG 3124 --- [wallet] [restartedMain] org.hibernate.type.BasicTypeRegistry     : Adding type registration [B -> org.hibernate.type.BasicTypeReference@27a94c6
2024-09-26T18:45:06.927+01:00 DEBUG 3124 --- [wallet] [restartedMain] org.hibernate.type.BasicTypeRegistry     : Adding type registration binary_wrapper -> org.hibernate.type.BasicTypeReference@2990b2ef
2024-09-26T18:45:06.927+01:00 DEBUG 3124 --- [wallet] [restartedMain] org.hibernate.type.BasicTypeRegistry     : Adding type registration wrapper-binary -> org.hibernate.type.BasicTypeReference@2990b2ef
2024-09-26T18:45:06.927+01:00 DEBUG 3124 --- [wallet] [restartedMain] org.hibernate.type.BasicTypeRegistry     : Adding type registration image -> org.hibernate.type.BasicTypeReference@7c96a9e5
2024-09-26T18:45:06.927+01:00 DEBUG 3124 --- [wallet] [restartedMain] org.hibernate.type.BasicTypeRegistry     : Adding type registration blob -> org.hibernate.type.BasicTypeReference@160aa3fb
2024-09-26T18:45:06.927+01:00 DEBUG 3124 --- [wallet] [restartedMain] org.hibernate.type.BasicTypeRegistry     : Adding type registration java.sql.Blob -> org.hibernate.type.BasicTypeReference@160aa3fb
2024-09-26T18:45:06.927+01:00 DEBUG 3124 --- [wallet] [restartedMain] org.hibernate.type.BasicTypeRegistry     : Adding type registration materialized_blob -> org.hibernate.type.BasicTypeReference@4080d958
2024-09-26T18:45:06.927+01:00 DEBUG 3124 --- [wallet] [restartedMain] org.hibernate.type.BasicTypeRegistry     : Adding type registration materialized_blob_wrapper -> org.hibernate.type.BasicTypeReference@6c2b1c6d
2024-09-26T18:45:06.927+01:00 DEBUG 3124 --- [wallet] [restartedMain] org.hibernate.type.BasicTypeRegistry     : Adding type registration short -> org.hibernate.type.BasicTypeReference@253b598c
2024-09-26T18:45:06.927+01:00 DEBUG 3124 --- [wallet] [restartedMain] org.hibernate.type.BasicTypeRegistry     : Adding type registration short -> org.hibernate.type.BasicTypeReference@253b598c
2024-09-26T18:45:06.927+01:00 DEBUG 3124 --- [wallet] [restartedMain] org.hibernate.type.BasicTypeRegistry     : Adding type registration java.lang.Short -> org.hibernate.type.BasicTypeReference@253b598c
2024-09-26T18:45:06.927+01:00 DEBUG 3124 --- [wallet] [restartedMain] org.hibernate.type.BasicTypeRegistry     : Adding type registration integer -> org.hibernate.type.BasicTypeReference@666d33ab
2024-09-26T18:45:06.927+01:00 DEBUG 3124 --- [wallet] [restartedMain] org.hibernate.type.BasicTypeRegistry     : Adding type registration int -> org.hibernate.type.BasicTypeReference@666d33ab
2024-09-26T18:45:06.927+01:00 DEBUG 3124 --- [wallet] [restartedMain] org.hibernate.type.BasicTypeRegistry     : Adding type registration java.lang.Integer -> org.hibernate.type.BasicTypeReference@666d33ab
2024-09-26T18:45:06.934+01:00 DEBUG 3124 --- [wallet] [restartedMain] org.hibernate.type.BasicTypeRegistry     : Adding type registration long -> org.hibernate.type.BasicTypeReference@20616c27
2024-09-26T18:45:06.935+01:00 DEBUG 3124 --- [wallet] [restartedMain] org.hibernate.type.BasicTypeRegistry     : Adding type registration long -> org.hibernate.type.BasicTypeReference@20616c27
2024-09-26T18:45:06.935+01:00 DEBUG 3124 --- [wallet] [restartedMain] org.hibernate.type.BasicTypeRegistry     : Adding type registration java.lang.Long -> org.hibernate.type.BasicTypeReference@20616c27
2024-09-26T18:45:06.935+01:00 DEBUG 3124 --- [wallet] [restartedMain] org.hibernate.type.BasicTypeRegistry     : Adding type registration float -> org.hibernate.type.BasicTypeReference@141dd432
2024-09-26T18:45:06.935+01:00 DEBUG 3124 --- [wallet] [restartedMain] org.hibernate.type.BasicTypeRegistry     : Adding type registration float -> org.hibernate.type.BasicTypeReference@141dd432
2024-09-26T18:45:06.935+01:00 DEBUG 3124 --- [wallet] [restartedMain] org.hibernate.type.BasicTypeRegistry     : Adding type registration java.lang.Float -> org.hibernate.type.BasicTypeReference@141dd432
2024-09-26T18:45:06.935+01:00 DEBUG 3124 --- [wallet] [restartedMain] org.hibernate.type.BasicTypeRegistry     : Adding type registration double -> org.hibernate.type.BasicTypeReference@6b150804
2024-09-26T18:45:06.935+01:00 DEBUG 3124 --- [wallet] [restartedMain] org.hibernate.type.BasicTypeRegistry     : Adding type registration double -> org.hibernate.type.BasicTypeReference@6b150804
2024-09-26T18:45:06.935+01:00 DEBUG 3124 --- [wallet] [restartedMain] org.hibernate.type.BasicTypeRegistry     : Adding type registration java.lang.Double -> org.hibernate.type.BasicTypeReference@6b150804
2024-09-26T18:45:06.935+01:00 DEBUG 3124 --- [wallet] [restartedMain] org.hibernate.type.BasicTypeRegistry     : Adding type registration big_integer -> org.hibernate.type.BasicTypeReference@64ea9ea6
2024-09-26T18:45:06.935+01:00 DEBUG 3124 --- [wallet] [restartedMain] org.hibernate.type.BasicTypeRegistry     : Adding type registration java.math.BigInteger -> org.hibernate.type.BasicTypeReference@64ea9ea6
2024-09-26T18:45:06.935+01:00 DEBUG 3124 --- [wallet] [restartedMain] org.hibernate.type.BasicTypeRegistry     : Adding type registration big_decimal -> org.hibernate.type.BasicTypeReference@4fc1c648
2024-09-26T18:45:06.935+01:00 DEBUG 3124 --- [wallet] [restartedMain] org.hibernate.type.BasicTypeRegistry     : Adding type registration java.math.BigDecimal -> org.hibernate.type.BasicTypeReference@4fc1c648
2024-09-26T18:45:06.935+01:00 DEBUG 3124 --- [wallet] [restartedMain] org.hibernate.type.BasicTypeRegistry     : Adding type registration character -> org.hibernate.type.BasicTypeReference@350737c6
2024-09-26T18:45:06.935+01:00 DEBUG 3124 --- [wallet] [restartedMain] org.hibernate.type.BasicTypeRegistry     : Adding type registration char -> org.hibernate.type.BasicTypeReference@350737c6
2024-09-26T18:45:06.935+01:00 DEBUG 3124 --- [wallet] [restartedMain] org.hibernate.type.BasicTypeRegistry     : Adding type registration java.lang.Character -> org.hibernate.type.BasicTypeReference@350737c6
2024-09-26T18:45:06.935+01:00 DEBUG 3124 --- [wallet] [restartedMain] org.hibernate.type.BasicTypeRegistry     : Adding type registration character_nchar -> org.hibernate.type.BasicTypeReference@76914c4a
2024-09-26T18:45:06.935+01:00 DEBUG 3124 --- [wallet] [restartedMain] org.hibernate.type.BasicTypeRegistry     : Adding type registration string -> org.hibernate.type.BasicTypeReference@46bee390
2024-09-26T18:45:06.943+01:00 DEBUG 3124 --- [wallet] [restartedMain] org.hibernate.type.BasicTypeRegistry     : Adding type registration java.lang.String -> org.hibernate.type.BasicTypeReference@46bee390
2024-09-26T18:45:06.943+01:00 DEBUG 3124 --- [wallet] [restartedMain] org.hibernate.type.BasicTypeRegistry     : Adding type registration nstring -> org.hibernate.type.BasicTypeReference@70c8e89
2024-09-26T18:45:06.943+01:00 DEBUG 3124 --- [wallet] [restartedMain] org.hibernate.type.BasicTypeRegistry     : Adding type registration characters -> org.hibernate.type.BasicTypeReference@bb920a9
2024-09-26T18:45:06.943+01:00 DEBUG 3124 --- [wallet] [restartedMain] org.hibernate.type.BasicTypeRegistry     : Adding type registration char[] -> org.hibernate.type.BasicTypeReference@bb920a9
2024-09-26T18:45:06.943+01:00 DEBUG 3124 --- [wallet] [restartedMain] org.hibernate.type.BasicTypeRegistry     : Adding type registration [C -> org.hibernate.type.BasicTypeReference@bb920a9
2024-09-26T18:45:06.943+01:00 DEBUG 3124 --- [wallet] [restartedMain] org.hibernate.type.BasicTypeRegistry     : Adding type registration wrapper-characters -> org.hibernate.type.BasicTypeReference@7736de88
2024-09-26T18:45:06.943+01:00 DEBUG 3124 --- [wallet] [restartedMain] org.hibernate.type.BasicTypeRegistry     : Adding type registration text -> org.hibernate.type.BasicTypeReference@46a5019d
2024-09-26T18:45:06.943+01:00 DEBUG 3124 --- [wallet] [restartedMain] org.hibernate.type.BasicTypeRegistry     : Adding type registration ntext -> org.hibernate.type.BasicTypeReference@253ea706
2024-09-26T18:45:06.943+01:00 DEBUG 3124 --- [wallet] [restartedMain] org.hibernate.type.BasicTypeRegistry     : Adding type registration clob -> org.hibernate.type.BasicTypeReference@67c07760
2024-09-26T18:45:06.943+01:00 DEBUG 3124 --- [wallet] [restartedMain] org.hibernate.type.BasicTypeRegistry     : Adding type registration java.sql.Clob -> org.hibernate.type.BasicTypeReference@67c07760
2024-09-26T18:45:06.943+01:00 DEBUG 3124 --- [wallet] [restartedMain] org.hibernate.type.BasicTypeRegistry     : Adding type registration nclob -> org.hibernate.type.BasicTypeReference@2643278e
2024-09-26T18:45:06.943+01:00 DEBUG 3124 --- [wallet] [restartedMain] org.hibernate.type.BasicTypeRegistry     : Adding type registration java.sql.NClob -> org.hibernate.type.BasicTypeReference@2643278e
2024-09-26T18:45:06.943+01:00 DEBUG 3124 --- [wallet] [restartedMain] org.hibernate.type.BasicTypeRegistry     : Adding type registration materialized_clob -> org.hibernate.type.BasicTypeReference@48046332
2024-09-26T18:45:06.943+01:00 DEBUG 3124 --- [wallet] [restartedMain] org.hibernate.type.BasicTypeRegistry     : Adding type registration materialized_clob_char_array -> org.hibernate.type.BasicTypeReference@18d2eba3
2024-09-26T18:45:06.943+01:00 DEBUG 3124 --- [wallet] [restartedMain] org.hibernate.type.BasicTypeRegistry     : Adding type registration materialized_clob_character_array -> org.hibernate.type.BasicTypeReference@7ccde4ae
2024-09-26T18:45:06.943+01:00 DEBUG 3124 --- [wallet] [restartedMain] org.hibernate.type.BasicTypeRegistry     : Adding type registration materialized_nclob -> org.hibernate.type.BasicTypeReference@438dc3ee
2024-09-26T18:45:06.943+01:00 DEBUG 3124 --- [wallet] [restartedMain] org.hibernate.type.BasicTypeRegistry     : Adding type registration materialized_nclob_character_array -> org.hibernate.type.BasicTypeReference@287b255e
2024-09-26T18:45:06.943+01:00 DEBUG 3124 --- [wallet] [restartedMain] org.hibernate.type.BasicTypeRegistry     : Adding type registration materialized_nclob_char_array -> org.hibernate.type.BasicTypeReference@277b4c01
2024-09-26T18:45:06.951+01:00 DEBUG 3124 --- [wallet] [restartedMain] org.hibernate.type.BasicTypeRegistry     : Adding type registration Duration -> org.hibernate.type.BasicTypeReference@348034d4
2024-09-26T18:45:06.953+01:00 DEBUG 3124 --- [wallet] [restartedMain] org.hibernate.type.BasicTypeRegistry     : Adding type registration java.time.Duration -> org.hibernate.type.BasicTypeReference@348034d4
2024-09-26T18:45:06.953+01:00 DEBUG 3124 --- [wallet] [restartedMain] org.hibernate.type.BasicTypeRegistry     : Adding type registration LocalDateTime -> org.hibernate.type.BasicTypeReference@193f1319
2024-09-26T18:45:06.953+01:00 DEBUG 3124 --- [wallet] [restartedMain] org.hibernate.type.BasicTypeRegistry     : Adding type registration java.time.LocalDateTime -> org.hibernate.type.BasicTypeReference@193f1319
2024-09-26T18:45:06.953+01:00 DEBUG 3124 --- [wallet] [restartedMain] org.hibernate.type.BasicTypeRegistry     : Adding type registration LocalDate -> org.hibernate.type.BasicTypeReference@681f94b5
2024-09-26T18:45:06.953+01:00 DEBUG 3124 --- [wallet] [restartedMain] org.hibernate.type.BasicTypeRegistry     : Adding type registration java.time.LocalDate -> org.hibernate.type.BasicTypeReference@681f94b5
2024-09-26T18:45:06.953+01:00 DEBUG 3124 --- [wallet] [restartedMain] org.hibernate.type.BasicTypeRegistry     : Adding type registration LocalTime -> org.hibernate.type.BasicTypeReference@15f9c6f3
2024-09-26T18:45:06.953+01:00 DEBUG 3124 --- [wallet] [restartedMain] org.hibernate.type.BasicTypeRegistry     : Adding type registration java.time.LocalTime -> org.hibernate.type.BasicTypeReference@15f9c6f3
2024-09-26T18:45:06.953+01:00 DEBUG 3124 --- [wallet] [restartedMain] org.hibernate.type.BasicTypeRegistry     : Adding type registration OffsetDateTime -> org.hibernate.type.BasicTypeReference@20ea660c
2024-09-26T18:45:06.953+01:00 DEBUG 3124 --- [wallet] [restartedMain] org.hibernate.type.BasicTypeRegistry     : Adding type registration java.time.OffsetDateTime -> org.hibernate.type.BasicTypeReference@20ea660c
2024-09-26T18:45:06.953+01:00 DEBUG 3124 --- [wallet] [restartedMain] org.hibernate.type.BasicTypeRegistry     : Adding type registration OffsetDateTimeWithTimezone -> org.hibernate.type.BasicTypeReference@41ac0ed3
2024-09-26T18:45:06.953+01:00 DEBUG 3124 --- [wallet] [restartedMain] org.hibernate.type.BasicTypeRegistry     : Adding type registration OffsetDateTimeWithoutTimezone -> org.hibernate.type.BasicTypeReference@5582806f
2024-09-26T18:45:06.953+01:00 DEBUG 3124 --- [wallet] [restartedMain] org.hibernate.type.BasicTypeRegistry     : Adding type registration OffsetTime -> org.hibernate.type.BasicTypeReference@e170a72
2024-09-26T18:45:06.953+01:00 DEBUG 3124 --- [wallet] [restartedMain] org.hibernate.type.BasicTypeRegistry     : Adding type registration java.time.OffsetTime -> org.hibernate.type.BasicTypeReference@e170a72
2024-09-26T18:45:06.953+01:00 DEBUG 3124 --- [wallet] [restartedMain] org.hibernate.type.BasicTypeRegistry     : Adding type registration OffsetTimeUtc -> org.hibernate.type.BasicTypeReference@7d3ec7ba
2024-09-26T18:45:06.953+01:00 DEBUG 3124 --- [wallet] [restartedMain] org.hibernate.type.BasicTypeRegistry     : Adding type registration OffsetTimeWithTimezone -> org.hibernate.type.BasicTypeReference@5cc58458
2024-09-26T18:45:06.953+01:00 DEBUG 3124 --- [wallet] [restartedMain] org.hibernate.type.BasicTypeRegistry     : Adding type registration OffsetTimeWithoutTimezone -> org.hibernate.type.BasicTypeReference@1d85f657
2024-09-26T18:45:06.953+01:00 DEBUG 3124 --- [wallet] [restartedMain] org.hibernate.type.BasicTypeRegistry     : Adding type registration ZonedDateTime -> org.hibernate.type.BasicTypeReference@2bf73b0f
2024-09-26T18:45:06.953+01:00 DEBUG 3124 --- [wallet] [restartedMain] org.hibernate.type.BasicTypeRegistry     : Adding type registration java.time.ZonedDateTime -> org.hibernate.type.BasicTypeReference@2bf73b0f
2024-09-26T18:45:06.961+01:00 DEBUG 3124 --- [wallet] [restartedMain] org.hibernate.type.BasicTypeRegistry     : Adding type registration ZonedDateTimeWithTimezone -> org.hibernate.type.BasicTypeReference@207f3adc
2024-09-26T18:45:06.961+01:00 DEBUG 3124 --- [wallet] [restartedMain] org.hibernate.type.BasicTypeRegistry     : Adding type registration ZonedDateTimeWithoutTimezone -> org.hibernate.type.BasicTypeReference@50e89dcf
2024-09-26T18:45:06.961+01:00 DEBUG 3124 --- [wallet] [restartedMain] org.hibernate.type.BasicTypeRegistry     : Adding type registration date -> org.hibernate.type.BasicTypeReference@626deecb
2024-09-26T18:45:06.961+01:00 DEBUG 3124 --- [wallet] [restartedMain] org.hibernate.type.BasicTypeRegistry     : Adding type registration java.sql.Date -> org.hibernate.type.BasicTypeReference@626deecb
2024-09-26T18:45:06.961+01:00 DEBUG 3124 --- [wallet] [restartedMain] org.hibernate.type.BasicTypeRegistry     : Adding type registration time -> org.hibernate.type.BasicTypeReference@70509eca
2024-09-26T18:45:06.961+01:00 DEBUG 3124 --- [wallet] [restartedMain] org.hibernate.type.BasicTypeRegistry     : Adding type registration java.sql.Time -> org.hibernate.type.BasicTypeReference@70509eca
2024-09-26T18:45:06.961+01:00 DEBUG 3124 --- [wallet] [restartedMain] org.hibernate.type.BasicTypeRegistry     : Adding type registration timestamp -> org.hibernate.type.BasicTypeReference@2920f3c6
2024-09-26T18:45:06.961+01:00 DEBUG 3124 --- [wallet] [restartedMain] org.hibernate.type.BasicTypeRegistry     : Adding type registration java.sql.Timestamp -> org.hibernate.type.BasicTypeReference@2920f3c6
2024-09-26T18:45:06.961+01:00 DEBUG 3124 --- [wallet] [restartedMain] org.hibernate.type.BasicTypeRegistry     : Adding type registration java.util.Date -> org.hibernate.type.BasicTypeReference@2920f3c6
2024-09-26T18:45:06.961+01:00 DEBUG 3124 --- [wallet] [restartedMain] org.hibernate.type.BasicTypeRegistry     : Adding type registration calendar -> org.hibernate.type.BasicTypeReference@3d3215c8
2024-09-26T18:45:06.961+01:00 DEBUG 3124 --- [wallet] [restartedMain] org.hibernate.type.BasicTypeRegistry     : Adding type registration java.util.Calendar -> org.hibernate.type.BasicTypeReference@3d3215c8
2024-09-26T18:45:06.961+01:00 DEBUG 3124 --- [wallet] [restartedMain] org.hibernate.type.BasicTypeRegistry     : Adding type registration java.util.GregorianCalendar -> org.hibernate.type.BasicTypeReference@3d3215c8
2024-09-26T18:45:06.961+01:00 DEBUG 3124 --- [wallet] [restartedMain] org.hibernate.type.BasicTypeRegistry     : Adding type registration calendar_date -> org.hibernate.type.BasicTypeReference@30a4bf13
2024-09-26T18:45:06.961+01:00 DEBUG 3124 --- [wallet] [restartedMain] org.hibernate.type.BasicTypeRegistry     : Adding type registration calendar_time -> org.hibernate.type.BasicTypeReference@4476c103
2024-09-26T18:45:06.969+01:00 DEBUG 3124 --- [wallet] [restartedMain] org.hibernate.type.BasicTypeRegistry     : Adding type registration instant -> org.hibernate.type.BasicTypeReference@6ae6a488
2024-09-26T18:45:06.969+01:00 DEBUG 3124 --- [wallet] [restartedMain] org.hibernate.type.BasicTypeRegistry     : Adding type registration java.time.Instant -> org.hibernate.type.BasicTypeReference@6ae6a488
2024-09-26T18:45:06.969+01:00 DEBUG 3124 --- [wallet] [restartedMain] org.hibernate.type.BasicTypeRegistry     : Adding type registration uuid -> org.hibernate.type.BasicTypeReference@47d77049
2024-09-26T18:45:06.969+01:00 DEBUG 3124 --- [wallet] [restartedMain] org.hibernate.type.BasicTypeRegistry     : Adding type registration java.util.UUID -> org.hibernate.type.BasicTypeReference@47d77049
2024-09-26T18:45:06.969+01:00 DEBUG 3124 --- [wallet] [restartedMain] org.hibernate.type.BasicTypeRegistry     : Adding type registration pg-uuid -> org.hibernate.type.BasicTypeReference@47d77049
2024-09-26T18:45:06.969+01:00 DEBUG 3124 --- [wallet] [restartedMain] org.hibernate.type.BasicTypeRegistry     : Adding type registration uuid-binary -> org.hibernate.type.BasicTypeReference@521e0387
2024-09-26T18:45:06.969+01:00 DEBUG 3124 --- [wallet] [restartedMain] org.hibernate.type.BasicTypeRegistry     : Adding type registration uuid-char -> org.hibernate.type.BasicTypeReference@2012be1e
2024-09-26T18:45:06.969+01:00 DEBUG 3124 --- [wallet] [restartedMain] org.hibernate.type.BasicTypeRegistry     : Adding type registration class -> org.hibernate.type.BasicTypeReference@7f0f8c70
2024-09-26T18:45:06.969+01:00 DEBUG 3124 --- [wallet] [restartedMain] org.hibernate.type.BasicTypeRegistry     : Adding type registration java.lang.Class -> org.hibernate.type.BasicTypeReference@7f0f8c70
2024-09-26T18:45:06.969+01:00 DEBUG 3124 --- [wallet] [restartedMain] org.hibernate.type.BasicTypeRegistry     : Adding type registration currency -> org.hibernate.type.BasicTypeReference@3a6eee0
2024-09-26T18:45:06.969+01:00 DEBUG 3124 --- [wallet] [restartedMain] org.hibernate.type.BasicTypeRegistry     : Adding type registration Currency -> org.hibernate.type.BasicTypeReference@3a6eee0
2024-09-26T18:45:06.969+01:00 DEBUG 3124 --- [wallet] [restartedMain] org.hibernate.type.BasicTypeRegistry     : Adding type registration java.util.Currency -> org.hibernate.type.BasicTypeReference@3a6eee0
2024-09-26T18:45:06.977+01:00 DEBUG 3124 --- [wallet] [restartedMain] org.hibernate.type.BasicTypeRegistry     : Adding type registration locale -> org.hibernate.type.BasicTypeReference@2186c728
2024-09-26T18:45:06.977+01:00 DEBUG 3124 --- [wallet] [restartedMain] org.hibernate.type.BasicTypeRegistry     : Adding type registration java.util.Locale -> org.hibernate.type.BasicTypeReference@2186c728
2024-09-26T18:45:06.977+01:00 DEBUG 3124 --- [wallet] [restartedMain] org.hibernate.type.BasicTypeRegistry     : Adding type registration serializable -> org.hibernate.type.BasicTypeReference@14517f48
2024-09-26T18:45:06.977+01:00 DEBUG 3124 --- [wallet] [restartedMain] org.hibernate.type.BasicTypeRegistry     : Adding type registration java.io.Serializable -> org.hibernate.type.BasicTypeReference@14517f48
2024-09-26T18:45:06.977+01:00 DEBUG 3124 --- [wallet] [restartedMain] org.hibernate.type.BasicTypeRegistry     : Adding type registration timezone -> org.hibernate.type.BasicTypeReference@173e0dbe
2024-09-26T18:45:06.977+01:00 DEBUG 3124 --- [wallet] [restartedMain] org.hibernate.type.BasicTypeRegistry     : Adding type registration java.util.TimeZone -> org.hibernate.type.BasicTypeReference@173e0dbe
2024-09-26T18:45:06.977+01:00 DEBUG 3124 --- [wallet] [restartedMain] org.hibernate.type.BasicTypeRegistry     : Adding type registration ZoneOffset -> org.hibernate.type.BasicTypeReference@235b2057
2024-09-26T18:45:06.977+01:00 DEBUG 3124 --- [wallet] [restartedMain] org.hibernate.type.BasicTypeRegistry     : Adding type registration java.time.ZoneOffset -> org.hibernate.type.BasicTypeReference@235b2057
2024-09-26T18:45:06.977+01:00 DEBUG 3124 --- [wallet] [restartedMain] org.hibernate.type.BasicTypeRegistry     : Adding type registration url -> org.hibernate.type.BasicTypeReference@34731c93
2024-09-26T18:45:06.977+01:00 DEBUG 3124 --- [wallet] [restartedMain] org.hibernate.type.BasicTypeRegistry     : Adding type registration java.net.URL -> org.hibernate.type.BasicTypeReference@34731c93
2024-09-26T18:45:06.977+01:00 DEBUG 3124 --- [wallet] [restartedMain] org.hibernate.type.BasicTypeRegistry     : Adding type registration vector -> org.hibernate.type.BasicTypeReference@2bc79e6a
2024-09-26T18:45:06.977+01:00 DEBUG 3124 --- [wallet] [restartedMain] org.hibernate.type.BasicTypeRegistry     : Adding type registration float_vector -> org.hibernate.type.BasicTypeReference@4cf32551
2024-09-26T18:45:06.977+01:00 DEBUG 3124 --- [wallet] [restartedMain] org.hibernate.type.BasicTypeRegistry     : Adding type registration double_vector -> org.hibernate.type.BasicTypeReference@3650fd00
2024-09-26T18:45:06.977+01:00 DEBUG 3124 --- [wallet] [restartedMain] org.hibernate.type.BasicTypeRegistry     : Adding type registration byte_vector -> org.hibernate.type.BasicTypeReference@1aebe8dd
2024-09-26T18:45:06.977+01:00 DEBUG 3124 --- [wallet] [restartedMain] org.hibernate.type.BasicTypeRegistry     : Adding type registration row_version -> org.hibernate.type.BasicTypeReference@d481124
2024-09-26T18:45:06.993+01:00 DEBUG 3124 --- [wallet] [restartedMain] org.hibernate.type.BasicTypeRegistry     : Adding type registration object -> org.hibernate.type.JavaObjectType@7d7fa199
2024-09-26T18:45:06.993+01:00 DEBUG 3124 --- [wallet] [restartedMain] org.hibernate.type.BasicTypeRegistry     : Adding type registration java.lang.Object -> org.hibernate.type.JavaObjectType@7d7fa199
2024-09-26T18:45:06.993+01:00 DEBUG 3124 --- [wallet] [restartedMain] org.hibernate.type.BasicTypeRegistry     : Adding type registration null -> org.hibernate.type.NullType@4da2276
2024-09-26T18:45:06.993+01:00 DEBUG 3124 --- [wallet] [restartedMain] org.hibernate.type.BasicTypeRegistry     : Adding type registration imm_date -> org.hibernate.type.BasicTypeReference@7afe84a0
2024-09-26T18:45:06.993+01:00 DEBUG 3124 --- [wallet] [restartedMain] org.hibernate.type.BasicTypeRegistry     : Adding type registration imm_time -> org.hibernate.type.BasicTypeReference@e97f860
2024-09-26T18:45:06.993+01:00 DEBUG 3124 --- [wallet] [restartedMain] org.hibernate.type.BasicTypeRegistry     : Adding type registration imm_timestamp -> org.hibernate.type.BasicTypeReference@78a0a01f
2024-09-26T18:45:06.993+01:00 DEBUG 3124 --- [wallet] [restartedMain] org.hibernate.type.BasicTypeRegistry     : Adding type registration imm_calendar -> org.hibernate.type.BasicTypeReference@2d3ce4ef
2024-09-26T18:45:06.993+01:00 DEBUG 3124 --- [wallet] [restartedMain] org.hibernate.type.BasicTypeRegistry     : Adding type registration imm_calendar_date -> org.hibernate.type.BasicTypeReference@23e9ae6c
2024-09-26T18:45:06.993+01:00 DEBUG 3124 --- [wallet] [restartedMain] org.hibernate.type.BasicTypeRegistry     : Adding type registration imm_calendar_time -> org.hibernate.type.BasicTypeReference@128c1689
2024-09-26T18:45:06.993+01:00 DEBUG 3124 --- [wallet] [restartedMain] org.hibernate.type.BasicTypeRegistry     : Adding type registration imm_binary -> org.hibernate.type.BasicTypeReference@6fd1fc9f
2024-09-26T18:45:06.993+01:00 DEBUG 3124 --- [wallet] [restartedMain] org.hibernate.type.BasicTypeRegistry     : Adding type registration imm_serializable -> org.hibernate.type.BasicTypeReference@25807616
2024-09-26T18:45:07.001+01:00 DEBUG 3124 --- [wallet] [restartedMain] o.h.boot.internal.BootstrapContextImpl   : Injecting JPA temp ClassLoader [org.springframework.instrument.classloading.SimpleThrowawayClassLoader@5c96374] into BootstrapContext; was [null]
2024-09-26T18:45:07.001+01:00 DEBUG 3124 --- [wallet] [restartedMain] o.h.boot.internal.ClassLoaderAccessImpl  : ClassLoaderAccessImpl#injectTempClassLoader(org.springframework.instrument.classloading.SimpleThrowawayClassLoader@5c96374) [was null]
2024-09-26T18:45:07.001+01:00 DEBUG 3124 --- [wallet] [restartedMain] o.h.boot.internal.BootstrapContextImpl   : Injecting ScanEnvironment [org.hibernate.jpa.boot.internal.StandardJpaScanEnvironmentImpl@4ee41483] into BootstrapContext; was [null]
2024-09-26T18:45:07.009+01:00 DEBUG 3124 --- [wallet] [restartedMain] o.h.boot.internal.BootstrapContextImpl   : Injecting ScanOptions [org.hibernate.boot.archive.scan.internal.StandardScanOptions@212b5341] into BootstrapContext; was [org.hibernate.boot.archive.scan.internal.StandardScanOptions@64db1358]
2024-09-26T18:45:07.353+01:00  INFO 3124 --- [wallet] [restartedMain] o.s.o.j.p.SpringPersistenceUnitInfo      : No LoadTimeWeaver setup: ignoring JPA class transformer
2024-09-26T18:45:07.353+01:00 DEBUG 3124 --- [wallet] [restartedMain] o.h.boot.internal.BootstrapContextImpl   : Injecting JPA temp ClassLoader [null] into BootstrapContext; was [org.springframework.instrument.classloading.SimpleThrowawayClassLoader@5c96374]
2024-09-26T18:45:07.353+01:00 DEBUG 3124 --- [wallet] [restartedMain] o.h.boot.internal.ClassLoaderAccessImpl  : ClassLoaderAccessImpl#injectTempClassLoader(null) [was org.springframework.instrument.classloading.SimpleThrowawayClassLoader@5c96374]
2024-09-26T18:45:07.409+01:00 DEBUG 3124 --- [wallet] [restartedMain] o.h.e.j.e.i.JdbcEnvironmentInitiator     : Database ->
	   name : MariaDB
	version : 11.4.2-MariaDB
	  major : 11
	  minor : 4
2024-09-26T18:45:07.409+01:00 DEBUG 3124 --- [wallet] [restartedMain] o.h.e.j.e.i.JdbcEnvironmentInitiator     : Driver ->
	   name : MariaDB Connector/J
	version : 3.4.1
	  major : 3
	  minor : 4
2024-09-26T18:45:07.409+01:00 DEBUG 3124 --- [wallet] [restartedMain] o.h.e.j.e.i.JdbcEnvironmentInitiator     : JDBC version : 4.2
2024-09-26T18:45:07.441+01:00  WARN 3124 --- [wallet] [restartedMain] org.hibernate.orm.deprecation            : HHH90000025: MariaDBDialect does not need to be specified explicitly using 'hibernate.dialect' (remove the property setting and it will be selected by default)
2024-09-26T18:45:07.449+01:00 DEBUG 3124 --- [wallet] [restartedMain] org.hibernate.orm.dialect                : HHH035001: Using dialect: org.hibernate.dialect.MariaDBDialect, version: 11.4.2
2024-09-26T18:45:07.457+01:00 DEBUG 3124 --- [wallet] [restartedMain] o.h.e.j.env.spi.IdentifierHelperBuilder  : IdentifierCaseStrategy for both quoted and unquoted identifiers was set to the same strategy [LOWER]; that will likely lead to problems in schema update and validation if using quoted identifiers
2024-09-26T18:45:07.473+01:00  INFO 3124 --- [wallet] [restartedMain] org.hibernate.orm.connections.pooling    : HHH10001005: Database info:
	Database JDBC URL [Connecting through datasource 'HikariDataSource (HikariPool-1)']
	Database driver: undefined/unknown
	Database version: 11.4.2
	Autocommit mode: undefined/unknown
	Isolation level: undefined/unknown
	Minimum pool size: undefined/unknown
	Maximum pool size: undefined/unknown
2024-09-26T18:45:07.489+01:00 DEBUG 3124 --- [wallet] [restartedMain] o.h.t.d.sql.spi.DdlTypeRegistry          : addDescriptor(12, org.hibernate.type.descriptor.sql.internal.CapacityDependentDdlType@20d88600) replaced previous registration(org.hibernate.type.descriptor.sql.internal.CapacityDependentDdlType@29b4ff2a)
2024-09-26T18:45:07.489+01:00 DEBUG 3124 --- [wallet] [restartedMain] o.h.t.d.sql.spi.DdlTypeRegistry          : addDescriptor(-9, org.hibernate.type.descriptor.sql.internal.CapacityDependentDdlType@36e23848) replaced previous registration(org.hibernate.type.descriptor.sql.internal.CapacityDependentDdlType@3531fdb0)
2024-09-26T18:45:07.489+01:00 DEBUG 3124 --- [wallet] [restartedMain] o.h.t.d.sql.spi.DdlTypeRegistry          : addDescriptor(-3, org.hibernate.type.descriptor.sql.internal.CapacityDependentDdlType@51bd8590) replaced previous registration(org.hibernate.type.descriptor.sql.internal.CapacityDependentDdlType@5f7e7d22)
2024-09-26T18:45:07.489+01:00 DEBUG 3124 --- [wallet] [restartedMain] o.h.t.d.sql.spi.DdlTypeRegistry          : addDescriptor(4003, org.hibernate.type.descriptor.sql.internal.DdlTypeImpl@78f92efd) replaced previous registration(org.hibernate.type.descriptor.sql.internal.DdlTypeImpl@421f902f)
2024-09-26T18:45:07.489+01:00 DEBUG 3124 --- [wallet] [restartedMain] o.h.t.d.sql.spi.DdlTypeRegistry          : addDescriptor(4001, org.hibernate.type.descriptor.sql.internal.DdlTypeImpl@7fb31cf9) replaced previous registration(org.hibernate.type.descriptor.sql.internal.DdlTypeImpl@5388f940)
2024-09-26T18:45:07.497+01:00 DEBUG 3124 --- [wallet] [restartedMain] o.h.t.d.sql.spi.DdlTypeRegistry          : addDescriptor(4002, org.hibernate.type.descriptor.sql.internal.DdlTypeImpl@6237bb0a) replaced previous registration(org.hibernate.type.descriptor.sql.internal.DdlTypeImpl@5c97c18b)
2024-09-26T18:45:07.497+01:00 DEBUG 3124 --- [wallet] [restartedMain] o.h.t.d.sql.spi.DdlTypeRegistry          : addDescriptor(2004, org.hibernate.type.descriptor.sql.internal.CapacityDependentDdlType@3ba44a34) replaced previous registration(org.hibernate.type.descriptor.sql.internal.DdlTypeImpl@2ff2f6f9)
2024-09-26T18:45:07.497+01:00 DEBUG 3124 --- [wallet] [restartedMain] o.h.t.d.sql.spi.DdlTypeRegistry          : addDescriptor(2005, org.hibernate.type.descriptor.sql.internal.CapacityDependentDdlType@70c2f7e6) replaced previous registration(org.hibernate.type.descriptor.sql.internal.DdlTypeImpl@12bbebec)
2024-09-26T18:45:07.497+01:00 DEBUG 3124 --- [wallet] [restartedMain] o.h.t.d.sql.spi.DdlTypeRegistry          : addDescriptor(2011, org.hibernate.type.descriptor.sql.internal.CapacityDependentDdlType@b57f665) replaced previous registration(org.hibernate.type.descriptor.sql.internal.DdlTypeImpl@33aa8cc8)
2024-09-26T18:45:07.513+01:00 DEBUG 3124 --- [wallet] [restartedMain] org.hibernate.type.BasicTypeRegistry     : Adding type registration null -> org.hibernate.type.NullType@25cdac28
2024-09-26T18:45:07.513+01:00 DEBUG 3124 --- [wallet] [restartedMain] org.hibernate.type.BasicTypeRegistry     : Type registration key [null] overrode previous entry : `org.hibernate.type.NullType@4da2276`
2024-09-26T18:45:07.513+01:00 DEBUG 3124 --- [wallet] [restartedMain] org.hibernate.type.BasicTypeRegistry     : Adding type registration org.hibernate.type.DurationType -> basicType@1(java.time.Duration,3015)
2024-09-26T18:45:07.521+01:00 DEBUG 3124 --- [wallet] [restartedMain] org.hibernate.type.BasicTypeRegistry     : Adding type registration Duration -> basicType@1(java.time.Duration,3015)
2024-09-26T18:45:07.521+01:00 DEBUG 3124 --- [wallet] [restartedMain] org.hibernate.type.BasicTypeRegistry     : Adding type registration java.time.Duration -> basicType@1(java.time.Duration,3015)
2024-09-26T18:45:07.529+01:00 DEBUG 3124 --- [wallet] [restartedMain] org.hibernate.type.BasicTypeRegistry     : Adding type registration org.hibernate.type.OffsetDateTimeType -> basicType@2(java.time.OffsetDateTime,3003)
2024-09-26T18:45:07.529+01:00 DEBUG 3124 --- [wallet] [restartedMain] org.hibernate.type.BasicTypeRegistry     : Adding type registration OffsetDateTime -> basicType@2(java.time.OffsetDateTime,3003)
2024-09-26T18:45:07.529+01:00 DEBUG 3124 --- [wallet] [restartedMain] org.hibernate.type.BasicTypeRegistry     : Adding type registration java.time.OffsetDateTime -> basicType@2(java.time.OffsetDateTime,3003)
2024-09-26T18:45:07.529+01:00 DEBUG 3124 --- [wallet] [restartedMain] org.hibernate.type.BasicTypeRegistry     : Adding type registration org.hibernate.type.ZonedDateTimeType -> basicType@3(java.time.ZonedDateTime,3003)
2024-09-26T18:45:07.529+01:00 DEBUG 3124 --- [wallet] [restartedMain] org.hibernate.type.BasicTypeRegistry     : Adding type registration ZonedDateTime -> basicType@3(java.time.ZonedDateTime,3003)
2024-09-26T18:45:07.529+01:00 DEBUG 3124 --- [wallet] [restartedMain] org.hibernate.type.BasicTypeRegistry     : Adding type registration java.time.ZonedDateTime -> basicType@3(java.time.ZonedDateTime,3003)
2024-09-26T18:45:07.529+01:00 DEBUG 3124 --- [wallet] [restartedMain] org.hibernate.type.BasicTypeRegistry     : Adding type registration org.hibernate.type.OffsetTimeType -> basicType@4(java.time.OffsetTime,3007)
2024-09-26T18:45:07.529+01:00 DEBUG 3124 --- [wallet] [restartedMain] org.hibernate.type.BasicTypeRegistry     : Adding type registration OffsetTime -> basicType@4(java.time.OffsetTime,3007)
2024-09-26T18:45:07.529+01:00 DEBUG 3124 --- [wallet] [restartedMain] org.hibernate.type.BasicTypeRegistry     : Adding type registration java.time.OffsetTime -> basicType@4(java.time.OffsetTime,3007)
2024-09-26T18:45:07.534+01:00 DEBUG 3124 --- [wallet] [restartedMain] o.h.type.spi.TypeConfiguration$Scope     : Scoping TypeConfiguration [org.hibernate.type.spi.TypeConfiguration@7b0e4fee] to MetadataBuildingContext [org.hibernate.boot.internal.MetadataBuildingContextRootImpl@76e18601]
2024-09-26T18:45:07.585+01:00 DEBUG 3124 --- [wallet] [restartedMain] o.h.boot.model.relational.Namespace      : Created database namespace [logicalName=Name{catalog=null, schema=null}, physicalName=Name{catalog=null, schema=null}]
2024-09-26T18:45:07.617+01:00 DEBUG 3124 --- [wallet] [restartedMain] o.h.boot.model.internal.EntityBinder     : Binding entity from annotated class: com.example.wallet.Entities.Operation
2024-09-26T18:45:07.635+01:00 DEBUG 3124 --- [wallet] [restartedMain] o.h.boot.model.internal.EntityBinder     : Import with entity name Operation
2024-09-26T18:45:07.641+01:00 DEBUG 3124 --- [wallet] [restartedMain] o.h.boot.model.internal.EntityBinder     : Bind entity com.example.wallet.Entities.Operation on table operation
2024-09-26T18:45:07.657+01:00 DEBUG 3124 --- [wallet] [restartedMain] o.h.boot.model.internal.AnnotatedColumn  : Binding column: AnnotatedDiscriminatorColumn(column='DTYPE')
2024-09-26T18:45:07.681+01:00 DEBUG 3124 --- [wallet] [restartedMain] o.h.boot.model.internal.AnnotatedColumn  : Binding column: AnnotatedColumn(column='Operation_ID')
2024-09-26T18:45:07.681+01:00 DEBUG 3124 --- [wallet] [restartedMain] o.h.boot.internal.ClassLoaderAccessImpl  : Not known whether passed class name [com.example.wallet.Entities.Operation] is safe
2024-09-26T18:45:07.681+01:00 DEBUG 3124 --- [wallet] [restartedMain] o.h.boot.internal.ClassLoaderAccessImpl  : No temp ClassLoader provided; using live ClassLoader for loading potentially unsafe class : com.example.wallet.Entities.Operation
2024-09-26T18:45:07.689+01:00 DEBUG 3124 --- [wallet] [restartedMain] o.h.boot.model.internal.PropertyBinder   : MetadataSourceProcessor property operationId with lazy=false
2024-09-26T18:45:07.697+01:00 DEBUG 3124 --- [wallet] [restartedMain] o.h.b.m.internal.AbstractPropertyHolder  : Attempting to locate auto-apply AttributeConverter for property [com.example.wallet.Entities.Operation:operationId]
2024-09-26T18:45:07.705+01:00 DEBUG 3124 --- [wallet] [restartedMain] o.h.b.model.internal.BasicValueBinder    : building BasicValue for operationId
2024-09-26T18:45:07.705+01:00 DEBUG 3124 --- [wallet] [restartedMain] org.hibernate.mapping.BasicValue         : Skipping column re-registration: operation.operation_id
2024-09-26T18:45:07.705+01:00 DEBUG 3124 --- [wallet] [restartedMain] o.h.boot.model.internal.PropertyBinder   : Building property operationId
2024-09-26T18:45:07.713+01:00 DEBUG 3124 --- [wallet] [restartedMain] o.h.boot.model.internal.BinderHelper     : #makeIdGenerator(BasicValue([Column(operation_id)]), operationId, identity, , ...)
2024-09-26T18:45:07.713+01:00 DEBUG 3124 --- [wallet] [restartedMain] o.h.boot.model.internal.AnnotatedColumn  : Binding column: AnnotatedColumn(column='amount')
2024-09-26T18:45:07.713+01:00 DEBUG 3124 --- [wallet] [restartedMain] o.h.boot.model.internal.PropertyBinder   : MetadataSourceProcessor property amount with lazy=false
2024-09-26T18:45:07.713+01:00 DEBUG 3124 --- [wallet] [restartedMain] o.h.b.m.internal.AbstractPropertyHolder  : Attempting to locate auto-apply AttributeConverter for property [com.example.wallet.Entities.Operation:amount]
2024-09-26T18:45:07.713+01:00 DEBUG 3124 --- [wallet] [restartedMain] o.h.b.model.internal.BasicValueBinder    : building BasicValue for amount
2024-09-26T18:45:07.713+01:00 DEBUG 3124 --- [wallet] [restartedMain] org.hibernate.mapping.BasicValue         : Skipping column re-registration: operation.amount
2024-09-26T18:45:07.721+01:00 DEBUG 3124 --- [wallet] [restartedMain] o.h.boot.model.internal.PropertyBinder   : Building property amount
2024-09-26T18:45:07.721+01:00 DEBUG 3124 --- [wallet] [restartedMain] o.h.boot.model.internal.AnnotatedColumn  : Binding column: AnnotatedColumn(column='Category')
2024-09-26T18:45:07.721+01:00 DEBUG 3124 --- [wallet] [restartedMain] o.h.boot.model.internal.PropertyBinder   : MetadataSourceProcessor property category with lazy=false
2024-09-26T18:45:07.721+01:00 DEBUG 3124 --- [wallet] [restartedMain] o.h.b.m.internal.AbstractPropertyHolder  : Attempting to locate auto-apply AttributeConverter for property [com.example.wallet.Entities.Operation:category]
2024-09-26T18:45:07.721+01:00 DEBUG 3124 --- [wallet] [restartedMain] o.h.b.model.internal.BasicValueBinder    : building BasicValue for category
2024-09-26T18:45:07.721+01:00 DEBUG 3124 --- [wallet] [restartedMain] org.hibernate.mapping.BasicValue         : Skipping column re-registration: operation.category
2024-09-26T18:45:07.721+01:00 DEBUG 3124 --- [wallet] [restartedMain] o.h.boot.model.internal.PropertyBinder   : Building property category
2024-09-26T18:45:07.721+01:00 DEBUG 3124 --- [wallet] [restartedMain] o.h.boot.model.internal.AnnotatedColumn  : Binding column: AnnotatedColumn(column='created_at')
2024-09-26T18:45:07.721+01:00 DEBUG 3124 --- [wallet] [restartedMain] o.h.boot.model.internal.PropertyBinder   : MetadataSourceProcessor property createdAt with lazy=false
2024-09-26T18:45:07.721+01:00 DEBUG 3124 --- [wallet] [restartedMain] o.h.b.m.internal.AbstractPropertyHolder  : Attempting to locate auto-apply AttributeConverter for property [com.example.wallet.Entities.Operation:createdAt]
2024-09-26T18:45:07.721+01:00 DEBUG 3124 --- [wallet] [restartedMain] o.h.b.model.internal.BasicValueBinder    : building BasicValue for createdAt
2024-09-26T18:45:07.721+01:00 DEBUG 3124 --- [wallet] [restartedMain] org.hibernate.mapping.BasicValue         : Skipping column re-registration: operation.created_at
2024-09-26T18:45:07.721+01:00 DEBUG 3124 --- [wallet] [restartedMain] o.h.boot.model.internal.PropertyBinder   : Building property createdAt
2024-09-26T18:45:07.721+01:00 DEBUG 3124 --- [wallet] [restartedMain] o.h.boot.model.internal.AnnotatedColumn  : Binding column: AnnotatedColumn(column='Operation_Type')
2024-09-26T18:45:07.721+01:00 DEBUG 3124 --- [wallet] [restartedMain] o.h.boot.model.internal.PropertyBinder   : MetadataSourceProcessor property operationType with lazy=false
2024-09-26T18:45:07.721+01:00 DEBUG 3124 --- [wallet] [restartedMain] o.h.b.m.internal.AbstractPropertyHolder  : Attempting to locate auto-apply AttributeConverter for property [com.example.wallet.Entities.Operation:operationType]
2024-09-26T18:45:07.721+01:00 DEBUG 3124 --- [wallet] [restartedMain] o.h.b.model.internal.BasicValueBinder    : building BasicValue for operationType
2024-09-26T18:45:07.721+01:00 DEBUG 3124 --- [wallet] [restartedMain] org.hibernate.mapping.BasicValue         : Skipping column re-registration: operation.operation_type
2024-09-26T18:45:07.721+01:00 DEBUG 3124 --- [wallet] [restartedMain] o.h.boot.model.internal.PropertyBinder   : Building property operationType
2024-09-26T18:45:07.721+01:00 DEBUG 3124 --- [wallet] [restartedMain] o.h.boot.model.internal.AnnotatedColumn  : Binding column: AnnotatedColumn(column='updated_at')
2024-09-26T18:45:07.729+01:00 DEBUG 3124 --- [wallet] [restartedMain] o.h.boot.model.internal.PropertyBinder   : MetadataSourceProcessor property updatedAt with lazy=false
2024-09-26T18:45:07.729+01:00 DEBUG 3124 --- [wallet] [restartedMain] o.h.b.m.internal.AbstractPropertyHolder  : Attempting to locate auto-apply AttributeConverter for property [com.example.wallet.Entities.Operation:updatedAt]
2024-09-26T18:45:07.729+01:00 DEBUG 3124 --- [wallet] [restartedMain] o.h.b.model.internal.BasicValueBinder    : building BasicValue for updatedAt
2024-09-26T18:45:07.729+01:00 DEBUG 3124 --- [wallet] [restartedMain] org.hibernate.mapping.BasicValue         : Skipping column re-registration: operation.updated_at
2024-09-26T18:45:07.729+01:00 DEBUG 3124 --- [wallet] [restartedMain] o.h.boot.model.internal.PropertyBinder   : Building property updatedAt
2024-09-26T18:45:07.729+01:00 DEBUG 3124 --- [wallet] [restartedMain] o.h.b.r.c.i.ClassLoaderServiceImpl       : HHH000194: Package not found or no package-info.java: com.example.wallet.Entities
2024-09-26T18:45:07.737+01:00 DEBUG 3124 --- [wallet] [restartedMain] e.i.CallbackDefinitionResolverLegacyImpl : Adding onUpdate as PreUpdate callback for entity com.example.wallet.Entities.Operation
2024-09-26T18:45:07.737+01:00 DEBUG 3124 --- [wallet] [restartedMain] e.i.CallbackDefinitionResolverLegacyImpl : Adding onCreate as PrePersist callback for entity com.example.wallet.Entities.Operation
2024-09-26T18:45:07.737+01:00 DEBUG 3124 --- [wallet] [restartedMain] o.h.boot.model.internal.EntityBinder     : Binding entity from annotated class: com.example.wallet.Entities.User
2024-09-26T18:45:07.737+01:00 DEBUG 3124 --- [wallet] [restartedMain] o.h.boot.model.internal.EntityBinder     : Import with entity name User
2024-09-26T18:45:07.737+01:00 DEBUG 3124 --- [wallet] [restartedMain] o.h.boot.model.internal.EntityBinder     : Bind entity com.example.wallet.Entities.User on table user
2024-09-26T18:45:07.737+01:00 DEBUG 3124 --- [wallet] [restartedMain] o.h.boot.model.internal.AnnotatedColumn  : Binding column: AnnotatedDiscriminatorColumn(column='DTYPE')
2024-09-26T18:45:07.745+01:00 DEBUG 3124 --- [wallet] [restartedMain] o.h.boot.model.internal.AnnotatedColumn  : Binding column: AnnotatedColumn(column='USER_ID')
2024-09-26T18:45:07.745+01:00 DEBUG 3124 --- [wallet] [restartedMain] o.h.boot.internal.ClassLoaderAccessImpl  : Not known whether passed class name [com.example.wallet.Entities.User] is safe
2024-09-26T18:45:07.745+01:00 DEBUG 3124 --- [wallet] [restartedMain] o.h.boot.internal.ClassLoaderAccessImpl  : No temp ClassLoader provided; using live ClassLoader for loading potentially unsafe class : com.example.wallet.Entities.User
2024-09-26T18:45:07.745+01:00 DEBUG 3124 --- [wallet] [restartedMain] o.h.boot.model.internal.PropertyBinder   : MetadataSourceProcessor property USER_ID with lazy=false
2024-09-26T18:45:07.745+01:00 DEBUG 3124 --- [wallet] [restartedMain] o.h.b.m.internal.AbstractPropertyHolder  : Attempting to locate auto-apply AttributeConverter for property [com.example.wallet.Entities.User:USER_ID]
2024-09-26T18:45:07.745+01:00 DEBUG 3124 --- [wallet] [restartedMain] o.h.b.model.internal.BasicValueBinder    : building BasicValue for USER_ID
2024-09-26T18:45:07.745+01:00 DEBUG 3124 --- [wallet] [restartedMain] org.hibernate.mapping.BasicValue         : Skipping column re-registration: user.user_id
2024-09-26T18:45:07.745+01:00 DEBUG 3124 --- [wallet] [restartedMain] o.h.boot.model.internal.PropertyBinder   : Building property USER_ID
2024-09-26T18:45:07.745+01:00 DEBUG 3124 --- [wallet] [restartedMain] o.h.boot.model.internal.BinderHelper     : #makeIdGenerator(BasicValue([Column(user_id)]), USER_ID, identity, , ...)
2024-09-26T18:45:07.745+01:00 DEBUG 3124 --- [wallet] [restartedMain] o.h.boot.model.internal.AnnotatedColumn  : Binding column: AnnotatedColumn(column='Password')
2024-09-26T18:45:07.745+01:00 DEBUG 3124 --- [wallet] [restartedMain] o.h.boot.model.internal.PropertyBinder   : MetadataSourceProcessor property Password with lazy=false
2024-09-26T18:45:07.745+01:00 DEBUG 3124 --- [wallet] [restartedMain] o.h.b.m.internal.AbstractPropertyHolder  : Attempting to locate auto-apply AttributeConverter for property [com.example.wallet.Entities.User:Password]
2024-09-26T18:45:07.745+01:00 DEBUG 3124 --- [wallet] [restartedMain] o.h.b.model.internal.BasicValueBinder    : building BasicValue for Password
2024-09-26T18:45:07.745+01:00 DEBUG 3124 --- [wallet] [restartedMain] org.hibernate.mapping.BasicValue         : Skipping column re-registration: user.password
2024-09-26T18:45:07.745+01:00 DEBUG 3124 --- [wallet] [restartedMain] o.h.boot.model.internal.PropertyBinder   : Building property Password
2024-09-26T18:45:07.745+01:00 DEBUG 3124 --- [wallet] [restartedMain] o.h.boot.model.internal.AnnotatedColumn  : Binding column: AnnotatedColumn(column='username')
2024-09-26T18:45:07.745+01:00 DEBUG 3124 --- [wallet] [restartedMain] o.h.boot.model.internal.PropertyBinder   : MetadataSourceProcessor property username with lazy=false
2024-09-26T18:45:07.753+01:00 DEBUG 3124 --- [wallet] [restartedMain] o.h.b.m.internal.AbstractPropertyHolder  : Attempting to locate auto-apply AttributeConverter for property [com.example.wallet.Entities.User:username]
2024-09-26T18:45:07.753+01:00 DEBUG 3124 --- [wallet] [restartedMain] o.h.b.model.internal.BasicValueBinder    : building BasicValue for username
2024-09-26T18:45:07.753+01:00 DEBUG 3124 --- [wallet] [restartedMain] org.hibernate.mapping.BasicValue         : Skipping column re-registration: user.username
2024-09-26T18:45:07.753+01:00 DEBUG 3124 --- [wallet] [restartedMain] o.h.boot.model.internal.PropertyBinder   : Building property username
2024-09-26T18:45:07.753+01:00 DEBUG 3124 --- [wallet] [restartedMain] o.h.b.r.c.i.ClassLoaderServiceImpl       : HHH000194: Package not found or no package-info.java: com.example.wallet.Entities
2024-09-26T18:45:07.753+01:00 DEBUG 3124 --- [wallet] [restartedMain] o.h.b.model.internal.BasicValueBinder    : Starting `BasicValueBinder#fillSimpleValue` for operationId
2024-09-26T18:45:07.753+01:00 DEBUG 3124 --- [wallet] [restartedMain] o.h.b.model.internal.BasicValueBinder    : Starting `BasicValueBinder#fillSimpleValue` for amount
2024-09-26T18:45:07.753+01:00 DEBUG 3124 --- [wallet] [restartedMain] o.h.b.model.internal.BasicValueBinder    : Starting `BasicValueBinder#fillSimpleValue` for category
2024-09-26T18:45:07.761+01:00 DEBUG 3124 --- [wallet] [restartedMain] o.h.b.model.internal.BasicValueBinder    : Starting `BasicValueBinder#fillSimpleValue` for createdAt
2024-09-26T18:45:07.761+01:00 DEBUG 3124 --- [wallet] [restartedMain] o.h.b.model.internal.BasicValueBinder    : Starting `BasicValueBinder#fillSimpleValue` for operationType
2024-09-26T18:45:07.761+01:00 DEBUG 3124 --- [wallet] [restartedMain] o.h.b.model.internal.BasicValueBinder    : Starting `BasicValueBinder#fillSimpleValue` for updatedAt
2024-09-26T18:45:07.761+01:00 DEBUG 3124 --- [wallet] [restartedMain] o.h.b.model.internal.BasicValueBinder    : Starting `BasicValueBinder#fillSimpleValue` for USER_ID
2024-09-26T18:45:07.761+01:00 DEBUG 3124 --- [wallet] [restartedMain] o.h.b.model.internal.BasicValueBinder    : Starting `BasicValueBinder#fillSimpleValue` for Password
2024-09-26T18:45:07.761+01:00 DEBUG 3124 --- [wallet] [restartedMain] o.h.b.model.internal.BasicValueBinder    : Starting `BasicValueBinder#fillSimpleValue` for username
2024-09-26T18:45:07.761+01:00 DEBUG 3124 --- [wallet] [restartedMain] org.hibernate.mapping.PrimaryKey         : Forcing column [operation_id] to be non-null as it is part of the primary key for table [operation]
2024-09-26T18:45:07.761+01:00 DEBUG 3124 --- [wallet] [restartedMain] org.hibernate.mapping.PrimaryKey         : Forcing column [user_id] to be non-null as it is part of the primary key for table [user]
2024-09-26T18:45:07.835+01:00 DEBUG 3124 --- [wallet] [restartedMain] o.hibernate.internal.SessionFactoryImpl  : Building session factory
2024-09-26T18:45:07.875+01:00 DEBUG 3124 --- [wallet] [restartedMain] .h.s.i.SessionFactoryServiceRegistryImpl : EventListenerRegistry access via ServiceRegistry is deprecated.  Use `sessionFactory.getEventEngine().getListenerRegistry()` instead
2024-09-26T18:45:07.883+01:00 DEBUG 3124 --- [wallet] [restartedMain] o.hibernate.internal.SessionFactoryImpl  : Instantiating SessionFactory with settings: {java.specification.version=17, sun.cpu.isalist=amd64, hibernate.resource.beans.container=org.springframework.orm.hibernate5.SpringBeanContainer@770117ec, hibernate.connection.handling_mode=DELAYED_ACQUISITION_AND_HOLD, sun.jnu.encoding=Cp1252, hibernate.dialect=org.hibernate.dialect.MariaDBDialect, hibernate.implicit_naming_strategy=org.springframework.boot.orm.jpa.hibernate.SpringImplicitNamingStrategy, java.class.path=C:\Users\User\Downloads\MyWallet - Copie 6\wallet\target\classes;C:\Users\User\.m2\repository\org\springframework\boot\spring-boot-starter-data-jpa\3.4.0-SNAPSHOT\spring-boot-starter-data-jpa-3.4.0-SNAPSHOT.jar;C:\Users\User\.m2\repository\org\springframework\boot\spring-boot-starter-aop\3.4.0-SNAPSHOT\spring-boot-starter-aop-3.4.0-SNAPSHOT.jar;C:\Users\User\.m2\repository\org\springframework\spring-aop\6.2.0-RC1\spring-aop-6.2.0-RC1.jar;C:\Users\User\.m2\repository\org\aspectj\aspectjweaver\1.9.22.1\aspectjweaver-1.9.22.1.jar;C:\Users\User\.m2\repository\org\hibernate\orm\hibernate-core\6.6.1.Final\hibernate-core-6.6.1.Final.jar;C:\Users\User\.m2\repository\jakarta\persistence\jakarta.persistence-api\3.1.0\jakarta.persistence-api-3.1.0.jar;C:\Users\User\.m2\repository\jakarta\transaction\jakarta.transaction-api\2.0.1\jakarta.transaction-api-2.0.1.jar;C:\Users\User\.m2\repository\org\jboss\logging\jboss-logging\3.6.1.Final\jboss-logging-3.6.1.Final.jar;C:\Users\User\.m2\repository\org\hibernate\common\hibernate-commons-annotations\7.0.1.Final\hibernate-commons-annotations-7.0.1.Final.jar;C:\Users\User\.m2\repository\io\smallrye\jandex\3.2.0\jandex-3.2.0.jar;C:\Users\User\.m2\repository\com\fasterxml\classmate\1.7.0\classmate-1.7.0.jar;C:\Users\User\.m2\repository\net\bytebuddy\byte-buddy\1.15.1\byte-buddy-1.15.1.jar;C:\Users\User\.m2\repository\org\glassfish\jaxb\jaxb-runtime\4.0.5\jaxb-runtime-4.0.5.jar;C:\Users\User\.m2\repository\org\glassfish\jaxb\jaxb-core\4.0.5\jaxb-core-4.0.5.jar;C:\Users\User\.m2\repository\org\eclipse\angus\angus-activation\2.0.2\angus-activation-2.0.2.jar;C:\Users\User\.m2\repository\org\glassfish\jaxb\txw2\4.0.5\txw2-4.0.5.jar;C:\Users\User\.m2\repository\com\sun\istack\istack-commons-runtime\4.1.2\istack-commons-runtime-4.1.2.jar;C:\Users\User\.m2\repository\jakarta\inject\jakarta.inject-api\2.0.1\jakarta.inject-api-2.0.1.jar;C:\Users\User\.m2\repository\org\antlr\antlr4-runtime\4.13.0\antlr4-runtime-4.13.0.jar;C:\Users\User\.m2\repository\org\springframework\data\spring-data-jpa\3.4.0-M1\spring-data-jpa-3.4.0-M1.jar;C:\Users\User\.m2\repository\org\springframework\data\spring-data-commons\3.4.0-M1\spring-data-commons-3.4.0-M1.jar;C:\Users\User\.m2\repository\org\springframework\spring-orm\6.2.0-RC1\spring-orm-6.2.0-RC1.jar;C:\Users\User\.m2\repository\org\springframework\spring-context\6.2.0-RC1\spring-context-6.2.0-RC1.jar;C:\Users\User\.m2\repository\org\springframework\spring-tx\6.2.0-RC1\spring-tx-6.2.0-RC1.jar;C:\Users\User\.m2\repository\org\springframework\spring-beans\6.2.0-RC1\spring-beans-6.2.0-RC1.jar;C:\Users\User\.m2\repository\jakarta\annotation\jakarta.annotation-api\2.1.1\jakarta.annotation-api-2.1.1.jar;C:\Users\User\.m2\repository\org\slf4j\slf4j-api\2.0.16\slf4j-api-2.0.16.jar;C:\Users\User\.m2\repository\org\springframework\spring-aspects\6.2.0-RC1\spring-aspects-6.2.0-RC1.jar;C:\Users\User\.m2\repository\org\springframework\boot\spring-boot-starter-thymeleaf\3.4.0-SNAPSHOT\spring-boot-starter-thymeleaf-3.4.0-SNAPSHOT.jar;C:\Users\User\.m2\repository\org\springframework\boot\spring-boot-starter\3.4.0-SNAPSHOT\spring-boot-starter-3.4.0-SNAPSHOT.jar;C:\Users\User\.m2\repository\org\springframework\boot\spring-boot-starter-logging\3.4.0-SNAPSHOT\spring-boot-starter-logging-3.4.0-SNAPSHOT.jar;C:\Users\User\.m2\repository\ch\qos\logback\logback-classic\1.5.8\logback-classic-1.5.8.jar;C:\Users\User\.m2\repository\ch\qos\logback\logback-core\1.5.8\logback-core-1.5.8.jar;C:\Users\User\.m2\repository\org\apache\logging\log4j\log4j-to-slf4j\2.24.0\log4j-to-slf4j-2.24.0.jar;C:\Users\User\.m2\repository\org\apache\logging\log4j\log4j-api\2.24.0\log4j-api-2.24.0.jar;C:\Users\User\.m2\repository\org\slf4j\jul-to-slf4j\2.0.16\jul-to-slf4j-2.0.16.jar;C:\Users\User\.m2\repository\org\yaml\snakeyaml\2.3\snakeyaml-2.3.jar;C:\Users\User\.m2\repository\org\thymeleaf\thymeleaf-spring6\3.1.2.RELEASE\thymeleaf-spring6-3.1.2.RELEASE.jar;C:\Users\User\.m2\repository\org\thymeleaf\thymeleaf\3.1.2.RELEASE\thymeleaf-3.1.2.RELEASE.jar;C:\Users\User\.m2\repository\org\attoparser\attoparser\2.0.7.RELEASE\attoparser-2.0.7.RELEASE.jar;C:\Users\User\.m2\repository\org\unbescape\unbescape\1.1.6.RELEASE\unbescape-1.1.6.RELEASE.jar;C:\Users\User\.m2\repository\org\springframework\boot\spring-boot-starter-web\3.4.0-SNAPSHOT\spring-boot-starter-web-3.4.0-SNAPSHOT.jar;C:\Users\User\.m2\repository\org\springframework\boot\spring-boot-starter-json\3.4.0-SNAPSHOT\spring-boot-starter-json-3.4.0-SNAPSHOT.jar;C:\Users\User\.m2\repository\com\fasterxml\jackson\core\jackson-databind\2.17.2\jackson-databind-2.17.2.jar;C:\Users\User\.m2\repository\com\fasterxml\jackson\core\jackson-annotations\2.17.2\jackson-annotations-2.17.2.jar;C:\Users\User\.m2\repository\com\fasterxml\jackson\core\jackson-core\2.17.2\jackson-core-2.17.2.jar;C:\Users\User\.m2\repository\com\fasterxml\jackson\datatype\jackson-datatype-jdk8\2.17.2\jackson-datatype-jdk8-2.17.2.jar;C:\Users\User\.m2\repository\com\fasterxml\jackson\datatype\jackson-datatype-jsr310\2.17.2\jackson-datatype-jsr310-2.17.2.jar;C:\Users\User\.m2\repository\com\fasterxml\jackson\module\jackson-module-parameter-names\2.17.2\jackson-module-parameter-names-2.17.2.jar;C:\Users\User\.m2\repository\org\springframework\boot\spring-boot-starter-tomcat\3.4.0-SNAPSHOT\spring-boot-starter-tomcat-3.4.0-SNAPSHOT.jar;C:\Users\User\.m2\repository\org\apache\tomcat\embed\tomcat-embed-core\10.1.30\tomcat-embed-core-10.1.30.jar;C:\Users\User\.m2\repository\org\apache\tomcat\embed\tomcat-embed-el\10.1.30\tomcat-embed-el-10.1.30.jar;C:\Users\User\.m2\repository\org\apache\tomcat\embed\tomcat-embed-websocket\10.1.30\tomcat-embed-websocket-10.1.30.jar;C:\Users\User\.m2\repository\org\springframework\spring-web\6.2.0-RC1\spring-web-6.2.0-RC1.jar;C:\Users\User\.m2\repository\io\micrometer\micrometer-observation\1.14.0-M3\micrometer-observation-1.14.0-M3.jar;C:\Users\User\.m2\repository\io\micrometer\micrometer-commons\1.14.0-M3\micrometer-commons-1.14.0-M3.jar;C:\Users\User\.m2\repository\org\springframework\spring-webmvc\6.2.0-RC1\spring-webmvc-6.2.0-RC1.jar;C:\Users\User\.m2\repository\org\springframework\spring-expression\6.2.0-RC1\spring-expression-6.2.0-RC1.jar;C:\Users\User\.m2\repository\org\springframework\boot\spring-boot-devtools\3.4.0-SNAPSHOT\spring-boot-devtools-3.4.0-SNAPSHOT.jar;C:\Users\User\.m2\repository\org\springframework\boot\spring-boot\3.4.0-SNAPSHOT\spring-boot-3.4.0-SNAPSHOT.jar;C:\Users\User\.m2\repository\org\springframework\boot\spring-boot-autoconfigure\3.4.0-SNAPSHOT\spring-boot-autoconfigure-3.4.0-SNAPSHOT.jar;C:\Users\User\.m2\repository\org\mariadb\jdbc\mariadb-java-client\3.4.1\mariadb-java-client-3.4.1.jar;C:\Users\User\.m2\repository\com\github\waffle\waffle-jna\3.3.0\waffle-jna-3.3.0.jar;C:\Users\User\.m2\repository\net\java\dev\jna\jna\5.13.0\jna-5.13.0.jar;C:\Users\User\.m2\repository\net\java\dev\jna\jna-platform\5.13.0\jna-platform-5.13.0.jar;C:\Users\User\.m2\repository\org\slf4j\jcl-over-slf4j\2.0.16\jcl-over-slf4j-2.0.16.jar;C:\Users\User\.m2\repository\com\github\ben-manes\caffeine\caffeine\3.1.8\caffeine-3.1.8.jar;C:\Users\User\.m2\repository\com\google\errorprone\error_prone_annotations\2.21.1\error_prone_annotations-2.21.1.jar;C:\Users\User\.m2\repository\org\checkerframework\checker-qual\3.32.0\checker-qual-3.32.0.jar;C:\Users\User\.m2\repository\org\projectlombok\lombok\1.18.34\lombok-1.18.34.jar;C:\Users\User\.m2\repository\jakarta\xml\bind\jakarta.xml.bind-api\4.0.2\jakarta.xml.bind-api-4.0.2.jar;C:\Users\User\.m2\repository\jakarta\activation\jakarta.activation-api\2.1.3\jakarta.activation-api-2.1.3.jar;C:\Users\User\.m2\repository\org\springframework\spring-core\6.2.0-RC1\spring-core-6.2.0-RC1.jar;C:\Users\User\.m2\repository\org\springframework\spring-jcl\6.2.0-RC1\spring-jcl-6.2.0-RC1.jar;C:\Users\User\.m2\repository\org\springframework\boot\spring-boot-starter-jdbc\3.4.0-SNAPSHOT\spring-boot-starter-jdbc-3.4.0-SNAPSHOT.jar;C:\Users\User\.m2\repository\com\zaxxer\HikariCP\5.1.0\HikariCP-5.1.0.jar;C:\Users\User\.m2\repository\org\springframework\spring-jdbc\6.2.0-RC1\spring-jdbc-6.2.0-RC1.jar, java.vm.vendor=Oracle Corporation, LOG_PATH=/var/logs/myapp, sun.arch.data.model=64, user.variant=, java.vendor.url=https://java.oracle.com/, catalina.useNaming=false, user.timezone=Africa/Tunis, jakarta.persistence.sharedCache.mode=UNSPECIFIED, org.jboss.logging.provider=slf4j, java.vm.specification.version=17, os.name=Windows 11, APPLICATION_NAME=wallet, jakarta.persistence.nonJtaDataSource=HikariDataSource (HikariPool-1), sun.java.launcher=SUN_STANDARD, user.country=FR, sun.boot.library.path=C:\Program Files\Java\jdk-17\bin, sun.java.command=com.example.wallet.WalletApplication, javax.persistence.nonJtaDataSource=HikariDataSource (HikariPool-1), hibernate.transaction.jta.platform=org.hibernate.engine.transaction.jta.platform.internal.NoJtaPlatform@3b3dee25, jdk.debug=release, sun.cpu.endian=little, hibernate.cdi.extensions=true, user.home=C:\Users\User, user.language=fr, sun.stderr.encoding=cp850, java.specification.vendor=Oracle Corporation, java.version.date=2023-07-18, java.home=C:\Program Files\Java\jdk-17, file.separator=\, java.vm.compressedOopsMode=Zero based, line.separator=
, sun.stdout.encoding=cp850, hibernate.persistenceUnitName=default, java.vm.specification.vendor=Oracle Corporation, java.specification.name=Java Platform API Specification, FILE_LOG_CHARSET=windows-1252, hibernate.transaction.coordinator_class=class org.hibernate.resource.transaction.backend.jdbc.internal.JdbcResourceLocalTransactionCoordinatorBuilderImpl, java.awt.headless=true, jakarta.persistence.validation.mode=AUTO, user.script=, sun.management.compiler=HotSpot 64-Bit Tiered Compilers, java.runtime.version=17.0.8+9-LTS-211, user.name=User, path.separator=;, os.version=10.0, java.runtime.name=Java(TM) SE Runtime Environment, file.encoding=Cp1252, java.vm.name=Java HotSpot(TM) 64-Bit Server VM, LOG_FILE=app.log, java.vendor.url.bug=https://bugreport.java.com/bugreport/, java.io.tmpdir=C:\Users\User\AppData\Local\Temp\, com.zaxxer.hikari.pool_number=1, catalina.home=C:\Users\User\AppData\Local\Temp\tomcat.8081.602851282119531338, java.version=17.0.8, hibernate.physical_naming_strategy=org.hibernate.boot.model.naming.CamelCaseToUnderscoresNamingStrategy, user.dir=C:\Users\User\Downloads\MyWallet - Copie 6, os.arch=amd64, java.vm.specification.name=Java Virtual Machine Specification, PID=3124, sun.os.patch.level=, CONSOLE_LOG_CHARSET=windows-1252, catalina.base=C:\Users\User\AppData\Local\Temp\tomcat.8081.602851282119531338, hibernate.boot.CfgXmlAccessService.key=org.hibernate.boot.registry.StandardServiceRegistryBuilder$1@32d6eac2, native.encoding=Cp1252, java.library.path=C:\Program Files\Java\jdk-17\bin;C:\Windows\Sun\Java\bin;C:\Windows\system32;C:\Windows;C:\app\User\product\21c\dbhomeXE\bin;C:\Program Files\Common Files\Oracle\Java\javapath;C:\Windows\system32;C:\Windows;C:\Windows\System32\Wbem;C:\Windows\System32\WindowsPowerShell\v1.0\;C:\Windows\System32\OpenSSH\;C:\Program Files\nodejs\;C:\Users\User\AppData\Local\Programs\Python\Python312\Scripts\;C:\Users\User\AppData\Local\Programs\Python\Python312\;C:\Users\User\AppData\Local\Microsoft\WindowsApps;C:\Users\User\AppData\Local\Programs\Microsoft VS Code\bin;C:\Users\User\AppData\Roaming\npm;C:\Users\User\AppData\Local\GitHubDesktop\bin;D:\xampp\php;;., java.vendor=Oracle Corporation, java.vm.info=mixed mode, sharing, java.vm.version=17.0.8+9-LTS-211, sun.io.unicode.encoding=UnicodeLittle, hibernate.archive.scanner=org.hibernate.boot.archive.scan.internal.DisabledScanner, hibernate.connection.datasource=HikariDataSource (HikariPool-1), CONSOLE_LOG_PATTERN=%d{yyyy-MM-dd HH:mm:ss} - %msg%n, java.class.version=61.0, LOGGED_APPLICATION_NAME=[wallet] }
2024-09-26T18:45:07.899+01:00 DEBUG 3124 --- [wallet] [restartedMain] o.hibernate.internal.SessionFactoryImpl  : Session factory constructed with filter configurations : {}
2024-09-26T18:45:07.907+01:00 DEBUG 3124 --- [wallet] [restartedMain] .h.t.s.s.SchemaManagementToolCoordinator : No schema actions specified for contributor `orm`; doing nothing
2024-09-26T18:45:07.963+01:00 DEBUG 3124 --- [wallet] [restartedMain] o.h.q.sqm.function.SqmFunctionRegistry   : Registered SqmFunctionTemplate [NamedSqmFunctionTemplate(max)] under max; prior registration was null
2024-09-26T18:45:07.963+01:00 DEBUG 3124 --- [wallet] [restartedMain] o.h.q.sqm.function.SqmFunctionRegistry   : Registered SqmFunctionTemplate [NamedSqmFunctionTemplate(min)] under min; prior registration was null
2024-09-26T18:45:07.963+01:00 DEBUG 3124 --- [wallet] [restartedMain] o.h.q.sqm.function.SqmFunctionRegistry   : Registered SqmFunctionTemplate [NamedSqmFunctionTemplate(sum)] under sum; prior registration was null
2024-09-26T18:45:07.963+01:00 DEBUG 3124 --- [wallet] [restartedMain] o.h.q.sqm.function.SqmFunctionRegistry   : Registered SqmFunctionTemplate [NamedSqmFunctionTemplate(avg)] under avg; prior registration was null
2024-09-26T18:45:07.971+01:00 DEBUG 3124 --- [wallet] [restartedMain] o.h.q.sqm.function.SqmFunctionRegistry   : Registered SqmFunctionTemplate [org.hibernate.dialect.function.CountFunction@7d396e0] under count; prior registration was null
2024-09-26T18:45:07.971+01:00 DEBUG 3124 --- [wallet] [restartedMain] o.h.q.sqm.function.SqmFunctionRegistry   : Registered SqmFunctionTemplate [org.hibernate.dialect.function.EveryAnyEmulation@6b70f46e] under every; prior registration was null
2024-09-26T18:45:07.971+01:00 DEBUG 3124 --- [wallet] [restartedMain] o.h.q.sqm.function.SqmFunctionRegistry   : Registered SqmFunctionTemplate [org.hibernate.dialect.function.EveryAnyEmulation@421efb2b] under any; prior registration was null
2024-09-26T18:45:07.971+01:00 DEBUG 3124 --- [wallet] [restartedMain] o.h.q.sqm.function.SqmFunctionRegistry   : Registered SqmFunctionTemplate [NamedSqmFunctionTemplate(floor)] under floor; prior registration was null
2024-09-26T18:45:07.971+01:00 DEBUG 3124 --- [wallet] [restartedMain] o.h.q.sqm.function.SqmFunctionRegistry   : Registered SqmFunctionTemplate [NamedSqmFunctionTemplate(ceiling)] under ceiling; prior registration was null
2024-09-26T18:45:07.971+01:00 DEBUG 3124 --- [wallet] [restartedMain] o.h.q.sqm.function.SqmFunctionRegistry   : Registered SqmFunctionTemplate [NamedSqmFunctionTemplate(mod)] under mod; prior registration was null
2024-09-26T18:45:07.971+01:00 DEBUG 3124 --- [wallet] [restartedMain] o.h.q.sqm.function.SqmFunctionRegistry   : Registered SqmFunctionTemplate [NamedSqmFunctionTemplate(abs)] under abs; prior registration was null
2024-09-26T18:45:07.971+01:00 DEBUG 3124 --- [wallet] [restartedMain] o.h.q.sqm.function.SqmFunctionRegistry   : Registered SqmFunctionTemplate [NamedSqmFunctionTemplate(sign)] under sign; prior registration was null
2024-09-26T18:45:07.971+01:00 DEBUG 3124 --- [wallet] [restartedMain] o.h.q.sqm.function.SqmFunctionRegistry   : Registered SqmFunctionTemplate [NamedSqmFunctionTemplate(sqrt)] under sqrt; prior registration was null
2024-09-26T18:45:07.979+01:00 DEBUG 3124 --- [wallet] [restartedMain] o.h.q.sqm.function.SqmFunctionRegistry   : Registered SqmFunctionTemplate [NamedSqmFunctionTemplate(ln)] under ln; prior registration was null
2024-09-26T18:45:07.979+01:00 DEBUG 3124 --- [wallet] [restartedMain] o.h.q.sqm.function.SqmFunctionRegistry   : Registered SqmFunctionTemplate [NamedSqmFunctionTemplate(exp)] under exp; prior registration was null
2024-09-26T18:45:07.979+01:00 DEBUG 3124 --- [wallet] [restartedMain] o.h.q.sqm.function.SqmFunctionRegistry   : Registered SqmFunctionTemplate [NamedSqmFunctionTemplate(power)] under power; prior registration was null
2024-09-26T18:45:07.979+01:00 DEBUG 3124 --- [wallet] [restartedMain] o.h.q.sqm.function.SqmFunctionRegistry   : Registered SqmFunctionTemplate [NamedSqmFunctionTemplate(round)] under round; prior registration was null
2024-09-26T18:45:07.979+01:00 DEBUG 3124 --- [wallet] [restartedMain] o.h.q.sqm.function.SqmFunctionRegistry   : Registered SqmFunctionTemplate [NamedSqmFunctionTemplate(sin)] under sin; prior registration was null
2024-09-26T18:45:07.979+01:00 DEBUG 3124 --- [wallet] [restartedMain] o.h.q.sqm.function.SqmFunctionRegistry   : Registered SqmFunctionTemplate [NamedSqmFunctionTemplate(cos)] under cos; prior registration was null
2024-09-26T18:45:07.979+01:00 DEBUG 3124 --- [wallet] [restartedMain] o.h.q.sqm.function.SqmFunctionRegistry   : Registered SqmFunctionTemplate [NamedSqmFunctionTemplate(tan)] under tan; prior registration was null
2024-09-26T18:45:07.979+01:00 DEBUG 3124 --- [wallet] [restartedMain] o.h.q.sqm.function.SqmFunctionRegistry   : Registered SqmFunctionTemplate [NamedSqmFunctionTemplate(asin)] under asin; prior registration was null
2024-09-26T18:45:07.979+01:00 DEBUG 3124 --- [wallet] [restartedMain] o.h.q.sqm.function.SqmFunctionRegistry   : Registered SqmFunctionTemplate [NamedSqmFunctionTemplate(acos)] under acos; prior registration was null
2024-09-26T18:45:07.979+01:00 DEBUG 3124 --- [wallet] [restartedMain] o.h.q.sqm.function.SqmFunctionRegistry   : Registered SqmFunctionTemplate [NamedSqmFunctionTemplate(atan)] under atan; prior registration was null
2024-09-26T18:45:07.979+01:00 DEBUG 3124 --- [wallet] [restartedMain] o.h.q.sqm.function.SqmFunctionRegistry   : Registered SqmFunctionTemplate [NamedSqmFunctionTemplate(atan2)] under atan2; prior registration was null
2024-09-26T18:45:07.979+01:00 DEBUG 3124 --- [wallet] [restartedMain] o.h.q.sqm.function.SqmFunctionRegistry   : Registered SqmFunctionTemplate [org.hibernate.query.sqm.function.PatternBasedSqmFunctionDescriptor@71892ac4] under sinh; prior registration was null
2024-09-26T18:45:07.979+01:00 DEBUG 3124 --- [wallet] [restartedMain] o.h.q.sqm.function.SqmFunctionRegistry   : Registered SqmFunctionTemplate [org.hibernate.query.sqm.function.PatternBasedSqmFunctionDescriptor@48885021] under cosh; prior registration was null
2024-09-26T18:45:07.987+01:00 DEBUG 3124 --- [wallet] [restartedMain] o.h.q.sqm.function.SqmFunctionRegistry   : Registered SqmFunctionTemplate [org.hibernate.query.sqm.function.PatternBasedSqmFunctionDescriptor@1ecde79] under tanh; prior registration was null
2024-09-26T18:45:07.987+01:00 DEBUG 3124 --- [wallet] [restartedMain] o.h.q.sqm.function.SqmFunctionRegistry   : Registered SqmFunctionTemplate [org.hibernate.query.sqm.function.PatternBasedSqmFunctionDescriptor@2fde5c55] under pi; prior registration was null
2024-09-26T18:45:07.987+01:00 DEBUG 3124 --- [wallet] [restartedMain] o.h.q.sqm.function.SqmFunctionRegistry   : Registered SqmFunctionTemplate [org.hibernate.query.sqm.function.PatternBasedSqmFunctionDescriptor@17b99c60] under log; prior registration was null
2024-09-26T18:45:07.987+01:00 DEBUG 3124 --- [wallet] [restartedMain] o.h.q.sqm.function.SqmFunctionRegistry   : Registered SqmFunctionTemplate [NamedSqmFunctionTemplate(coalesce)] under coalesce; prior registration was null
2024-09-26T18:45:07.987+01:00 DEBUG 3124 --- [wallet] [restartedMain] o.h.q.sqm.function.SqmFunctionRegistry   : Registered SqmFunctionTemplate [NamedSqmFunctionTemplate(nullif)] under nullif; prior registration was null
2024-09-26T18:45:07.987+01:00 DEBUG 3124 --- [wallet] [restartedMain] o.h.q.sqm.function.SqmFunctionRegistry   : Registered SqmFunctionTemplate [NamedSqmFunctionTemplate(left)] under left; prior registration was null
2024-09-26T18:45:07.987+01:00 DEBUG 3124 --- [wallet] [restartedMain] o.h.q.sqm.function.SqmFunctionRegistry   : Registered SqmFunctionTemplate [NamedSqmFunctionTemplate(right)] under right; prior registration was null
2024-09-26T18:45:07.987+01:00 DEBUG 3124 --- [wallet] [restartedMain] o.h.q.sqm.function.SqmFunctionRegistry   : Registered SqmFunctionTemplate [NamedSqmFunctionTemplate(replace)] under replace; prior registration was null
2024-09-26T18:45:07.987+01:00 DEBUG 3124 --- [wallet] [restartedMain] o.h.q.sqm.function.SqmFunctionRegistry   : Registered SqmFunctionTemplate [NamedSqmFunctionTemplate(concat)] under concat; prior registration was null
2024-09-26T18:45:07.987+01:00 DEBUG 3124 --- [wallet] [restartedMain] o.h.q.sqm.function.SqmFunctionRegistry   : Registered SqmFunctionTemplate [NamedSqmFunctionTemplate(lower)] under lower; prior registration was null
2024-09-26T18:45:07.987+01:00 DEBUG 3124 --- [wallet] [restartedMain] o.h.q.sqm.function.SqmFunctionRegistry   : Registered SqmFunctionTemplate [NamedSqmFunctionTemplate(upper)] under upper; prior registration was null
2024-09-26T18:45:07.987+01:00 DEBUG 3124 --- [wallet] [restartedMain] o.h.q.sqm.function.SqmFunctionRegistry   : Registered SqmFunctionTemplate [NamedSqmFunctionTemplate(substring)] under substring; prior registration was null
2024-09-26T18:45:07.987+01:00 DEBUG 3124 --- [wallet] [restartedMain] o.h.q.sqm.function.SqmFunctionRegistry   : Registered SqmFunctionTemplate [NamedSqmFunctionTemplate(locate)] under locate; prior registration was null
2024-09-26T18:45:07.995+01:00 DEBUG 3124 --- [wallet] [restartedMain] o.h.q.sqm.function.SqmFunctionRegistry   : Registered SqmFunctionTemplate [NamedSqmFunctionTemplate(character_length)] under character_length; prior registration was null
2024-09-26T18:45:07.995+01:00 DEBUG 3124 --- [wallet] [restartedMain] o.h.q.sqm.function.SqmFunctionRegistry   : Registering alternate key : length -> character_length
2024-09-26T18:45:07.995+01:00 DEBUG 3124 --- [wallet] [restartedMain] o.h.q.sqm.function.SqmFunctionRegistry   : Registered SqmFunctionTemplate [org.hibernate.dialect.function.LocatePositionEmulation@5ef9cd0b] under position; prior registration was null
2024-09-26T18:45:07.995+01:00 DEBUG 3124 --- [wallet] [restartedMain] o.h.q.sqm.function.SqmFunctionRegistry   : Registered SqmFunctionTemplate [org.hibernate.dialect.function.InsertSubstringOverlayEmulation@1aadd167] under overlay; prior registration was null
2024-09-26T18:45:07.995+01:00 DEBUG 3124 --- [wallet] [restartedMain] o.h.q.sqm.function.SqmFunctionRegistry   : Registered SqmFunctionTemplate [org.hibernate.dialect.function.TrimFunction@745f7d2b] under trim; prior registration was null
2024-09-26T18:45:07.995+01:00 DEBUG 3124 --- [wallet] [restartedMain] o.h.q.sqm.function.SqmFunctionRegistry   : Registered SqmFunctionTemplate [org.hibernate.dialect.function.CastFunction@7b546783] under cast; prior registration was null
2024-09-26T18:45:08.003+01:00 DEBUG 3124 --- [wallet] [restartedMain] o.h.q.sqm.function.SqmFunctionRegistry   : Registered SqmFunctionTemplate [org.hibernate.query.sqm.function.PatternBasedSqmFunctionDescriptor@70565c88] under collate; prior registration was null
2024-09-26T18:45:08.003+01:00 DEBUG 3124 --- [wallet] [restartedMain] o.h.q.sqm.function.SqmFunctionRegistry   : Registered SqmFunctionTemplate [org.hibernate.dialect.function.ExtractFunction@cc4cba] under extract; prior registration was null
2024-09-26T18:45:08.003+01:00 DEBUG 3124 --- [wallet] [restartedMain] o.h.q.sqm.function.SqmFunctionRegistry   : Registered SqmFunctionTemplate [NamedSqmFunctionTemplate(least)] under least; prior registration was null
2024-09-26T18:45:08.003+01:00 DEBUG 3124 --- [wallet] [restartedMain] o.h.q.sqm.function.SqmFunctionRegistry   : Registered SqmFunctionTemplate [NamedSqmFunctionTemplate(greatest)] under greatest; prior registration was null
2024-09-26T18:45:08.003+01:00 DEBUG 3124 --- [wallet] [restartedMain] o.h.q.sqm.function.SqmFunctionRegistry   : Registered SqmFunctionTemplate [org.hibernate.dialect.function.CoalesceIfnullEmulation@4bb873f2] under ifnull; prior registration was null
2024-09-26T18:45:08.003+01:00 DEBUG 3124 --- [wallet] [restartedMain] o.h.q.sqm.function.SqmFunctionRegistry   : Registered SqmFunctionTemplate [NamedSqmFunctionTemplate(lpad)] under lpad; prior registration was null
2024-09-26T18:45:08.003+01:00 DEBUG 3124 --- [wallet] [restartedMain] o.h.q.sqm.function.SqmFunctionRegistry   : Registered SqmFunctionTemplate [NamedSqmFunctionTemplate(rpad)] under rpad; prior registration was null
2024-09-26T18:45:08.003+01:00 DEBUG 3124 --- [wallet] [restartedMain] o.h.q.sqm.function.SqmFunctionRegistry   : Registered SqmFunctionTemplate [org.hibernate.dialect.function.LpadRpadPadEmulation@34daca9c] under pad; prior registration was null
2024-09-26T18:45:08.011+01:00 DEBUG 3124 --- [wallet] [restartedMain] o.h.q.sqm.function.SqmFunctionRegistry   : Registered SqmFunctionTemplate [org.hibernate.dialect.function.CastStrEmulation@54bc2b0] under str; prior registration was null
2024-09-26T18:45:08.011+01:00 DEBUG 3124 --- [wallet] [restartedMain] o.h.q.sqm.function.SqmFunctionRegistry   : Registered SqmFunctionTemplate [org.hibernate.dialect.function.FormatFunction@45977867] under format; prior registration was null
2024-09-26T18:45:08.011+01:00 DEBUG 3124 --- [wallet] [restartedMain] o.h.q.sqm.function.SqmFunctionRegistry   : Registered SqmFunctionTemplate [org.hibernate.dialect.function.TimestampaddFunction@79efb834] under timestampadd; prior registration was null
2024-09-26T18:45:08.011+01:00 DEBUG 3124 --- [wallet] [restartedMain] o.h.q.sqm.function.SqmFunctionRegistry   : Registered SqmFunctionTemplate [org.hibernate.dialect.function.TimestampdiffFunction@6c138490] under timestampdiff; prior registration was null
2024-09-26T18:45:08.011+01:00 DEBUG 3124 --- [wallet] [restartedMain] o.h.q.sqm.function.SqmFunctionRegistry   : Registering alternate key : dateadd -> timestampadd
2024-09-26T18:45:08.011+01:00 DEBUG 3124 --- [wallet] [restartedMain] o.h.q.sqm.function.SqmFunctionRegistry   : Registering alternate key : datediff -> timestampdiff
2024-09-26T18:45:08.019+01:00 DEBUG 3124 --- [wallet] [restartedMain] o.h.q.sqm.function.SqmFunctionRegistry   : Registered SqmFunctionTemplate [org.hibernate.dialect.function.CurrentFunction@14492d86] under current_date; prior registration was null
2024-09-26T18:45:08.019+01:00 DEBUG 3124 --- [wallet] [restartedMain] o.h.q.sqm.function.SqmFunctionRegistry   : Registered SqmFunctionTemplate [org.hibernate.dialect.function.CurrentFunction@3de7c4b5] under current_time; prior registration was null
2024-09-26T18:45:08.019+01:00 DEBUG 3124 --- [wallet] [restartedMain] o.h.q.sqm.function.SqmFunctionRegistry   : Registered SqmFunctionTemplate [org.hibernate.dialect.function.CurrentFunction@4cd62c16] under current_timestamp; prior registration was null
2024-09-26T18:45:08.019+01:00 DEBUG 3124 --- [wallet] [restartedMain] o.h.q.sqm.function.SqmFunctionRegistry   : Registering alternate key : current date -> current_date
2024-09-26T18:45:08.019+01:00 DEBUG 3124 --- [wallet] [restartedMain] o.h.q.sqm.function.SqmFunctionRegistry   : Registering alternate key : current time -> current_time
2024-09-26T18:45:08.019+01:00 DEBUG 3124 --- [wallet] [restartedMain] o.h.q.sqm.function.SqmFunctionRegistry   : Registering alternate key : current timestamp -> current_timestamp
2024-09-26T18:45:08.019+01:00 DEBUG 3124 --- [wallet] [restartedMain] o.h.q.sqm.function.SqmFunctionRegistry   : Registered SqmFunctionTemplate [org.hibernate.dialect.function.CurrentFunction@58d8a515] under local_date; prior registration was null
2024-09-26T18:45:08.019+01:00 DEBUG 3124 --- [wallet] [restartedMain] o.h.q.sqm.function.SqmFunctionRegistry   : Registered SqmFunctionTemplate [org.hibernate.dialect.function.CurrentFunction@5a08695] under local_time; prior registration was null
2024-09-26T18:45:08.019+01:00 DEBUG 3124 --- [wallet] [restartedMain] o.h.q.sqm.function.SqmFunctionRegistry   : Registered SqmFunctionTemplate [org.hibernate.dialect.function.CurrentFunction@66138f8] under local_datetime; prior registration was null
2024-09-26T18:45:08.019+01:00 DEBUG 3124 --- [wallet] [restartedMain] o.h.q.sqm.function.SqmFunctionRegistry   : Registered SqmFunctionTemplate [org.hibernate.dialect.function.CurrentFunction@7b2a02be] under offset_datetime; prior registration was null
2024-09-26T18:45:08.019+01:00 DEBUG 3124 --- [wallet] [restartedMain] o.h.q.sqm.function.SqmFunctionRegistry   : Registering alternate key : local date -> local_date
2024-09-26T18:45:08.019+01:00 DEBUG 3124 --- [wallet] [restartedMain] o.h.q.sqm.function.SqmFunctionRegistry   : Registering alternate key : local time -> local_time
2024-09-26T18:45:08.019+01:00 DEBUG 3124 --- [wallet] [restartedMain] o.h.q.sqm.function.SqmFunctionRegistry   : Registering alternate key : local datetime -> local_datetime
2024-09-26T18:45:08.019+01:00 DEBUG 3124 --- [wallet] [restartedMain] o.h.q.sqm.function.SqmFunctionRegistry   : Registering alternate key : offset datetime -> offset_datetime
2024-09-26T18:45:08.019+01:00 DEBUG 3124 --- [wallet] [restartedMain] o.h.q.sqm.function.SqmFunctionRegistry   : Registered SqmFunctionTemplate [org.hibernate.dialect.function.CurrentFunction@66c7f0c3] under instant; prior registration was null
2024-09-26T18:45:08.019+01:00 DEBUG 3124 --- [wallet] [restartedMain] o.h.q.sqm.function.SqmFunctionRegistry   : Registering alternate key : current_instant -> instant
2024-09-26T18:45:08.027+01:00 DEBUG 3124 --- [wallet] [restartedMain] o.h.q.sqm.function.SqmFunctionRegistry   : Registered SqmFunctionTemplate [org.hibernate.dialect.function.SqlFunction@1af7655f] under sql; prior registration was null
2024-09-26T18:45:08.027+01:00 DEBUG 3124 --- [wallet] [restartedMain] o.h.q.sqm.function.SqmFunctionRegistry   : Registered SqmFunctionTemplate [NamedSqmFunctionTemplate(soundex)] under soundex; prior registration was null
2024-09-26T18:45:08.027+01:00 DEBUG 3124 --- [wallet] [restartedMain] o.h.q.sqm.function.SqmFunctionRegistry   : Registered SqmFunctionTemplate [NamedSqmFunctionTemplate(radians)] under radians; prior registration was null
2024-09-26T18:45:08.027+01:00 DEBUG 3124 --- [wallet] [restartedMain] o.h.q.sqm.function.SqmFunctionRegistry   : Registered SqmFunctionTemplate [NamedSqmFunctionTemplate(degrees)] under degrees; prior registration was null
2024-09-26T18:45:08.027+01:00 DEBUG 3124 --- [wallet] [restartedMain] o.h.q.sqm.function.SqmFunctionRegistry   : Registered SqmFunctionTemplate [NamedSqmFunctionTemplate(cot)] under cot; prior registration was null
2024-09-26T18:45:08.027+01:00 DEBUG 3124 --- [wallet] [restartedMain] o.h.q.sqm.function.SqmFunctionRegistry   : Registered SqmFunctionTemplate [NamedSqmFunctionTemplate(log)] under log; prior registration was org.hibernate.query.sqm.function.PatternBasedSqmFunctionDescriptor@17b99c60
2024-09-26T18:45:08.027+01:00 DEBUG 3124 --- [wallet] [restartedMain] o.h.q.sqm.function.SqmFunctionRegistry   : Registered SqmFunctionTemplate [NamedSqmFunctionTemplate(log2)] under log2; prior registration was null
2024-09-26T18:45:08.027+01:00 DEBUG 3124 --- [wallet] [restartedMain] o.h.q.sqm.function.SqmFunctionRegistry   : Registered SqmFunctionTemplate [NamedSqmFunctionTemplate(log10)] under log10; prior registration was null
2024-09-26T18:45:08.027+01:00 DEBUG 3124 --- [wallet] [restartedMain] o.h.q.sqm.function.SqmFunctionRegistry   : Registered SqmFunctionTemplate [NamedSqmFunctionTemplate(ltrim)] under ltrim; prior registration was null
2024-09-26T18:45:08.027+01:00 DEBUG 3124 --- [wallet] [restartedMain] o.h.q.sqm.function.SqmFunctionRegistry   : Registered SqmFunctionTemplate [NamedSqmFunctionTemplate(rtrim)] under rtrim; prior registration was null
2024-09-26T18:45:08.027+01:00 DEBUG 3124 --- [wallet] [restartedMain] o.h.q.sqm.function.SqmFunctionRegistry   : Registered SqmFunctionTemplate [NamedSqmFunctionTemplate(octet_length)] under octet_length; prior registration was null
2024-09-26T18:45:08.027+01:00 DEBUG 3124 --- [wallet] [restartedMain] o.h.q.sqm.function.SqmFunctionRegistry   : Registered SqmFunctionTemplate [NamedSqmFunctionTemplate(reverse)] under reverse; prior registration was null
2024-09-26T18:45:08.027+01:00 DEBUG 3124 --- [wallet] [restartedMain] o.h.q.sqm.function.SqmFunctionRegistry   : Registered SqmFunctionTemplate [NamedSqmFunctionTemplate(space)] under space; prior registration was null
2024-09-26T18:45:08.027+01:00 DEBUG 3124 --- [wallet] [restartedMain] o.h.q.sqm.function.SqmFunctionRegistry   : Registered SqmFunctionTemplate [NamedSqmFunctionTemplate(repeat)] under repeat; prior registration was null
2024-09-26T18:45:08.027+01:00 DEBUG 3124 --- [wallet] [restartedMain] o.h.q.sqm.function.SqmFunctionRegistry   : Registered SqmFunctionTemplate [org.hibernate.query.sqm.function.MultipatternSqmFunctionDescriptor@4382c37c] under lpad; prior registration was NamedSqmFunctionTemplate(lpad)
2024-09-26T18:45:08.035+01:00 DEBUG 3124 --- [wallet] [restartedMain] o.h.q.sqm.function.SqmFunctionRegistry   : Registered SqmFunctionTemplate [org.hibernate.query.sqm.function.MultipatternSqmFunctionDescriptor@2996e14] under rpad; prior registration was NamedSqmFunctionTemplate(rpad)
2024-09-26T18:45:08.035+01:00 DEBUG 3124 --- [wallet] [restartedMain] o.h.q.sqm.function.SqmFunctionRegistry   : Registered SqmFunctionTemplate [NamedSqmFunctionTemplate(md5)] under md5; prior registration was null
2024-09-26T18:45:08.035+01:00 DEBUG 3124 --- [wallet] [restartedMain] o.h.q.sqm.function.SqmFunctionRegistry   : Registered SqmFunctionTemplate [NamedSqmFunctionTemplate(day)] under day; prior registration was null
2024-09-26T18:45:08.035+01:00 DEBUG 3124 --- [wallet] [restartedMain] o.h.q.sqm.function.SqmFunctionRegistry   : Registered SqmFunctionTemplate [NamedSqmFunctionTemplate(month)] under month; prior registration was null
2024-09-26T18:45:08.035+01:00 DEBUG 3124 --- [wallet] [restartedMain] o.h.q.sqm.function.SqmFunctionRegistry   : Registered SqmFunctionTemplate [NamedSqmFunctionTemplate(year)] under year; prior registration was null
2024-09-26T18:45:08.035+01:00 DEBUG 3124 --- [wallet] [restartedMain] o.h.q.sqm.function.SqmFunctionRegistry   : Registered SqmFunctionTemplate [NamedSqmFunctionTemplate(hour)] under hour; prior registration was null
2024-09-26T18:45:08.035+01:00 DEBUG 3124 --- [wallet] [restartedMain] o.h.q.sqm.function.SqmFunctionRegistry   : Registered SqmFunctionTemplate [NamedSqmFunctionTemplate(minute)] under minute; prior registration was null
2024-09-26T18:45:08.035+01:00 DEBUG 3124 --- [wallet] [restartedMain] o.h.q.sqm.function.SqmFunctionRegistry   : Registered SqmFunctionTemplate [NamedSqmFunctionTemplate(second)] under second; prior registration was null
2024-09-26T18:45:08.035+01:00 DEBUG 3124 --- [wallet] [restartedMain] o.h.q.sqm.function.SqmFunctionRegistry   : Registered SqmFunctionTemplate [NamedSqmFunctionTemplate(microsecond)] under microsecond; prior registration was null
2024-09-26T18:45:08.035+01:00 DEBUG 3124 --- [wallet] [restartedMain] o.h.q.sqm.function.SqmFunctionRegistry   : Registered SqmFunctionTemplate [NamedSqmFunctionTemplate(dayofweek)] under dayofweek; prior registration was null
2024-09-26T18:45:08.035+01:00 DEBUG 3124 --- [wallet] [restartedMain] o.h.q.sqm.function.SqmFunctionRegistry   : Registered SqmFunctionTemplate [NamedSqmFunctionTemplate(dayofmonth)] under dayofmonth; prior registration was null
2024-09-26T18:45:08.035+01:00 DEBUG 3124 --- [wallet] [restartedMain] o.h.q.sqm.function.SqmFunctionRegistry   : Registering alternate key : day -> dayofmonth
2024-09-26T18:45:08.035+01:00 DEBUG 3124 --- [wallet] [restartedMain] o.h.q.sqm.function.SqmFunctionRegistry   : Registered SqmFunctionTemplate [NamedSqmFunctionTemplate(dayofyear)] under dayofyear; prior registration was null
2024-09-26T18:45:08.043+01:00 DEBUG 3124 --- [wallet] [restartedMain] o.h.q.sqm.function.SqmFunctionRegistry   : Registered SqmFunctionTemplate [NamedSqmFunctionTemplate(week)] under week; prior registration was null
2024-09-26T18:45:08.043+01:00 DEBUG 3124 --- [wallet] [restartedMain] o.h.q.sqm.function.SqmFunctionRegistry   : Registered SqmFunctionTemplate [NamedSqmFunctionTemplate(quarter)] under quarter; prior registration was null
2024-09-26T18:45:08.043+01:00 DEBUG 3124 --- [wallet] [restartedMain] o.h.q.sqm.function.SqmFunctionRegistry   : Registered SqmFunctionTemplate [NamedSqmFunctionTemplate(monthname)] under monthname; prior registration was null
2024-09-26T18:45:08.043+01:00 DEBUG 3124 --- [wallet] [restartedMain] o.h.q.sqm.function.SqmFunctionRegistry   : Registered SqmFunctionTemplate [NamedSqmFunctionTemplate(dayname)] under dayname; prior registration was null
2024-09-26T18:45:08.043+01:00 DEBUG 3124 --- [wallet] [restartedMain] o.h.q.sqm.function.SqmFunctionRegistry   : Registered SqmFunctionTemplate [NamedSqmFunctionTemplate(last_day)] under last_day; prior registration was null
2024-09-26T18:45:08.043+01:00 DEBUG 3124 --- [wallet] [restartedMain] o.h.q.sqm.function.SqmFunctionRegistry   : Registered SqmFunctionTemplate [NamedSqmFunctionTemplate(date)] under date; prior registration was null
2024-09-26T18:45:08.043+01:00 DEBUG 3124 --- [wallet] [restartedMain] o.h.q.sqm.function.SqmFunctionRegistry   : Registered SqmFunctionTemplate [NamedSqmFunctionTemplate(timestamp)] under timestamp; prior registration was null
2024-09-26T18:45:08.043+01:00 DEBUG 3124 --- [wallet] [restartedMain] o.h.q.sqm.function.SqmFunctionRegistry   : Registered SqmFunctionTemplate [NamedSqmFunctionTemplate(time)] under time; prior registration was null
2024-09-26T18:45:08.043+01:00 DEBUG 3124 --- [wallet] [restartedMain] o.h.q.sqm.function.SqmFunctionRegistry   : Registered SqmFunctionTemplate [NamedSqmFunctionTemplate(utc_date)] under utc_date; prior registration was null
2024-09-26T18:45:08.043+01:00 DEBUG 3124 --- [wallet] [restartedMain] o.h.q.sqm.function.SqmFunctionRegistry   : Registered SqmFunctionTemplate [NamedSqmFunctionTemplate(utc_time)] under utc_time; prior registration was null
2024-09-26T18:45:08.043+01:00 DEBUG 3124 --- [wallet] [restartedMain] o.h.q.sqm.function.SqmFunctionRegistry   : Registered SqmFunctionTemplate [NamedSqmFunctionTemplate(utc_timestamp)] under utc_timestamp; prior registration was null
2024-09-26T18:45:08.043+01:00 DEBUG 3124 --- [wallet] [restartedMain] o.h.q.sqm.function.SqmFunctionRegistry   : Registered SqmFunctionTemplate [NamedSqmFunctionTemplate(rand)] under rand; prior registration was null
2024-09-26T18:45:08.043+01:00 DEBUG 3124 --- [wallet] [restartedMain] o.h.q.sqm.function.SqmFunctionRegistry   : Registered SqmFunctionTemplate [NamedSqmFunctionTemplate(crc32)] under crc32; prior registration was null
2024-09-26T18:45:08.043+01:00 DEBUG 3124 --- [wallet] [restartedMain] o.h.q.sqm.function.SqmFunctionRegistry   : Registered SqmFunctionTemplate [NamedSqmFunctionTemplate(sha1)] under sha1; prior registration was null
2024-09-26T18:45:08.051+01:00 DEBUG 3124 --- [wallet] [restartedMain] o.h.q.sqm.function.SqmFunctionRegistry   : Registered SqmFunctionTemplate [NamedSqmFunctionTemplate(sha2)] under sha2; prior registration was null
2024-09-26T18:45:08.051+01:00 DEBUG 3124 --- [wallet] [restartedMain] o.h.q.sqm.function.SqmFunctionRegistry   : Registered SqmFunctionTemplate [NamedSqmFunctionTemplate(sha)] under sha; prior registration was null
2024-09-26T18:45:08.051+01:00 DEBUG 3124 --- [wallet] [restartedMain] o.h.q.sqm.function.SqmFunctionRegistry   : Registered SqmFunctionTemplate [NamedSqmFunctionTemplate(bit_length)] under bit_length; prior registration was null
2024-09-26T18:45:08.051+01:00 DEBUG 3124 --- [wallet] [restartedMain] o.h.q.sqm.function.SqmFunctionRegistry   : Registered SqmFunctionTemplate [NamedSqmFunctionTemplate(octet_length)] under octet_length; prior registration was NamedSqmFunctionTemplate(octet_length)
2024-09-26T18:45:08.051+01:00 DEBUG 3124 --- [wallet] [restartedMain] o.h.q.sqm.function.SqmFunctionRegistry   : Registered SqmFunctionTemplate [NamedSqmFunctionTemplate(ascii)] under ascii; prior registration was null
2024-09-26T18:45:08.051+01:00 DEBUG 3124 --- [wallet] [restartedMain] o.h.q.sqm.function.SqmFunctionRegistry   : Registered SqmFunctionTemplate [NamedSqmFunctionTemplate(instr)] under instr; prior registration was null
2024-09-26T18:45:08.051+01:00 DEBUG 3124 --- [wallet] [restartedMain] o.h.q.sqm.function.SqmFunctionRegistry   : Registered SqmFunctionTemplate [NamedSqmFunctionTemplate(substr)] under substr; prior registration was null
2024-09-26T18:45:08.051+01:00 DEBUG 3124 --- [wallet] [restartedMain] o.h.q.sqm.function.SqmFunctionRegistry   : Registered SqmFunctionTemplate [org.hibernate.query.sqm.function.PatternBasedSqmFunctionDescriptor@3b10b12d] under position; prior registration was org.hibernate.dialect.function.LocatePositionEmulation@5ef9cd0b
2024-09-26T18:45:08.051+01:00 DEBUG 3124 --- [wallet] [restartedMain] o.h.q.sqm.function.SqmFunctionRegistry   : Registered SqmFunctionTemplate [NamedSqmFunctionTemplate(curtime)] under curtime; prior registration was null
2024-09-26T18:45:08.051+01:00 DEBUG 3124 --- [wallet] [restartedMain] o.h.q.sqm.function.SqmFunctionRegistry   : Registered SqmFunctionTemplate [NamedSqmFunctionTemplate(curdate)] under curdate; prior registration was null
2024-09-26T18:45:08.051+01:00 DEBUG 3124 --- [wallet] [restartedMain] o.h.q.sqm.function.SqmFunctionRegistry   : Registered SqmFunctionTemplate [NamedSqmFunctionTemplate(now)] under now; prior registration was null
2024-09-26T18:45:08.059+01:00 DEBUG 3124 --- [wallet] [restartedMain] o.h.q.sqm.function.SqmFunctionRegistry   : Registered SqmFunctionTemplate [org.hibernate.dialect.function.TruncFunction@502882a7] under trunc; prior registration was null
2024-09-26T18:45:08.059+01:00 DEBUG 3124 --- [wallet] [restartedMain] o.h.q.sqm.function.SqmFunctionRegistry   : Registering alternate key : truncate -> trunc
2024-09-26T18:45:08.059+01:00 DEBUG 3124 --- [wallet] [restartedMain] o.h.q.sqm.function.SqmFunctionRegistry   : Registered SqmFunctionTemplate [NamedSqmFunctionTemplate(insert)] under insert; prior registration was null
2024-09-26T18:45:08.067+01:00 DEBUG 3124 --- [wallet] [restartedMain] o.h.q.sqm.function.SqmFunctionRegistry   : Registered SqmFunctionTemplate [org.hibernate.query.sqm.function.PatternBasedSqmFunctionDescriptor@4bed8aba] under bitand; prior registration was null
2024-09-26T18:45:08.067+01:00 DEBUG 3124 --- [wallet] [restartedMain] o.h.q.sqm.function.SqmFunctionRegistry   : Registered SqmFunctionTemplate [org.hibernate.query.sqm.function.PatternBasedSqmFunctionDescriptor@261223fc] under bitor; prior registration was null
2024-09-26T18:45:08.067+01:00 DEBUG 3124 --- [wallet] [restartedMain] o.h.q.sqm.function.SqmFunctionRegistry   : Registered SqmFunctionTemplate [org.hibernate.query.sqm.function.PatternBasedSqmFunctionDescriptor@62a280e5] under bitxor; prior registration was null
2024-09-26T18:45:08.067+01:00 DEBUG 3124 --- [wallet] [restartedMain] o.h.q.sqm.function.SqmFunctionRegistry   : Registered SqmFunctionTemplate [org.hibernate.query.sqm.function.PatternBasedSqmFunctionDescriptor@768b1bac] under bitnot; prior registration was null
2024-09-26T18:45:08.067+01:00 DEBUG 3124 --- [wallet] [restartedMain] o.h.q.sqm.function.SqmFunctionRegistry   : Registered SqmFunctionTemplate [NamedSqmFunctionTemplate(bit_and)] under bit_and; prior registration was null
2024-09-26T18:45:08.067+01:00 DEBUG 3124 --- [wallet] [restartedMain] o.h.q.sqm.function.SqmFunctionRegistry   : Registered SqmFunctionTemplate [NamedSqmFunctionTemplate(bit_or)] under bit_or; prior registration was null
2024-09-26T18:45:08.067+01:00 DEBUG 3124 --- [wallet] [restartedMain] o.h.q.sqm.function.SqmFunctionRegistry   : Registered SqmFunctionTemplate [NamedSqmFunctionTemplate(stddev)] under stddev; prior registration was null
2024-09-26T18:45:08.067+01:00 DEBUG 3124 --- [wallet] [restartedMain] o.h.q.sqm.function.SqmFunctionRegistry   : Registered SqmFunctionTemplate [NamedSqmFunctionTemplate(stddev_pop)] under stddev_pop; prior registration was null
2024-09-26T18:45:08.067+01:00 DEBUG 3124 --- [wallet] [restartedMain] o.h.q.sqm.function.SqmFunctionRegistry   : Registered SqmFunctionTemplate [NamedSqmFunctionTemplate(stddev_samp)] under stddev_samp; prior registration was null
2024-09-26T18:45:08.067+01:00 DEBUG 3124 --- [wallet] [restartedMain] o.h.q.sqm.function.SqmFunctionRegistry   : Registered SqmFunctionTemplate [NamedSqmFunctionTemplate(variance)] under variance; prior registration was null
2024-09-26T18:45:08.067+01:00 DEBUG 3124 --- [wallet] [restartedMain] o.h.q.sqm.function.SqmFunctionRegistry   : Registered SqmFunctionTemplate [NamedSqmFunctionTemplate(var_pop)] under var_pop; prior registration was null
2024-09-26T18:45:08.067+01:00 DEBUG 3124 --- [wallet] [restartedMain] o.h.q.sqm.function.SqmFunctionRegistry   : Registered SqmFunctionTemplate [NamedSqmFunctionTemplate(var_samp)] under var_samp; prior registration was null
2024-09-26T18:45:08.067+01:00 DEBUG 3124 --- [wallet] [restartedMain] o.h.q.sqm.function.SqmFunctionRegistry   : Registered SqmFunctionTemplate [NamedSqmFunctionTemplate(datediff)] under datediff; prior registration was null
2024-09-26T18:45:08.075+01:00 DEBUG 3124 --- [wallet] [restartedMain] o.h.q.sqm.function.SqmFunctionRegistry   : Registered SqmFunctionTemplate [NamedSqmFunctionTemplate(adddate)] under adddate; prior registration was null
2024-09-26T18:45:08.075+01:00 DEBUG 3124 --- [wallet] [restartedMain] o.h.q.sqm.function.SqmFunctionRegistry   : Registered SqmFunctionTemplate [NamedSqmFunctionTemplate(subdate)] under subdate; prior registration was null
2024-09-26T18:45:08.075+01:00 DEBUG 3124 --- [wallet] [restartedMain] o.h.q.sqm.function.SqmFunctionRegistry   : Registered SqmFunctionTemplate [NamedSqmFunctionTemplate(addtime)] under addtime; prior registration was null
2024-09-26T18:45:08.075+01:00 DEBUG 3124 --- [wallet] [restartedMain] o.h.q.sqm.function.SqmFunctionRegistry   : Registered SqmFunctionTemplate [NamedSqmFunctionTemplate(subtime)] under subtime; prior registration was null
2024-09-26T18:45:08.075+01:00 DEBUG 3124 --- [wallet] [restartedMain] o.h.q.sqm.function.SqmFunctionRegistry   : Registered SqmFunctionTemplate [org.hibernate.dialect.function.FormatFunction@5114e79d] under format; prior registration was org.hibernate.dialect.function.FormatFunction@45977867
2024-09-26T18:45:08.075+01:00 DEBUG 3124 --- [wallet] [restartedMain] o.h.q.sqm.function.SqmFunctionRegistry   : Registered SqmFunctionTemplate [NamedSqmFunctionTemplate(makedate)] under makedate; prior registration was null
2024-09-26T18:45:08.075+01:00 DEBUG 3124 --- [wallet] [restartedMain] o.h.q.sqm.function.SqmFunctionRegistry   : Registered SqmFunctionTemplate [NamedSqmFunctionTemplate(maketime)] under maketime; prior registration was null
2024-09-26T18:45:08.075+01:00 DEBUG 3124 --- [wallet] [restartedMain] o.h.q.sqm.function.SqmFunctionRegistry   : Registered SqmFunctionTemplate [NamedSqmFunctionTemplate(localtime)] under localtime; prior registration was null
2024-09-26T18:45:08.075+01:00 DEBUG 3124 --- [wallet] [restartedMain] o.h.q.sqm.function.SqmFunctionRegistry   : Registered SqmFunctionTemplate [NamedSqmFunctionTemplate(localtimestamp)] under localtimestamp; prior registration was null
2024-09-26T18:45:08.075+01:00 DEBUG 3124 --- [wallet] [restartedMain] o.h.q.sqm.function.SqmFunctionRegistry   : Registered SqmFunctionTemplate [NamedSqmFunctionTemplate(localtime)] under local_time; prior registration was org.hibernate.dialect.function.CurrentFunction@5a08695
2024-09-26T18:45:08.075+01:00 DEBUG 3124 --- [wallet] [restartedMain] o.h.q.sqm.function.SqmFunctionRegistry   : Registered SqmFunctionTemplate [NamedSqmFunctionTemplate(localtimestamp)] under local_datetime; prior registration was org.hibernate.dialect.function.CurrentFunction@66138f8
2024-09-26T18:45:08.075+01:00 DEBUG 3124 --- [wallet] [restartedMain] o.h.q.sqm.function.SqmFunctionRegistry   : Registered SqmFunctionTemplate [NamedSqmFunctionTemplate(localtime)] under localtime; prior registration was NamedSqmFunctionTemplate(localtime)
2024-09-26T18:45:08.075+01:00 DEBUG 3124 --- [wallet] [restartedMain] o.h.q.sqm.function.SqmFunctionRegistry   : Registered SqmFunctionTemplate [org.hibernate.query.sqm.function.PatternBasedSqmFunctionDescriptor@66ae3380] under pi; prior registration was org.hibernate.query.sqm.function.PatternBasedSqmFunctionDescriptor@2fde5c55
2024-09-26T18:45:08.083+01:00 DEBUG 3124 --- [wallet] [restartedMain] o.h.q.sqm.function.SqmFunctionRegistry   : Registered SqmFunctionTemplate [org.hibernate.query.sqm.function.PatternBasedSqmFunctionDescriptor@10fd3218] under chr; prior registration was null
2024-09-26T18:45:08.083+01:00 DEBUG 3124 --- [wallet] [restartedMain] o.h.q.sqm.function.SqmFunctionRegistry   : Registering alternate key : char -> chr
2024-09-26T18:45:08.083+01:00 DEBUG 3124 --- [wallet] [restartedMain] o.h.q.sqm.function.SqmFunctionRegistry   : Registered SqmFunctionTemplate [org.hibernate.query.sqm.function.PatternBasedSqmFunctionDescriptor@3e050dd0] under sysdate; prior registration was null
2024-09-26T18:45:08.083+01:00 DEBUG 3124 --- [wallet] [restartedMain] o.h.q.sqm.function.SqmFunctionRegistry   : Registered SqmFunctionTemplate [org.hibernate.dialect.function.ListaggGroupConcatEmulation@301753af] under listagg; prior registration was null
2024-09-26T18:45:08.083+01:00 DEBUG 3124 --- [wallet] [restartedMain] o.h.q.sqm.function.SqmFunctionRegistry   : Registered SqmFunctionTemplate [NamedSqmFunctionTemplate(row_number)] under row_number; prior registration was null
2024-09-26T18:45:08.083+01:00 DEBUG 3124 --- [wallet] [restartedMain] o.h.q.sqm.function.SqmFunctionRegistry   : Registered SqmFunctionTemplate [NamedSqmFunctionTemplate(lag)] under lag; prior registration was null
2024-09-26T18:45:08.083+01:00 DEBUG 3124 --- [wallet] [restartedMain] o.h.q.sqm.function.SqmFunctionRegistry   : Registered SqmFunctionTemplate [NamedSqmFunctionTemplate(lead)] under lead; prior registration was null
2024-09-26T18:45:08.083+01:00 DEBUG 3124 --- [wallet] [restartedMain] o.h.q.sqm.function.SqmFunctionRegistry   : Registered SqmFunctionTemplate [NamedSqmFunctionTemplate(first_value)] under first_value; prior registration was null
2024-09-26T18:45:08.091+01:00 DEBUG 3124 --- [wallet] [restartedMain] o.h.q.sqm.function.SqmFunctionRegistry   : Registered SqmFunctionTemplate [NamedSqmFunctionTemplate(last_value)] under last_value; prior registration was null
2024-09-26T18:45:08.091+01:00 DEBUG 3124 --- [wallet] [restartedMain] o.h.q.sqm.function.SqmFunctionRegistry   : Registered SqmFunctionTemplate [NamedSqmFunctionTemplate(nth_value)] under nth_value; prior registration was null
2024-09-26T18:45:08.091+01:00 DEBUG 3124 --- [wallet] [restartedMain] o.h.q.sqm.function.SqmFunctionRegistry   : Registered SqmFunctionTemplate [org.hibernate.dialect.function.HypotheticalSetWindowEmulation@2f1f0ced] under rank; prior registration was null
2024-09-26T18:45:08.091+01:00 DEBUG 3124 --- [wallet] [restartedMain] o.h.q.sqm.function.SqmFunctionRegistry   : Registered SqmFunctionTemplate [org.hibernate.dialect.function.HypotheticalSetWindowEmulation@3a63e04] under dense_rank; prior registration was null
2024-09-26T18:45:08.091+01:00 DEBUG 3124 --- [wallet] [restartedMain] o.h.q.sqm.function.SqmFunctionRegistry   : Registered SqmFunctionTemplate [org.hibernate.dialect.function.HypotheticalSetWindowEmulation@4ea1a4a7] under percent_rank; prior registration was null
2024-09-26T18:45:08.091+01:00 DEBUG 3124 --- [wallet] [restartedMain] o.h.q.sqm.function.SqmFunctionRegistry   : Registered SqmFunctionTemplate [org.hibernate.dialect.function.HypotheticalSetWindowEmulation@35369712] under cume_dist; prior registration was null
2024-09-26T18:45:08.091+01:00 DEBUG 3124 --- [wallet] [restartedMain] o.h.q.sqm.function.SqmFunctionRegistry   : Registered SqmFunctionTemplate [NamedSqmFunctionTemplate(json_valid)] under json_valid; prior registration was null
2024-09-26T18:45:08.099+01:00 DEBUG 3124 --- [wallet] [restartedMain] o.h.q.sqm.function.SqmFunctionRegistry   : Registered SqmFunctionTemplate [org.hibernate.dialect.function.InverseDistributionWindowEmulation@75eddd07] under percentile_cont; prior registration was null
2024-09-26T18:45:08.099+01:00 DEBUG 3124 --- [wallet] [restartedMain] o.h.q.sqm.function.SqmFunctionRegistry   : Registered SqmFunctionTemplate [org.hibernate.dialect.function.InverseDistributionWindowEmulation@5ccd1a1b] under percentile_disc; prior registration was null
2024-09-26T18:45:08.099+01:00 DEBUG 3124 --- [wallet] [restartedMain] o.h.q.sqm.function.SqmFunctionRegistry   : Registered SqmFunctionTemplate [org.hibernate.query.sqm.function.PatternBasedSqmFunctionDescriptor@34cbd53b] under median; prior registration was null
2024-09-26T18:45:08.099+01:00 DEBUG 3124 --- [wallet] [restartedMain] org.hibernate.HQL_FUNCTIONS              : abs(NUMERIC arg)
2024-09-26T18:45:08.099+01:00 DEBUG 3124 --- [wallet] [restartedMain] org.hibernate.HQL_FUNCTIONS              : Double acos(NUMERIC arg)
2024-09-26T18:45:08.099+01:00 DEBUG 3124 --- [wallet] [restartedMain] org.hibernate.HQL_FUNCTIONS              : adddate(DATE datetime, INTEGER days)
2024-09-26T18:45:08.107+01:00 DEBUG 3124 --- [wallet] [restartedMain] org.hibernate.HQL_FUNCTIONS              : addtime(TIME datetime, TIME time)
2024-09-26T18:45:08.107+01:00 DEBUG 3124 --- [wallet] [restartedMain] org.hibernate.HQL_FUNCTIONS              : Boolean any(BOOLEAN arg)
2024-09-26T18:45:08.107+01:00 DEBUG 3124 --- [wallet] [restartedMain] org.hibernate.HQL_FUNCTIONS              : Integer ascii(STRING arg)
2024-09-26T18:45:08.107+01:00 DEBUG 3124 --- [wallet] [restartedMain] org.hibernate.HQL_FUNCTIONS              : Double asin(NUMERIC arg)
2024-09-26T18:45:08.107+01:00 DEBUG 3124 --- [wallet] [restartedMain] org.hibernate.HQL_FUNCTIONS              : Double atan(NUMERIC arg)
2024-09-26T18:45:08.107+01:00 DEBUG 3124 --- [wallet] [restartedMain] org.hibernate.HQL_FUNCTIONS              : Double atan2(NUMERIC arg0, NUMERIC arg1)
2024-09-26T18:45:08.107+01:00 DEBUG 3124 --- [wallet] [restartedMain] org.hibernate.HQL_FUNCTIONS              : avg(arg)
2024-09-26T18:45:08.107+01:00 DEBUG 3124 --- [wallet] [restartedMain] org.hibernate.HQL_FUNCTIONS              : bit_and(arg)
2024-09-26T18:45:08.107+01:00 DEBUG 3124 --- [wallet] [restartedMain] org.hibernate.HQL_FUNCTIONS              : Integer bit_length(STRING_OR_CLOB arg)
2024-09-26T18:45:08.107+01:00 DEBUG 3124 --- [wallet] [restartedMain] org.hibernate.HQL_FUNCTIONS              : bit_or(arg)
2024-09-26T18:45:08.107+01:00 DEBUG 3124 --- [wallet] [restartedMain] org.hibernate.HQL_FUNCTIONS              : bitand(arg0, arg1)
2024-09-26T18:45:08.107+01:00 DEBUG 3124 --- [wallet] [restartedMain] org.hibernate.HQL_FUNCTIONS              : bitnot(arg)
2024-09-26T18:45:08.107+01:00 DEBUG 3124 --- [wallet] [restartedMain] org.hibernate.HQL_FUNCTIONS              : bitor(arg0, arg1)
2024-09-26T18:45:08.107+01:00 DEBUG 3124 --- [wallet] [restartedMain] org.hibernate.HQL_FUNCTIONS              : bitxor(arg0, arg1)
2024-09-26T18:45:08.107+01:00 DEBUG 3124 --- [wallet] [restartedMain] org.hibernate.HQL_FUNCTIONS              : cast(arg as Type)
2024-09-26T18:45:08.107+01:00 DEBUG 3124 --- [wallet] [restartedMain] org.hibernate.HQL_FUNCTIONS              : ceiling(NUMERIC arg)
2024-09-26T18:45:08.107+01:00 DEBUG 3124 --- [wallet] [restartedMain] org.hibernate.HQL_FUNCTIONS              : Character char(INTEGER arg)
2024-09-26T18:45:08.107+01:00 DEBUG 3124 --- [wallet] [restartedMain] org.hibernate.HQL_FUNCTIONS              : Integer character_length(STRING_OR_CLOB arg)
2024-09-26T18:45:08.107+01:00 DEBUG 3124 --- [wallet] [restartedMain] org.hibernate.HQL_FUNCTIONS              : Character chr(INTEGER arg)
2024-09-26T18:45:08.115+01:00 DEBUG 3124 --- [wallet] [restartedMain] org.hibernate.HQL_FUNCTIONS              : coalesce(arg0[, arg1[, ...]])
2024-09-26T18:45:08.115+01:00 DEBUG 3124 --- [wallet] [restartedMain] org.hibernate.HQL_FUNCTIONS              : String collate(STRING string as COLLATION collation)
2024-09-26T18:45:08.115+01:00 DEBUG 3124 --- [wallet] [restartedMain] org.hibernate.HQL_FUNCTIONS              : String concat(STRING string0[, STRING string1[, ...]])
2024-09-26T18:45:08.115+01:00 DEBUG 3124 --- [wallet] [restartedMain] org.hibernate.HQL_FUNCTIONS              : Double cos(NUMERIC arg)
2024-09-26T18:45:08.115+01:00 DEBUG 3124 --- [wallet] [restartedMain] org.hibernate.HQL_FUNCTIONS              : Double cosh(NUMERIC arg)
2024-09-26T18:45:08.115+01:00 DEBUG 3124 --- [wallet] [restartedMain] org.hibernate.HQL_FUNCTIONS              : Double cot(NUMERIC arg)
2024-09-26T18:45:08.115+01:00 DEBUG 3124 --- [wallet] [restartedMain] org.hibernate.HQL_FUNCTIONS              : Long count([distinct ]{arg|*})
2024-09-26T18:45:08.115+01:00 DEBUG 3124 --- [wallet] [restartedMain] org.hibernate.HQL_FUNCTIONS              : Integer crc32(arg)
2024-09-26T18:45:08.115+01:00 DEBUG 3124 --- [wallet] [restartedMain] org.hibernate.HQL_FUNCTIONS              : Double cume_dist([arg0[, ...]])
2024-09-26T18:45:08.115+01:00 DEBUG 3124 --- [wallet] [restartedMain] org.hibernate.HQL_FUNCTIONS              : Date curdate()
2024-09-26T18:45:08.115+01:00 DEBUG 3124 --- [wallet] [restartedMain] org.hibernate.HQL_FUNCTIONS              : Date current date
2024-09-26T18:45:08.115+01:00 DEBUG 3124 --- [wallet] [restartedMain] org.hibernate.HQL_FUNCTIONS              : Time current time
2024-09-26T18:45:08.115+01:00 DEBUG 3124 --- [wallet] [restartedMain] org.hibernate.HQL_FUNCTIONS              : Timestamp current timestamp
2024-09-26T18:45:08.115+01:00 DEBUG 3124 --- [wallet] [restartedMain] org.hibernate.HQL_FUNCTIONS              : Date current_date
2024-09-26T18:45:08.115+01:00 DEBUG 3124 --- [wallet] [restartedMain] org.hibernate.HQL_FUNCTIONS              : Instant current_instant
2024-09-26T18:45:08.115+01:00 DEBUG 3124 --- [wallet] [restartedMain] org.hibernate.HQL_FUNCTIONS              : Time current_time
2024-09-26T18:45:08.115+01:00 DEBUG 3124 --- [wallet] [restartedMain] org.hibernate.HQL_FUNCTIONS              : Timestamp current_timestamp
2024-09-26T18:45:08.115+01:00 DEBUG 3124 --- [wallet] [restartedMain] org.hibernate.HQL_FUNCTIONS              : Time curtime()
2024-09-26T18:45:08.115+01:00 DEBUG 3124 --- [wallet] [restartedMain] org.hibernate.HQL_FUNCTIONS              : Date date(arg)
2024-09-26T18:45:08.123+01:00 DEBUG 3124 --- [wallet] [restartedMain] org.hibernate.HQL_FUNCTIONS              : dateadd(TEMPORAL_UNIT field, INTEGER magnitude, TEMPORAL datetime)
2024-09-26T18:45:08.123+01:00 DEBUG 3124 --- [wallet] [restartedMain] org.hibernate.HQL_FUNCTIONS              : Integer datediff(DATE end, DATE start)
2024-09-26T18:45:08.123+01:00 DEBUG 3124 --- [wallet] [restartedMain] org.hibernate.HQL_FUNCTIONS              : Integer day(DATE arg)
2024-09-26T18:45:08.123+01:00 DEBUG 3124 --- [wallet] [restartedMain] org.hibernate.HQL_FUNCTIONS              : String dayname(DATE arg)
2024-09-26T18:45:08.123+01:00 DEBUG 3124 --- [wallet] [restartedMain] org.hibernate.HQL_FUNCTIONS              : Integer dayofmonth(DATE arg)
2024-09-26T18:45:08.123+01:00 DEBUG 3124 --- [wallet] [restartedMain] org.hibernate.HQL_FUNCTIONS              : Integer dayofweek(DATE arg)
2024-09-26T18:45:08.123+01:00 DEBUG 3124 --- [wallet] [restartedMain] org.hibernate.HQL_FUNCTIONS              : Integer dayofyear(DATE arg)
2024-09-26T18:45:08.123+01:00 DEBUG 3124 --- [wallet] [restartedMain] org.hibernate.HQL_FUNCTIONS              : Double degrees(NUMERIC arg)
2024-09-26T18:45:08.123+01:00 DEBUG 3124 --- [wallet] [restartedMain] org.hibernate.HQL_FUNCTIONS              : Long dense_rank([arg0[, ...]])
2024-09-26T18:45:08.123+01:00 DEBUG 3124 --- [wallet] [restartedMain] org.hibernate.HQL_FUNCTIONS              : Boolean every(BOOLEAN arg)
2024-09-26T18:45:08.123+01:00 DEBUG 3124 --- [wallet] [restartedMain] org.hibernate.HQL_FUNCTIONS              : Double exp(NUMERIC arg)
2024-09-26T18:45:08.123+01:00 DEBUG 3124 --- [wallet] [restartedMain] org.hibernate.HQL_FUNCTIONS              : extract(TEMPORAL_UNIT field from TEMPORAL arg)
2024-09-26T18:45:08.123+01:00 DEBUG 3124 --- [wallet] [restartedMain] org.hibernate.HQL_FUNCTIONS              : first_valueANY value
2024-09-26T18:45:08.123+01:00 DEBUG 3124 --- [wallet] [restartedMain] org.hibernate.HQL_FUNCTIONS              : floor(NUMERIC arg)
2024-09-26T18:45:08.123+01:00 DEBUG 3124 --- [wallet] [restartedMain] org.hibernate.HQL_FUNCTIONS              : String format(TEMPORAL datetime as STRING pattern)
2024-09-26T18:45:08.123+01:00 DEBUG 3124 --- [wallet] [restartedMain] org.hibernate.HQL_FUNCTIONS              : greatest(COMPARABLE arg0, COMPARABLE arg1[, arg2[, ...]])
2024-09-26T18:45:08.123+01:00 DEBUG 3124 --- [wallet] [restartedMain] org.hibernate.HQL_FUNCTIONS              : Integer hour(TIME arg)
2024-09-26T18:45:08.123+01:00 DEBUG 3124 --- [wallet] [restartedMain] org.hibernate.HQL_FUNCTIONS              : ifnull(arg0, arg1)
2024-09-26T18:45:08.131+01:00 DEBUG 3124 --- [wallet] [restartedMain] org.hibernate.HQL_FUNCTIONS              : String insert(STRING string, INTEGER start, INTEGER length, STRING replacement)
2024-09-26T18:45:08.131+01:00 DEBUG 3124 --- [wallet] [restartedMain] org.hibernate.HQL_FUNCTIONS              : Instant instant
2024-09-26T18:45:08.131+01:00 DEBUG 3124 --- [wallet] [restartedMain] org.hibernate.HQL_FUNCTIONS              : Integer instr(STRING string, STRING pattern[, INTEGER start[, INTEGER occurrence]])
2024-09-26T18:45:08.131+01:00 DEBUG 3124 --- [wallet] [restartedMain] org.hibernate.HQL_FUNCTIONS              : Boolean json_valid([arg0[, ...]])
2024-09-26T18:45:08.131+01:00 DEBUG 3124 --- [wallet] [restartedMain] org.hibernate.HQL_FUNCTIONS              : lagANY value[, INTEGER offset[, ANY default]]
2024-09-26T18:45:08.131+01:00 DEBUG 3124 --- [wallet] [restartedMain] org.hibernate.HQL_FUNCTIONS              : Date last_day(DATE arg)
2024-09-26T18:45:08.131+01:00 DEBUG 3124 --- [wallet] [restartedMain] org.hibernate.HQL_FUNCTIONS              : last_valueANY value
2024-09-26T18:45:08.131+01:00 DEBUG 3124 --- [wallet] [restartedMain] org.hibernate.HQL_FUNCTIONS              : leadANY value[, INTEGER offset[, ANY default]]
2024-09-26T18:45:08.131+01:00 DEBUG 3124 --- [wallet] [restartedMain] org.hibernate.HQL_FUNCTIONS              : least(COMPARABLE arg0, COMPARABLE arg1[, arg2[, ...]])
2024-09-26T18:45:08.131+01:00 DEBUG 3124 --- [wallet] [restartedMain] org.hibernate.HQL_FUNCTIONS              : String left(STRING string, INTEGER length)
2024-09-26T18:45:08.135+01:00 DEBUG 3124 --- [wallet] [restartedMain] org.hibernate.HQL_FUNCTIONS              : Integer length(STRING_OR_CLOB arg)
2024-09-26T18:45:08.135+01:00 DEBUG 3124 --- [wallet] [restartedMain] org.hibernate.HQL_FUNCTIONS              : String listagg(STRING arg0, STRING arg1)
2024-09-26T18:45:08.135+01:00 DEBUG 3124 --- [wallet] [restartedMain] org.hibernate.HQL_FUNCTIONS              : Double ln(NUMERIC arg)
2024-09-26T18:45:08.135+01:00 DEBUG 3124 --- [wallet] [restartedMain] org.hibernate.HQL_FUNCTIONS              : LocalDate local date
2024-09-26T18:45:08.135+01:00 DEBUG 3124 --- [wallet] [restartedMain] org.hibernate.HQL_FUNCTIONS              : LocalDateTime local datetime
2024-09-26T18:45:08.135+01:00 DEBUG 3124 --- [wallet] [restartedMain] org.hibernate.HQL_FUNCTIONS              : LocalTime local time
2024-09-26T18:45:08.139+01:00 DEBUG 3124 --- [wallet] [restartedMain] org.hibernate.HQL_FUNCTIONS              : LocalDate local_date
2024-09-26T18:45:08.139+01:00 DEBUG 3124 --- [wallet] [restartedMain] org.hibernate.HQL_FUNCTIONS              : LocalDateTime local_datetime
2024-09-26T18:45:08.139+01:00 DEBUG 3124 --- [wallet] [restartedMain] org.hibernate.HQL_FUNCTIONS              : LocalTime local_time
2024-09-26T18:45:08.139+01:00 DEBUG 3124 --- [wallet] [restartedMain] org.hibernate.HQL_FUNCTIONS              : Timestamp localtime
2024-09-26T18:45:08.139+01:00 DEBUG 3124 --- [wallet] [restartedMain] org.hibernate.HQL_FUNCTIONS              : Timestamp localtimestamp
2024-09-26T18:45:08.139+01:00 DEBUG 3124 --- [wallet] [restartedMain] org.hibernate.HQL_FUNCTIONS              : Integer locate(STRING pattern, STRING string[, INTEGER start])
2024-09-26T18:45:08.139+01:00 DEBUG 3124 --- [wallet] [restartedMain] org.hibernate.HQL_FUNCTIONS              : Double log(NUMERIC arg0[, NUMERIC arg1])
2024-09-26T18:45:08.139+01:00 DEBUG 3124 --- [wallet] [restartedMain] org.hibernate.HQL_FUNCTIONS              : Double log10(NUMERIC arg)
2024-09-26T18:45:08.139+01:00 DEBUG 3124 --- [wallet] [restartedMain] org.hibernate.HQL_FUNCTIONS              : Double log2(NUMERIC arg)
2024-09-26T18:45:08.139+01:00 DEBUG 3124 --- [wallet] [restartedMain] org.hibernate.HQL_FUNCTIONS              : String lower(STRING string)
2024-09-26T18:45:08.139+01:00 DEBUG 3124 --- [wallet] [restartedMain] org.hibernate.HQL_FUNCTIONS              : String lpad(string, length[, padding])
2024-09-26T18:45:08.139+01:00 DEBUG 3124 --- [wallet] [restartedMain] org.hibernate.HQL_FUNCTIONS              : String ltrim(STRING string[, STRING characters])
2024-09-26T18:45:08.139+01:00 DEBUG 3124 --- [wallet] [restartedMain] org.hibernate.HQL_FUNCTIONS              : Date makedate(INTEGER year, INTEGER dayofyear)
2024-09-26T18:45:08.139+01:00 DEBUG 3124 --- [wallet] [restartedMain] org.hibernate.HQL_FUNCTIONS              : Time maketime(INTEGER hour, INTEGER min, INTEGER sec)
2024-09-26T18:45:08.139+01:00 DEBUG 3124 --- [wallet] [restartedMain] org.hibernate.HQL_FUNCTIONS              : max(COMPARABLE arg)
2024-09-26T18:45:08.139+01:00 DEBUG 3124 --- [wallet] [restartedMain] org.hibernate.HQL_FUNCTIONS              : String md5(arg)
2024-09-26T18:45:08.139+01:00 DEBUG 3124 --- [wallet] [restartedMain] org.hibernate.HQL_FUNCTIONS              : Double median(NUMERIC arg)
2024-09-26T18:45:08.139+01:00 DEBUG 3124 --- [wallet] [restartedMain] org.hibernate.HQL_FUNCTIONS              : Integer microsecond(TIME arg)
2024-09-26T18:45:08.139+01:00 DEBUG 3124 --- [wallet] [restartedMain] org.hibernate.HQL_FUNCTIONS              : min(COMPARABLE arg)
2024-09-26T18:45:08.139+01:00 DEBUG 3124 --- [wallet] [restartedMain] org.hibernate.HQL_FUNCTIONS              : Integer minute(TIME arg)
2024-09-26T18:45:08.139+01:00 DEBUG 3124 --- [wallet] [restartedMain] org.hibernate.HQL_FUNCTIONS              : Integer mod(INTEGER arg0, INTEGER arg1)
2024-09-26T18:45:08.139+01:00 DEBUG 3124 --- [wallet] [restartedMain] org.hibernate.HQL_FUNCTIONS              : Integer month(DATE arg)
2024-09-26T18:45:08.139+01:00 DEBUG 3124 --- [wallet] [restartedMain] org.hibernate.HQL_FUNCTIONS              : String monthname(DATE arg)
2024-09-26T18:45:08.139+01:00 DEBUG 3124 --- [wallet] [restartedMain] org.hibernate.HQL_FUNCTIONS              : Timestamp now()
2024-09-26T18:45:08.139+01:00 DEBUG 3124 --- [wallet] [restartedMain] org.hibernate.HQL_FUNCTIONS              : nth_valueANY value, INTEGER nth
2024-09-26T18:45:08.139+01:00 DEBUG 3124 --- [wallet] [restartedMain] org.hibernate.HQL_FUNCTIONS              : nullif(arg0, arg1)
2024-09-26T18:45:08.139+01:00 DEBUG 3124 --- [wallet] [restartedMain] org.hibernate.HQL_FUNCTIONS              : Integer octet_length(STRING_OR_CLOB arg)
2024-09-26T18:45:08.139+01:00 DEBUG 3124 --- [wallet] [restartedMain] org.hibernate.HQL_FUNCTIONS              : OffsetDateTime offset datetime
2024-09-26T18:45:08.139+01:00 DEBUG 3124 --- [wallet] [restartedMain] org.hibernate.HQL_FUNCTIONS              : OffsetDateTime offset_datetime
2024-09-26T18:45:08.147+01:00 DEBUG 3124 --- [wallet] [restartedMain] org.hibernate.HQL_FUNCTIONS              : String overlay(STRING string placing STRING replacement from INTEGER start[ for INTEGER length])
2024-09-26T18:45:08.147+01:00 DEBUG 3124 --- [wallet] [restartedMain] org.hibernate.HQL_FUNCTIONS              : String pad(STRING string with INTEGER length {leading|trailing}[ STRING character])
2024-09-26T18:45:08.147+01:00 DEBUG 3124 --- [wallet] [restartedMain] org.hibernate.HQL_FUNCTIONS              : Double percent_rank([arg0[, ...]])
2024-09-26T18:45:08.147+01:00 DEBUG 3124 --- [wallet] [restartedMain] org.hibernate.HQL_FUNCTIONS              : percentile_cont(NUMERIC arg)
2024-09-26T18:45:08.147+01:00 DEBUG 3124 --- [wallet] [restartedMain] org.hibernate.HQL_FUNCTIONS              : percentile_disc(NUMERIC arg)
2024-09-26T18:45:08.147+01:00 DEBUG 3124 --- [wallet] [restartedMain] org.hibernate.HQL_FUNCTIONS              : Double pi
2024-09-26T18:45:08.147+01:00 DEBUG 3124 --- [wallet] [restartedMain] org.hibernate.HQL_FUNCTIONS              : Integer position(STRING pattern in STRING string)
2024-09-26T18:45:08.147+01:00 DEBUG 3124 --- [wallet] [restartedMain] org.hibernate.HQL_FUNCTIONS              : Double power(NUMERIC arg0, NUMERIC arg1)
2024-09-26T18:45:08.147+01:00 DEBUG 3124 --- [wallet] [restartedMain] org.hibernate.HQL_FUNCTIONS              : Integer quarter(DATE arg)
2024-09-26T18:45:08.147+01:00 DEBUG 3124 --- [wallet] [restartedMain] org.hibernate.HQL_FUNCTIONS              : Double radians(NUMERIC arg)
2024-09-26T18:45:08.147+01:00 DEBUG 3124 --- [wallet] [restartedMain] org.hibernate.HQL_FUNCTIONS              : Double rand([INTEGER seed])
2024-09-26T18:45:08.147+01:00 DEBUG 3124 --- [wallet] [restartedMain] org.hibernate.HQL_FUNCTIONS              : Long rank([arg0[, ...]])
2024-09-26T18:45:08.147+01:00 DEBUG 3124 --- [wallet] [restartedMain] org.hibernate.HQL_FUNCTIONS              : String repeat(STRING string, INTEGER times)
2024-09-26T18:45:08.147+01:00 DEBUG 3124 --- [wallet] [restartedMain] org.hibernate.HQL_FUNCTIONS              : String replace(STRING string, STRING pattern, STRING replacement)
2024-09-26T18:45:08.147+01:00 DEBUG 3124 --- [wallet] [restartedMain] org.hibernate.HQL_FUNCTIONS              : String reverse(STRING arg)
2024-09-26T18:45:08.147+01:00 DEBUG 3124 --- [wallet] [restartedMain] org.hibernate.HQL_FUNCTIONS              : String right(STRING string, INTEGER length)
2024-09-26T18:45:08.147+01:00 DEBUG 3124 --- [wallet] [restartedMain] org.hibernate.HQL_FUNCTIONS              : round(NUMERIC number[, INTEGER places])
2024-09-26T18:45:08.147+01:00 DEBUG 3124 --- [wallet] [restartedMain] org.hibernate.HQL_FUNCTIONS              : Long row_number()
2024-09-26T18:45:08.147+01:00 DEBUG 3124 --- [wallet] [restartedMain] org.hibernate.HQL_FUNCTIONS              : String rpad(string, length[, padding])
2024-09-26T18:45:08.147+01:00 DEBUG 3124 --- [wallet] [restartedMain] org.hibernate.HQL_FUNCTIONS              : String rtrim(STRING string[, STRING characters])
2024-09-26T18:45:08.147+01:00 DEBUG 3124 --- [wallet] [restartedMain] org.hibernate.HQL_FUNCTIONS              : Integer second(TIME arg)
2024-09-26T18:45:08.147+01:00 DEBUG 3124 --- [wallet] [restartedMain] org.hibernate.HQL_FUNCTIONS              : String sha(arg)
2024-09-26T18:45:08.147+01:00 DEBUG 3124 --- [wallet] [restartedMain] org.hibernate.HQL_FUNCTIONS              : String sha1(arg)
2024-09-26T18:45:08.147+01:00 DEBUG 3124 --- [wallet] [restartedMain] org.hibernate.HQL_FUNCTIONS              : String sha2(arg0, arg1)
2024-09-26T18:45:08.147+01:00 DEBUG 3124 --- [wallet] [restartedMain] org.hibernate.HQL_FUNCTIONS              : Integer sign(NUMERIC arg)
2024-09-26T18:45:08.155+01:00 DEBUG 3124 --- [wallet] [restartedMain] org.hibernate.HQL_FUNCTIONS              : Double sin(NUMERIC arg)
2024-09-26T18:45:08.155+01:00 DEBUG 3124 --- [wallet] [restartedMain] org.hibernate.HQL_FUNCTIONS              : Double sinh(NUMERIC arg)
2024-09-26T18:45:08.155+01:00 DEBUG 3124 --- [wallet] [restartedMain] org.hibernate.HQL_FUNCTIONS              : String soundex(arg)
2024-09-26T18:45:08.155+01:00 DEBUG 3124 --- [wallet] [restartedMain] org.hibernate.HQL_FUNCTIONS              : String space(INTEGER arg)
2024-09-26T18:45:08.155+01:00 DEBUG 3124 --- [wallet] [restartedMain] org.hibernate.HQL_FUNCTIONS              : Object sql
2024-09-26T18:45:08.155+01:00 DEBUG 3124 --- [wallet] [restartedMain] org.hibernate.HQL_FUNCTIONS              : Double sqrt(NUMERIC arg)
2024-09-26T18:45:08.155+01:00 DEBUG 3124 --- [wallet] [restartedMain] org.hibernate.HQL_FUNCTIONS              : Double stddev(NUMERIC arg)
2024-09-26T18:45:08.155+01:00 DEBUG 3124 --- [wallet] [restartedMain] org.hibernate.HQL_FUNCTIONS              : Double stddev_pop(NUMERIC arg)
2024-09-26T18:45:08.155+01:00 DEBUG 3124 --- [wallet] [restartedMain] org.hibernate.HQL_FUNCTIONS              : Double stddev_samp(NUMERIC arg)
2024-09-26T18:45:08.155+01:00 DEBUG 3124 --- [wallet] [restartedMain] org.hibernate.HQL_FUNCTIONS              : String str(arg)
2024-09-26T18:45:08.155+01:00 DEBUG 3124 --- [wallet] [restartedMain] org.hibernate.HQL_FUNCTIONS              : subdate(DATE datetime, INTEGER days)
2024-09-26T18:45:08.155+01:00 DEBUG 3124 --- [wallet] [restartedMain] org.hibernate.HQL_FUNCTIONS              : String substr(STRING string, INTEGER start[, INTEGER length])
2024-09-26T18:45:08.155+01:00 DEBUG 3124 --- [wallet] [restartedMain] org.hibernate.HQL_FUNCTIONS              : String substring(STRING string{ from|,} INTEGER start[{ for|,} INTEGER length])
2024-09-26T18:45:08.155+01:00 DEBUG 3124 --- [wallet] [restartedMain] org.hibernate.HQL_FUNCTIONS              : subtime(TIME datetime, TIME time)
2024-09-26T18:45:08.155+01:00 DEBUG 3124 --- [wallet] [restartedMain] org.hibernate.HQL_FUNCTIONS              : sum(arg)
2024-09-26T18:45:08.155+01:00 DEBUG 3124 --- [wallet] [restartedMain] org.hibernate.HQL_FUNCTIONS              : Timestamp sysdate()
2024-09-26T18:45:08.155+01:00 DEBUG 3124 --- [wallet] [restartedMain] org.hibernate.HQL_FUNCTIONS              : Double tan(NUMERIC arg)
2024-09-26T18:45:08.155+01:00 DEBUG 3124 --- [wallet] [restartedMain] org.hibernate.HQL_FUNCTIONS              : Double tanh(NUMERIC arg)
2024-09-26T18:45:08.155+01:00 DEBUG 3124 --- [wallet] [restartedMain] org.hibernate.HQL_FUNCTIONS              : String time(arg)
2024-09-26T18:45:08.155+01:00 DEBUG 3124 --- [wallet] [restartedMain] org.hibernate.HQL_FUNCTIONS              : Timestamp timestamp(arg0[, arg1])
2024-09-26T18:45:08.155+01:00 DEBUG 3124 --- [wallet] [restartedMain] org.hibernate.HQL_FUNCTIONS              : timestampadd(TEMPORAL_UNIT field, INTEGER magnitude, TEMPORAL datetime)
2024-09-26T18:45:08.155+01:00 DEBUG 3124 --- [wallet] [restartedMain] org.hibernate.HQL_FUNCTIONS              : Long|Double timestampdiff(TEMPORAL_UNIT field, TEMPORAL start, TEMPORAL end)
2024-09-26T18:45:08.155+01:00 DEBUG 3124 --- [wallet] [restartedMain] org.hibernate.HQL_FUNCTIONS              : String trim([[{leading|trailing|both} ][STRING arg0 ]from] STRING arg1)
2024-09-26T18:45:08.155+01:00 DEBUG 3124 --- [wallet] [restartedMain] org.hibernate.HQL_FUNCTIONS              : trunc( ... )
2024-09-26T18:45:08.155+01:00 DEBUG 3124 --- [wallet] [restartedMain] org.hibernate.HQL_FUNCTIONS              : truncate( ... )
2024-09-26T18:45:08.155+01:00 DEBUG 3124 --- [wallet] [restartedMain] org.hibernate.HQL_FUNCTIONS              : String upper(STRING string)
2024-09-26T18:45:08.155+01:00 DEBUG 3124 --- [wallet] [restartedMain] org.hibernate.HQL_FUNCTIONS              : Date utc_date
2024-09-26T18:45:08.155+01:00 DEBUG 3124 --- [wallet] [restartedMain] org.hibernate.HQL_FUNCTIONS              : Time utc_time
2024-09-26T18:45:08.155+01:00 DEBUG 3124 --- [wallet] [restartedMain] org.hibernate.HQL_FUNCTIONS              : Timestamp utc_timestamp
2024-09-26T18:45:08.155+01:00 DEBUG 3124 --- [wallet] [restartedMain] org.hibernate.HQL_FUNCTIONS              : Double var_pop(NUMERIC arg)
2024-09-26T18:45:08.155+01:00 DEBUG 3124 --- [wallet] [restartedMain] org.hibernate.HQL_FUNCTIONS              : Double var_samp(NUMERIC arg)
2024-09-26T18:45:08.155+01:00 DEBUG 3124 --- [wallet] [restartedMain] org.hibernate.HQL_FUNCTIONS              : Double variance(NUMERIC arg)
2024-09-26T18:45:08.155+01:00 DEBUG 3124 --- [wallet] [restartedMain] org.hibernate.HQL_FUNCTIONS              : Integer week(DATE arg)
2024-09-26T18:45:08.163+01:00 DEBUG 3124 --- [wallet] [restartedMain] org.hibernate.HQL_FUNCTIONS              : Integer year(DATE arg)
2024-09-26T18:45:08.163+01:00 DEBUG 3124 --- [wallet] [restartedMain] org.hibernate.orm.query.plan.cache       : Starting QueryInterpretationCache(2048)
2024-09-26T18:45:08.251+01:00 DEBUG 3124 --- [wallet] [restartedMain] .h.s.i.SessionFactoryServiceRegistryImpl : EventListenerRegistry access via ServiceRegistry is deprecated.  Use `sessionFactory.getEventEngine().getListenerRegistry()` instead
2024-09-26T18:45:08.251+01:00 DEBUG 3124 --- [wallet] [restartedMain] h.e.i.EntityCopyObserverFactoryInitiator : Configured EntityCopyObserver strategy: disallow
2024-09-26T18:45:08.347+01:00 DEBUG 3124 --- [wallet] [restartedMain] o.h.boot.internal.ClassLoaderAccessImpl  : Not known whether passed class name [com.example.wallet.Entities.Operation] is safe
2024-09-26T18:45:08.347+01:00 DEBUG 3124 --- [wallet] [restartedMain] o.h.boot.internal.ClassLoaderAccessImpl  : No temp ClassLoader provided; using live ClassLoader for loading potentially unsafe class : com.example.wallet.Entities.Operation
2024-09-26T18:45:08.563+01:00 DEBUG 3124 --- [wallet] [restartedMain] o.h.b.i.bytebuddy.BytecodeProviderImpl   : HHH000513: Unable to create the ReflectionOptimizer for [com.example.wallet.Entities.Operation]: private accessor [amount]
2024-09-26T18:45:08.579+01:00 DEBUG 3124 --- [wallet] [restartedMain] o.h.boot.internal.ClassLoaderAccessImpl  : Not known whether passed class name [com.example.wallet.Entities.User] is safe
2024-09-26T18:45:08.579+01:00 DEBUG 3124 --- [wallet] [restartedMain] o.h.boot.internal.ClassLoaderAccessImpl  : No temp ClassLoader provided; using live ClassLoader for loading potentially unsafe class : com.example.wallet.Entities.User
2024-09-26T18:45:08.595+01:00 DEBUG 3124 --- [wallet] [restartedMain] o.h.b.i.bytebuddy.BytecodeProviderImpl   : HHH000513: Unable to create the ReflectionOptimizer for [com.example.wallet.Entities.User]: private accessor [Password]
2024-09-26T18:45:08.611+01:00 DEBUG 3124 --- [wallet] [restartedMain] o.hibernate.orm.model.mapping.creation   : Starting post-init callbacks
2024-09-26T18:45:08.611+01:00 DEBUG 3124 --- [wallet] [restartedMain] o.hibernate.orm.model.mapping.creation   : Starting PostInitCallbackEntry : Entity(com.example.wallet.Entities.Operation) `staticFetchableList` generator
2024-09-26T18:45:08.611+01:00 DEBUG 3124 --- [wallet] [restartedMain] o.hibernate.orm.model.mapping.creation   : Starting PostInitCallbackEntry : Entity(com.example.wallet.Entities.User) `staticFetchableList` generator
2024-09-26T18:45:08.691+01:00 DEBUG 3124 --- [wallet] [restartedMain] org.hibernate.orm.sql.ast.create         : Created new SQL alias : o1_0
2024-09-26T18:45:08.691+01:00 DEBUG 3124 --- [wallet] [restartedMain] org.hibernate.orm.sql.ast.create         : Registration of TableGroup [StandardTableGroup(com.example.wallet.Entities.Operation)] with identifierForTableGroup [com.example.wallet.Entities.Operation] for NavigablePath [com.example.wallet.Entities.Operation] 
2024-09-26T18:45:08.707+01:00 DEBUG 3124 --- [wallet] [restartedMain] org.hibernate.orm.results.graph.AST      : DomainResult Graph:
 \-EntityResultImpl [com.example.wallet.Entities.Operation]
 |  +-BasicFetch [com.example.wallet.Entities.Operation.amount]
 |  +-BasicFetch [com.example.wallet.Entities.Operation.category]
 |  +-BasicFetch [com.example.wallet.Entities.Operation.createdAt]
 |  +-BasicFetch [com.example.wallet.Entities.Operation.operationType]
 |  \-BasicFetch [com.example.wallet.Entities.Operation.updatedAt]

2024-09-26T18:45:08.707+01:00 DEBUG 3124 --- [wallet] [restartedMain] org.hibernate.orm.sql.ast.tree           : SQL AST Tree:
    SelectStatement {
      FromClause {
        StandardTableGroup (o1 : com.example.wallet.Entities.Operation) {
          primaryTableReference : operation as o1_0
        }
      }
    }

2024-09-26T18:45:08.723+01:00 DEBUG 3124 --- [wallet] [restartedMain] o.h.p.entity.AbstractEntityPersister     : Static SQL for entity: com.example.wallet.Entities.Operation
2024-09-26T18:45:08.723+01:00 DEBUG 3124 --- [wallet] [restartedMain] o.h.p.entity.AbstractEntityPersister     :  Version select: select operation_id from operation where operation_id=?
2024-09-26T18:45:08.723+01:00 DEBUG 3124 --- [wallet] [restartedMain] o.h.p.entity.AbstractEntityPersister     :  Insert (0): insert into operation (amount,category,created_at,operation_type,updated_at) values (?,?,?,?,?) returning operation_id
2024-09-26T18:45:08.723+01:00 DEBUG 3124 --- [wallet] [restartedMain] o.h.p.entity.AbstractEntityPersister     :  Update (0): update operation set amount=?,category=?,created_at=?,operation_type=?,updated_at=? where operation_id=?
2024-09-26T18:45:08.723+01:00 DEBUG 3124 --- [wallet] [restartedMain] o.h.p.entity.AbstractEntityPersister     :  Delete (0): delete from operation where operation_id=?
2024-09-26T18:45:08.723+01:00 DEBUG 3124 --- [wallet] [restartedMain] org.hibernate.orm.sql.ast.create         : Created new SQL alias : u1_0
2024-09-26T18:45:08.723+01:00 DEBUG 3124 --- [wallet] [restartedMain] org.hibernate.orm.sql.ast.create         : Registration of TableGroup [StandardTableGroup(com.example.wallet.Entities.User)] with identifierForTableGroup [com.example.wallet.Entities.User] for NavigablePath [com.example.wallet.Entities.User] 
2024-09-26T18:45:08.723+01:00 DEBUG 3124 --- [wallet] [restartedMain] org.hibernate.orm.results.graph.AST      : DomainResult Graph:
 \-EntityResultImpl [com.example.wallet.Entities.User]
 |  +-BasicFetch [com.example.wallet.Entities.User.Password]
 |  \-BasicFetch [com.example.wallet.Entities.User.username]

2024-09-26T18:45:08.723+01:00 DEBUG 3124 --- [wallet] [restartedMain] org.hibernate.orm.sql.ast.tree           : SQL AST Tree:
    SelectStatement {
      FromClause {
        StandardTableGroup (u1 : com.example.wallet.Entities.User) {
          primaryTableReference : user as u1_0
        }
      }
    }

2024-09-26T18:45:08.723+01:00 DEBUG 3124 --- [wallet] [restartedMain] o.h.p.entity.AbstractEntityPersister     : Static SQL for entity: com.example.wallet.Entities.User
2024-09-26T18:45:08.723+01:00 DEBUG 3124 --- [wallet] [restartedMain] o.h.p.entity.AbstractEntityPersister     :  Version select: select user_id from user where user_id=?
2024-09-26T18:45:08.723+01:00 DEBUG 3124 --- [wallet] [restartedMain] o.h.p.entity.AbstractEntityPersister     :  Insert (0): insert into user (password,username) values (?,?) returning user_id
2024-09-26T18:45:08.723+01:00 DEBUG 3124 --- [wallet] [restartedMain] o.h.p.entity.AbstractEntityPersister     :  Update (0): update user set password=?,username=? where user_id=?
2024-09-26T18:45:08.723+01:00 DEBUG 3124 --- [wallet] [restartedMain] o.h.p.entity.AbstractEntityPersister     :  Delete (0): delete from user where user_id=?
2024-09-26T18:45:08.755+01:00  INFO 3124 --- [wallet] [restartedMain] o.h.e.t.j.p.i.JtaPlatformInitiator       : HHH000489: No JTA platform available (set 'hibernate.transaction.jta.platform' to enable JTA platform integration)
2024-09-26T18:45:08.755+01:00 DEBUG 3124 --- [wallet] [restartedMain] o.h.type.spi.TypeConfiguration$Scope     : Scoping TypeConfiguration [org.hibernate.type.spi.TypeConfiguration@7b0e4fee] to SessionFactoryImplementor [org.hibernate.internal.SessionFactoryImpl@111fea7]
2024-09-26T18:45:08.755+01:00 DEBUG 3124 --- [wallet] [restartedMain] o.h.query.named.NamedObjectRepository    : Checking 0 named HQL queries
2024-09-26T18:45:08.755+01:00 DEBUG 3124 --- [wallet] [restartedMain] o.h.query.named.NamedObjectRepository    : Checking 0 named SQL queries
2024-09-26T18:45:08.755+01:00 DEBUG 3124 --- [wallet] [restartedMain] .h.t.s.s.SchemaManagementToolCoordinator : No schema actions specified for contributor `orm`; doing nothing
2024-09-26T18:45:08.755+01:00 DEBUG 3124 --- [wallet] [restartedMain] .h.t.s.s.SchemaManagementToolCoordinator : No actions found; doing nothing
2024-09-26T18:45:08.755+01:00 DEBUG 3124 --- [wallet] [restartedMain] o.h.internal.SessionFactoryRegistry      : Initializing SessionFactoryRegistry : org.hibernate.internal.SessionFactoryRegistry@487b474c
2024-09-26T18:45:08.755+01:00 DEBUG 3124 --- [wallet] [restartedMain] o.h.internal.SessionFactoryRegistry      : Registering SessionFactory: 852340d0-b57e-487d-bbf7-d7808d053210 (<unnamed>)
2024-09-26T18:45:08.755+01:00 DEBUG 3124 --- [wallet] [restartedMain] o.h.internal.SessionFactoryRegistry      : Not binding SessionFactory to JNDI, no JNDI name configured
2024-09-26T18:45:08.755+01:00 DEBUG 3124 --- [wallet] [restartedMain] o.hibernate.internal.SessionFactoryImpl  : Instantiated SessionFactory
2024-09-26T18:45:08.755+01:00  INFO 3124 --- [wallet] [restartedMain] j.LocalContainerEntityManagerFactoryBean : Initialized JPA EntityManagerFactory for persistence unit 'default'
2024-09-26T18:45:08.935+01:00 DEBUG 3124 --- [wallet] [restartedMain] o.h.stat.internal.StatisticsInitiator    : Statistics initialized [enabled=false]
2024-09-26T18:45:09.116+01:00 DEBUG 3124 --- [wallet] [restartedMain] cResourceLocalTransactionCoordinatorImpl : JDBC transaction marked for rollback-only (exception provided for stack trace)

java.lang.Exception: exception just for purpose of providing stack trace
	at org.hibernate.resource.transaction.backend.jdbc.internal.JdbcResourceLocalTransactionCoordinatorImpl$TransactionDriverControlImpl.markRollbackOnly(JdbcResourceLocalTransactionCoordinatorImpl.java:309) ~[hibernate-core-6.6.1.Final.jar:6.6.1.Final]
	at org.hibernate.internal.AbstractSharedSessionContract.buildNamedQuery(AbstractSharedSessionContract.java:1138) ~[hibernate-core-6.6.1.Final.jar:6.6.1.Final]
	at org.hibernate.internal.AbstractSharedSessionContract.createNamedQuery(AbstractSharedSessionContract.java:1016) ~[hibernate-core-6.6.1.Final.jar:6.6.1.Final]
	at org.hibernate.internal.AbstractSharedSessionContract.createNamedQuery(AbstractSharedSessionContract.java:142) ~[hibernate-core-6.6.1.Final.jar:6.6.1.Final]
	at java.base/jdk.internal.reflect.NativeMethodAccessorImpl.invoke0(Native Method) ~[na:na]
	at java.base/jdk.internal.reflect.NativeMethodAccessorImpl.invoke(NativeMethodAccessorImpl.java:77) ~[na:na]
	at java.base/jdk.internal.reflect.DelegatingMethodAccessorImpl.invoke(DelegatingMethodAccessorImpl.java:43) ~[na:na]
	at java.base/java.lang.reflect.Method.invoke(Method.java:568) ~[na:na]
	at org.springframework.orm.jpa.ExtendedEntityManagerCreator$ExtendedEntityManagerInvocationHandler.invoke(ExtendedEntityManagerCreator.java:364) ~[spring-orm-6.2.0-RC1.jar:6.2.0-RC1]
	at jdk.proxy4/jdk.proxy4.$Proxy116.createNamedQuery(Unknown Source) ~[na:na]
	at org.springframework.data.jpa.repository.query.NamedQuery.hasNamedQuery(NamedQuery.java:113) ~[spring-data-jpa-3.4.0-M1.jar:3.4.0-M1]
	at org.springframework.data.jpa.repository.query.NamedQuery.lookupFrom(NamedQuery.java:139) ~[spring-data-jpa-3.4.0-M1.jar:3.4.0-M1]
	at org.springframework.data.jpa.repository.query.JpaQueryLookupStrategy$DeclaredQueryLookupStrategy.resolveQuery(JpaQueryLookupStrategy.java:180) ~[spring-data-jpa-3.4.0-M1.jar:3.4.0-M1]
	at org.springframework.data.jpa.repository.query.JpaQueryLookupStrategy$CreateIfNotFoundQueryLookupStrategy.resolveQuery(JpaQueryLookupStrategy.java:252) ~[spring-data-jpa-3.4.0-M1.jar:3.4.0-M1]
	at org.springframework.data.jpa.repository.query.JpaQueryLookupStrategy$AbstractQueryLookupStrategy.resolveQuery(JpaQueryLookupStrategy.java:95) ~[spring-data-jpa-3.4.0-M1.jar:3.4.0-M1]
	at org.springframework.data.repository.core.support.QueryExecutorMethodInterceptor.lookupQuery(QueryExecutorMethodInterceptor.java:116) ~[spring-data-commons-3.4.0-M1.jar:3.4.0-M1]
	at org.springframework.data.repository.core.support.QueryExecutorMethodInterceptor.mapMethodsToQuery(QueryExecutorMethodInterceptor.java:104) ~[spring-data-commons-3.4.0-M1.jar:3.4.0-M1]
	at org.springframework.data.repository.core.support.QueryExecutorMethodInterceptor.lambda$new$0(QueryExecutorMethodInterceptor.java:92) ~[spring-data-commons-3.4.0-M1.jar:3.4.0-M1]
	at java.base/java.util.Optional.map(Optional.java:260) ~[na:na]
	at org.springframework.data.repository.core.support.QueryExecutorMethodInterceptor.<init>(QueryExecutorMethodInterceptor.java:92) ~[spring-data-commons-3.4.0-M1.jar:3.4.0-M1]
	at org.springframework.data.repository.core.support.RepositoryFactorySupport.getRepository(RepositoryFactorySupport.java:388) ~[spring-data-commons-3.4.0-M1.jar:3.4.0-M1]
	at org.springframework.data.repository.core.support.RepositoryFactoryBeanSupport.lambda$afterPropertiesSet$5(RepositoryFactoryBeanSupport.java:302) ~[spring-data-commons-3.4.0-M1.jar:3.4.0-M1]
	at org.springframework.data.util.Lazy.getNullable(Lazy.java:135) ~[spring-data-commons-3.4.0-M1.jar:3.4.0-M1]
	at org.springframework.data.util.Lazy.get(Lazy.java:113) ~[spring-data-commons-3.4.0-M1.jar:3.4.0-M1]
	at org.springframework.data.repository.core.support.RepositoryFactoryBeanSupport.afterPropertiesSet(RepositoryFactoryBeanSupport.java:308) ~[spring-data-commons-3.4.0-M1.jar:3.4.0-M1]
	at org.springframework.data.jpa.repository.support.JpaRepositoryFactoryBean.afterPropertiesSet(JpaRepositoryFactoryBean.java:132) ~[spring-data-jpa-3.4.0-M1.jar:3.4.0-M1]
	at org.springframework.beans.factory.support.AbstractAutowireCapableBeanFactory.invokeInitMethods(AbstractAutowireCapableBeanFactory.java:1849) ~[spring-beans-6.2.0-RC1.jar:6.2.0-RC1]
	at org.springframework.beans.factory.support.AbstractAutowireCapableBeanFactory.initializeBean(AbstractAutowireCapableBeanFactory.java:1798) ~[spring-beans-6.2.0-RC1.jar:6.2.0-RC1]
	at org.springframework.beans.factory.support.AbstractAutowireCapableBeanFactory.doCreateBean(AbstractAutowireCapableBeanFactory.java:601) ~[spring-beans-6.2.0-RC1.jar:6.2.0-RC1]
	at org.springframework.beans.factory.support.AbstractAutowireCapableBeanFactory.createBean(AbstractAutowireCapableBeanFactory.java:523) ~[spring-beans-6.2.0-RC1.jar:6.2.0-RC1]
	at org.springframework.beans.factory.support.AbstractBeanFactory.lambda$doGetBean$0(AbstractBeanFactory.java:336) ~[spring-beans-6.2.0-RC1.jar:6.2.0-RC1]
	at org.springframework.beans.factory.support.DefaultSingletonBeanRegistry.getSingleton(DefaultSingletonBeanRegistry.java:288) ~[spring-beans-6.2.0-RC1.jar:6.2.0-RC1]
	at org.springframework.beans.factory.support.AbstractBeanFactory.doGetBean(AbstractBeanFactory.java:334) ~[spring-beans-6.2.0-RC1.jar:6.2.0-RC1]
	at org.springframework.beans.factory.support.AbstractBeanFactory.getBean(AbstractBeanFactory.java:199) ~[spring-beans-6.2.0-RC1.jar:6.2.0-RC1]
	at org.springframework.beans.factory.support.DefaultListableBeanFactory.doResolveDependency(DefaultListableBeanFactory.java:1568) ~[spring-beans-6.2.0-RC1.jar:6.2.0-RC1]
	at org.springframework.beans.factory.support.DefaultListableBeanFactory.resolveDependency(DefaultListableBeanFactory.java:1514) ~[spring-beans-6.2.0-RC1.jar:6.2.0-RC1]
	at org.springframework.beans.factory.support.ConstructorResolver.resolveAutowiredArgument(ConstructorResolver.java:913) ~[spring-beans-6.2.0-RC1.jar:6.2.0-RC1]
	at org.springframework.beans.factory.support.ConstructorResolver.createArgumentArray(ConstructorResolver.java:791) ~[spring-beans-6.2.0-RC1.jar:6.2.0-RC1]
	at org.springframework.beans.factory.support.ConstructorResolver.autowireConstructor(ConstructorResolver.java:240) ~[spring-beans-6.2.0-RC1.jar:6.2.0-RC1]
	at org.springframework.beans.factory.support.AbstractAutowireCapableBeanFactory.autowireConstructor(AbstractAutowireCapableBeanFactory.java:1371) ~[spring-beans-6.2.0-RC1.jar:6.2.0-RC1]
	at org.springframework.beans.factory.support.AbstractAutowireCapableBeanFactory.createBeanInstance(AbstractAutowireCapableBeanFactory.java:1208) ~[spring-beans-6.2.0-RC1.jar:6.2.0-RC1]
	at org.springframework.beans.factory.support.AbstractAutowireCapableBeanFactory.doCreateBean(AbstractAutowireCapableBeanFactory.java:563) ~[spring-beans-6.2.0-RC1.jar:6.2.0-RC1]
	at org.springframework.beans.factory.support.AbstractAutowireCapableBeanFactory.createBean(AbstractAutowireCapableBeanFactory.java:523) ~[spring-beans-6.2.0-RC1.jar:6.2.0-RC1]
	at org.springframework.beans.factory.support.AbstractBeanFactory.lambda$doGetBean$0(AbstractBeanFactory.java:336) ~[spring-beans-6.2.0-RC1.jar:6.2.0-RC1]
	at org.springframework.beans.factory.support.DefaultSingletonBeanRegistry.getSingleton(DefaultSingletonBeanRegistry.java:288) ~[spring-beans-6.2.0-RC1.jar:6.2.0-RC1]
	at org.springframework.beans.factory.support.AbstractBeanFactory.doGetBean(AbstractBeanFactory.java:334) ~[spring-beans-6.2.0-RC1.jar:6.2.0-RC1]
	at org.springframework.beans.factory.support.AbstractBeanFactory.getBean(AbstractBeanFactory.java:199) ~[spring-beans-6.2.0-RC1.jar:6.2.0-RC1]
	at org.springframework.beans.factory.config.DependencyDescriptor.resolveCandidate(DependencyDescriptor.java:254) ~[spring-beans-6.2.0-RC1.jar:6.2.0-RC1]
	at org.springframework.beans.factory.support.DefaultListableBeanFactory.doResolveDependency(DefaultListableBeanFactory.java:1626) ~[spring-beans-6.2.0-RC1.jar:6.2.0-RC1]
	at org.springframework.beans.factory.support.DefaultListableBeanFactory.resolveDependency(DefaultListableBeanFactory.java:1514) ~[spring-beans-6.2.0-RC1.jar:6.2.0-RC1]
	at org.springframework.beans.factory.support.ConstructorResolver.resolveAutowiredArgument(ConstructorResolver.java:913) ~[spring-beans-6.2.0-RC1.jar:6.2.0-RC1]
	at org.springframework.beans.factory.support.ConstructorResolver.createArgumentArray(ConstructorResolver.java:791) ~[spring-beans-6.2.0-RC1.jar:6.2.0-RC1]
	at org.springframework.beans.factory.support.ConstructorResolver.autowireConstructor(ConstructorResolver.java:240) ~[spring-beans-6.2.0-RC1.jar:6.2.0-RC1]
	at org.springframework.beans.factory.support.AbstractAutowireCapableBeanFactory.autowireConstructor(AbstractAutowireCapableBeanFactory.java:1371) ~[spring-beans-6.2.0-RC1.jar:6.2.0-RC1]
	at org.springframework.beans.factory.support.AbstractAutowireCapableBeanFactory.createBeanInstance(AbstractAutowireCapableBeanFactory.java:1208) ~[spring-beans-6.2.0-RC1.jar:6.2.0-RC1]
	at org.springframework.beans.factory.support.AbstractAutowireCapableBeanFactory.doCreateBean(AbstractAutowireCapableBeanFactory.java:563) ~[spring-beans-6.2.0-RC1.jar:6.2.0-RC1]
	at org.springframework.beans.factory.support.AbstractAutowireCapableBeanFactory.createBean(AbstractAutowireCapableBeanFactory.java:523) ~[spring-beans-6.2.0-RC1.jar:6.2.0-RC1]
	at org.springframework.beans.factory.support.AbstractBeanFactory.lambda$doGetBean$0(AbstractBeanFactory.java:336) ~[spring-beans-6.2.0-RC1.jar:6.2.0-RC1]
	at org.springframework.beans.factory.support.DefaultSingletonBeanRegistry.getSingleton(DefaultSingletonBeanRegistry.java:288) ~[spring-beans-6.2.0-RC1.jar:6.2.0-RC1]
	at org.springframework.beans.factory.support.AbstractBeanFactory.doGetBean(AbstractBeanFactory.java:334) ~[spring-beans-6.2.0-RC1.jar:6.2.0-RC1]
	at org.springframework.beans.factory.support.AbstractBeanFactory.getBean(AbstractBeanFactory.java:199) ~[spring-beans-6.2.0-RC1.jar:6.2.0-RC1]
	at org.springframework.beans.factory.support.DefaultListableBeanFactory.instantiateSingleton(DefaultListableBeanFactory.java:1122) ~[spring-beans-6.2.0-RC1.jar:6.2.0-RC1]
	at org.springframework.beans.factory.support.DefaultListableBeanFactory.preInstantiateSingleton(DefaultListableBeanFactory.java:1093) ~[spring-beans-6.2.0-RC1.jar:6.2.0-RC1]
	at org.springframework.beans.factory.support.DefaultListableBeanFactory.preInstantiateSingletons(DefaultListableBeanFactory.java:1030) ~[spring-beans-6.2.0-RC1.jar:6.2.0-RC1]
	at org.springframework.context.support.AbstractApplicationContext.finishBeanFactoryInitialization(AbstractApplicationContext.java:987) ~[spring-context-6.2.0-RC1.jar:6.2.0-RC1]
	at org.springframework.context.support.AbstractApplicationContext.refresh(AbstractApplicationContext.java:627) ~[spring-context-6.2.0-RC1.jar:6.2.0-RC1]
	at org.springframework.boot.web.servlet.context.ServletWebServerApplicationContext.refresh(ServletWebServerApplicationContext.java:146) ~[spring-boot-3.4.0-SNAPSHOT.jar:3.4.0-SNAPSHOT]
	at org.springframework.boot.SpringApplication.refresh(SpringApplication.java:755) ~[spring-boot-3.4.0-SNAPSHOT.jar:3.4.0-SNAPSHOT]
	at org.springframework.boot.SpringApplication.refreshContext(SpringApplication.java:442) ~[spring-boot-3.4.0-SNAPSHOT.jar:3.4.0-SNAPSHOT]
	at org.springframework.boot.SpringApplication.run(SpringApplication.java:318) ~[spring-boot-3.4.0-SNAPSHOT.jar:3.4.0-SNAPSHOT]
	at org.springframework.boot.SpringApplication.run(SpringApplication.java:1364) ~[spring-boot-3.4.0-SNAPSHOT.jar:3.4.0-SNAPSHOT]
	at org.springframework.boot.SpringApplication.run(SpringApplication.java:1353) ~[spring-boot-3.4.0-SNAPSHOT.jar:3.4.0-SNAPSHOT]
	at com.example.wallet.WalletApplication.main(WalletApplication.java:15) ~[classes/:na]
	at java.base/jdk.internal.reflect.NativeMethodAccessorImpl.invoke0(Native Method) ~[na:na]
	at java.base/jdk.internal.reflect.NativeMethodAccessorImpl.invoke(NativeMethodAccessorImpl.java:77) ~[na:na]
	at java.base/jdk.internal.reflect.DelegatingMethodAccessorImpl.invoke(DelegatingMethodAccessorImpl.java:43) ~[na:na]
	at java.base/java.lang.reflect.Method.invoke(Method.java:568) ~[na:na]
	at org.springframework.boot.devtools.restart.RestartLauncher.run(RestartLauncher.java:50) ~[spring-boot-devtools-3.4.0-SNAPSHOT.jar:3.4.0-SNAPSHOT]

2024-09-26T18:45:09.364+01:00  WARN 3124 --- [wallet] [restartedMain] JpaBaseConfiguration$JpaWebConfiguration : spring.jpa.open-in-view is enabled by default. Therefore, database queries may be performed during view rendering. Explicitly configure spring.jpa.open-in-view to disable this warning
2024-09-26T18:45:09.532+01:00 DEBUG 3124 --- [wallet] [restartedMain] s.w.s.m.m.a.RequestMappingHandlerMapping : 14 mappings in 'requestMappingHandlerMapping'
2024-09-26T18:45:09.652+01:00 DEBUG 3124 --- [wallet] [restartedMain] o.s.w.s.handler.SimpleUrlHandlerMapping  : Patterns [/webjars/**, /**] in 'resourceHandlerMapping'
2024-09-26T18:45:09.708+01:00 DEBUG 3124 --- [wallet] [restartedMain] s.w.s.m.m.a.RequestMappingHandlerAdapter : ControllerAdvice beans: 0 @ModelAttribute, 0 @InitBinder, 1 RequestBodyAdvice, 1 ResponseBodyAdvice
2024-09-26T18:45:09.828+01:00 DEBUG 3124 --- [wallet] [restartedMain] .m.m.a.ExceptionHandlerExceptionResolver : ControllerAdvice beans: 0 @ExceptionHandler, 1 ResponseBodyAdvice
2024-09-26T18:45:09.956+01:00  INFO 3124 --- [wallet] [restartedMain] o.s.b.d.a.OptionalLiveReloadServer       : LiveReload server is running on port 35729
2024-09-26T18:45:10.052+01:00  INFO 3124 --- [wallet] [restartedMain] o.s.b.w.embedded.tomcat.TomcatWebServer  : Tomcat started on port 8081 (http) with context path '/'
2024-09-26T18:45:10.068+01:00  INFO 3124 --- [wallet] [restartedMain] com.example.wallet.WalletApplication     : Started WalletApplication in 7.394 seconds (process running for 8.481)
2024-09-26T18:47:15.091+01:00  INFO 3124 --- [wallet] [http-nio-8081-exec-2] o.a.c.c.C.[Tomcat].[localhost].[/]       : Initializing Spring DispatcherServlet 'dispatcherServlet'
2024-09-26T18:47:15.091+01:00  INFO 3124 --- [wallet] [http-nio-8081-exec-2] o.s.web.servlet.DispatcherServlet        : Initializing Servlet 'dispatcherServlet'
2024-09-26T18:47:15.091+01:00 DEBUG 3124 --- [wallet] [http-nio-8081-exec-2] o.s.web.servlet.DispatcherServlet        : Detected StandardServletMultipartResolver
2024-09-26T18:47:15.091+01:00 DEBUG 3124 --- [wallet] [http-nio-8081-exec-2] o.s.web.servlet.DispatcherServlet        : Detected AcceptHeaderLocaleResolver
2024-09-26T18:47:15.091+01:00 DEBUG 3124 --- [wallet] [http-nio-8081-exec-2] o.s.web.servlet.DispatcherServlet        : Detected FixedThemeResolver
2024-09-26T18:47:15.091+01:00 DEBUG 3124 --- [wallet] [http-nio-8081-exec-2] o.s.web.servlet.DispatcherServlet        : Detected org.springframework.web.servlet.view.DefaultRequestToViewNameTranslator@14448ff0
2024-09-26T18:47:15.099+01:00 DEBUG 3124 --- [wallet] [http-nio-8081-exec-2] o.s.web.servlet.DispatcherServlet        : Detected org.springframework.web.servlet.support.SessionFlashMapManager@341bb2a2
2024-09-26T18:47:15.099+01:00 DEBUG 3124 --- [wallet] [http-nio-8081-exec-2] o.s.web.servlet.DispatcherServlet        : enableLoggingRequestDetails='false': request parameters and headers will be masked to prevent unsafe logging of potentially sensitive data
2024-09-26T18:47:15.099+01:00  INFO 3124 --- [wallet] [http-nio-8081-exec-2] o.s.web.servlet.DispatcherServlet        : Completed initialization in 8 ms
2024-09-26T18:47:15.115+01:00 DEBUG 3124 --- [wallet] [http-nio-8081-exec-2] o.s.web.servlet.DispatcherServlet        : GET "/wallet/login", parameters={}
2024-09-26T18:47:15.139+01:00 DEBUG 3124 --- [wallet] [http-nio-8081-exec-2] s.w.s.m.m.a.RequestMappingHandlerMapping : Mapped to com.example.wallet.Controllers.UserController#login(Model, UserDto)
2024-09-26T18:47:15.211+01:00 DEBUG 3124 --- [wallet] [http-nio-8081-exec-2] o.s.w.s.v.ContentNegotiatingViewResolver : Selected 'text/html' given [text/html, application/xhtml+xml, image/avif, image/webp, image/apng, application/xml;q=0.9, */*;q=0.8, application/signed-exchange;v=b3;q=0.7]
2024-09-26T18:47:15.235+01:00 DEBUG 3124 --- [wallet] [http-nio-8081-exec-2] org.thymeleaf.TemplateEngine             : [THYMELEAF] INITIALIZING TEMPLATE ENGINE
2024-09-26T18:47:15.475+01:00 DEBUG 3124 --- [wallet] [http-nio-8081-exec-2] org.thymeleaf.TemplateEngine.CONFIG      : Initializing Thymeleaf Template engine configuration...
[THYMELEAF] TEMPLATE ENGINE CONFIGURATION:
[THYMELEAF] * Thymeleaf version: 3.1.2.RELEASE (built 2023-07-30T19:25:50+0000)
[THYMELEAF] * Cache Manager implementation: org.thymeleaf.cache.StandardCacheManager
[THYMELEAF] * Template resolvers:
[THYMELEAF]     * org.thymeleaf.spring6.templateresolver.SpringResourceTemplateResolver
[THYMELEAF] * Message resolvers:
[THYMELEAF]     * org.thymeleaf.spring6.messageresolver.SpringMessageResolver
[THYMELEAF] * Link builders:
[THYMELEAF]     * org.thymeleaf.linkbuilder.StandardLinkBuilder
[THYMELEAF] * Dialect: SpringStandard (org.thymeleaf.spring6.dialect.SpringStandardDialect)
[THYMELEAF]     * Prefix: "th"
[THYMELEAF]     * Processors for Template Mode: HTML
[THYMELEAF]         * Element Tag Processors by [matching element and attribute name] [precedence]:
[THYMELEAF]             * [* {th:include,data-th-include}] [100]: org.thymeleaf.standard.processor.StandardIncludeTagProcessor
[THYMELEAF]             * [* {th:insert,data-th-insert}] [100]: org.thymeleaf.standard.processor.StandardInsertTagProcessor
[THYMELEAF]             * [* {th:replace,data-th-replace}] [100]: org.thymeleaf.standard.processor.StandardReplaceTagProcessor
[THYMELEAF]             * [* {th:each,data-th-each}] [200]: org.thymeleaf.standard.processor.StandardEachTagProcessor
[THYMELEAF]             * [* {th:switch,data-th-switch}] [250]: org.thymeleaf.standard.processor.StandardSwitchTagProcessor
[THYMELEAF]             * [* {th:case,data-th-case}] [275]: org.thymeleaf.standard.processor.StandardCaseTagProcessor
[THYMELEAF]             * [* {th:if,data-th-if}] [300]: org.thymeleaf.standard.processor.StandardIfTagProcessor
[THYMELEAF]             * [* {th:unless,data-th-unless}] [400]: org.thymeleaf.standard.processor.StandardUnlessTagProcessor
[THYMELEAF]             * [* {th:object,data-th-object}] [500]: org.thymeleaf.spring6.processor.SpringObjectTagProcessor
[THYMELEAF]             * [* {th:with,data-th-with}] [600]: org.thymeleaf.standard.processor.StandardWithTagProcessor
[THYMELEAF]             * [* {th:attr,data-th-attr}] [700]: org.thymeleaf.standard.processor.StandardAttrTagProcessor
[THYMELEAF]             * [* {th:attrprepend,data-th-attrprepend}] [800]: org.thymeleaf.standard.processor.StandardAttrprependTagProcessor
[THYMELEAF]             * [* {th:attrappend,data-th-attrappend}] [900]: org.thymeleaf.standard.processor.StandardAttrappendTagProcessor
[THYMELEAF]             * [* {th:method,data-th-method}] [990]: org.thymeleaf.spring6.processor.SpringMethodTagProcessor
[THYMELEAF]             * [* {th:alt-title,data-th-alt-title}] [990]: org.thymeleaf.standard.processor.StandardAltTitleTagProcessor
[THYMELEAF]             * [* {th:lang-xmllang,data-th-lang-xmllang}] [990]: org.thymeleaf.standard.processor.StandardLangXmlLangTagProcessor
[THYMELEAF]             * [* {th:action,data-th-action}] [1000]: org.thymeleaf.spring6.processor.SpringActionTagProcessor
[THYMELEAF]             * [* {th:href,data-th-href}] [1000]: org.thymeleaf.spring6.processor.SpringHrefTagProcessor
[THYMELEAF]             * [* {th:src,data-th-src}] [1000]: org.thymeleaf.spring6.processor.SpringSrcTagProcessor
[THYMELEAF]             * [* {th:novalidate,data-th-novalidate}] [1000]: org.thymeleaf.standard.processor.StandardConditionalFixedValueTagProcessor
[THYMELEAF]             * [* {th:loop,data-th-loop}] [1000]: org.thymeleaf.standard.processor.StandardConditionalFixedValueTagProcessor
[THYMELEAF]             * [* {th:open,data-th-open}] [1000]: org.thymeleaf.standard.processor.StandardConditionalFixedValueTagProcessor
[THYMELEAF]             * [* {th:checked,data-th-checked}] [1000]: org.thymeleaf.standard.processor.StandardConditionalFixedValueTagProcessor
[THYMELEAF]             * [* {th:disabled,data-th-disabled}] [1000]: org.thymeleaf.standard.processor.StandardConditionalFixedValueTagProcessor
[THYMELEAF]             * [* {th:ismap,data-th-ismap}] [1000]: org.thymeleaf.standard.processor.StandardConditionalFixedValueTagProcessor
[THYMELEAF]             * [* {th:required,data-th-required}] [1000]: org.thymeleaf.standard.processor.StandardConditionalFixedValueTagProcessor
[THYMELEAF]             * [* {th:hidden,data-th-hidden}] [1000]: org.thymeleaf.standard.processor.StandardConditionalFixedValueTagProcessor
[THYMELEAF]             * [* {th:autofocus,data-th-autofocus}] [1000]: org.thymeleaf.standard.processor.StandardConditionalFixedValueTagProcessor
[THYMELEAF]             * [* {th:controls,data-th-controls}] [1000]: org.thymeleaf.standard.processor.StandardConditionalFixedValueTagProcessor
[THYMELEAF]             * [* {th:autoplay,data-th-autoplay}] [1000]: org.thymeleaf.standard.processor.StandardConditionalFixedValueTagProcessor
[THYMELEAF]             * [* {th:defer,data-th-defer}] [1000]: org.thymeleaf.standard.processor.StandardConditionalFixedValueTagProcessor
[THYMELEAF]             * [* {th:readonly,data-th-readonly}] [1000]: org.thymeleaf.standard.processor.StandardConditionalFixedValueTagProcessor
[THYMELEAF]             * [* {th:nowrap,data-th-nowrap}] [1000]: org.thymeleaf.standard.processor.StandardConditionalFixedValueTagProcessor
[THYMELEAF]             * [* {th:default,data-th-default}] [1000]: org.thymeleaf.standard.processor.StandardConditionalFixedValueTagProcessor
[THYMELEAF]             * [* {th:formnovalidate,data-th-formnovalidate}] [1000]: org.thymeleaf.standard.processor.StandardConditionalFixedValueTagProcessor
[THYMELEAF]             * [* {th:reversed,data-th-reversed}] [1000]: org.thymeleaf.standard.processor.StandardConditionalFixedValueTagProcessor
[THYMELEAF]             * [* {th:multiple,data-th-multiple}] [1000]: org.thymeleaf.standard.processor.StandardConditionalFixedValueTagProcessor
[THYMELEAF]             * [* {th:selected,data-th-selected}] [1000]: org.thymeleaf.standard.processor.StandardConditionalFixedValueTagProcessor
[THYMELEAF]             * [* {th:async,data-th-async}] [1000]: org.thymeleaf.standard.processor.StandardConditionalFixedValueTagProcessor
[THYMELEAF]             * [* {th:pubdate,data-th-pubdate}] [1000]: org.thymeleaf.standard.processor.StandardConditionalFixedValueTagProcessor
[THYMELEAF]             * [* {th:seamless,data-th-seamless}] [1000]: org.thymeleaf.standard.processor.StandardConditionalFixedValueTagProcessor
[THYMELEAF]             * [* {th:declare,data-th-declare}] [1000]: org.thymeleaf.standard.processor.StandardConditionalFixedValueTagProcessor
[THYMELEAF]             * [* {th:scoped,data-th-scoped}] [1000]: org.thymeleaf.standard.processor.StandardConditionalFixedValueTagProcessor
[THYMELEAF]             * [* {th:onloadstart,data-th-onloadstart}] [1000]: org.thymeleaf.standard.processor.StandardDOMEventAttributeTagProcessor
[THYMELEAF]             * [* {th:onundo,data-th-onundo}] [1000]: org.thymeleaf.standard.processor.StandardDOMEventAttributeTagProcessor
[THYMELEAF]             * [* {th:onmousewheel,data-th-onmousewheel}] [1000]: org.thymeleaf.standard.processor.StandardDOMEventAttributeTagProcessor
[THYMELEAF]             * [* {th:onpause,data-th-onpause}] [1000]: org.thymeleaf.standard.processor.StandardDOMEventAttributeTagProcessor
[THYMELEAF]             * [* {th:onpopstate,data-th-onpopstate}] [1000]: org.thymeleaf.standard.processor.StandardDOMEventAttributeTagProcessor
[THYMELEAF]             * [* {th:onvolumechange,data-th-onvolumechange}] [1000]: org.thymeleaf.standard.processor.StandardDOMEventAttributeTagProcessor
[THYMELEAF]             * [* {th:oncontextmenu,data-th-oncontextmenu}] [1000]: org.thymeleaf.standard.processor.StandardDOMEventAttributeTagProcessor
[THYMELEAF]             * [* {th:onseeking,data-th-onseeking}] [1000]: org.thymeleaf.standard.processor.StandardDOMEventAttributeTagProcessor
[THYMELEAF]             * [* {th:ondblclick,data-th-ondblclick}] [1000]: org.thymeleaf.standard.processor.StandardDOMEventAttributeTagProcessor
[THYMELEAF]             * [* {th:onended,data-th-onended}] [1000]: org.thymeleaf.standard.processor.StandardDOMEventAttributeTagProcessor
[THYMELEAF]             * [* {th:ondurationchange,data-th-ondurationchange}] [1000]: org.thymeleaf.standard.processor.StandardDOMEventAttributeTagProcessor
[THYMELEAF]             * [* {th:onoffline,data-th-onoffline}] [1000]: org.thymeleaf.standard.processor.StandardDOMEventAttributeTagProcessor
[THYMELEAF]             * [* {th:onemptied,data-th-onemptied}] [1000]: org.thymeleaf.standard.processor.StandardDOMEventAttributeTagProcessor
[THYMELEAF]             * [* {th:ondrag,data-th-ondrag}] [1000]: org.thymeleaf.standard.processor.StandardDOMEventAttributeTagProcessor
[THYMELEAF]             * [* {th:ondragover,data-th-ondragover}] [1000]: org.thymeleaf.standard.processor.StandardDOMEventAttributeTagProcessor
[THYMELEAF]             * [* {th:onprogress,data-th-onprogress}] [1000]: org.thymeleaf.standard.processor.StandardDOMEventAttributeTagProcessor
[THYMELEAF]             * [* {th:ondragstart,data-th-ondragstart}] [1000]: org.thymeleaf.standard.processor.StandardDOMEventAttributeTagProcessor
[THYMELEAF]             * [* {th:ontimeupdate,data-th-ontimeupdate}] [1000]: org.thymeleaf.standard.processor.StandardDOMEventAttributeTagProcessor
[THYMELEAF]             * [* {th:onerror,data-th-onerror}] [1000]: org.thymeleaf.standard.processor.StandardDOMEventAttributeTagProcessor
[THYMELEAF]             * [* {th:onstorage,data-th-onstorage}] [1000]: org.thymeleaf.standard.processor.StandardDOMEventAttributeTagProcessor
[THYMELEAF]             * [* {th:onplay,data-th-onplay}] [1000]: org.thymeleaf.standard.processor.StandardDOMEventAttributeTagProcessor
[THYMELEAF]             * [* {th:onloadeddata,data-th-onloadeddata}] [1000]: org.thymeleaf.standard.processor.StandardDOMEventAttributeTagProcessor
[THYMELEAF]             * [* {th:onfocus,data-th-onfocus}] [1000]: org.thymeleaf.standard.processor.StandardDOMEventAttributeTagProcessor
[THYMELEAF]             * [* {th:onsubmit,data-th-onsubmit}] [1000]: org.thymeleaf.standard.processor.StandardDOMEventAttributeTagProcessor
[THYMELEAF]             * [* {th:onmousedown,data-th-onmousedown}] [1000]: org.thymeleaf.standard.processor.StandardDOMEventAttributeTagProcessor
[THYMELEAF]             * [* {th:ondragleave,data-th-ondragleave}] [1000]: org.thymeleaf.standard.processor.StandardDOMEventAttributeTagProcessor
[THYMELEAF]             * [* {th:onseeked,data-th-onseeked}] [1000]: org.thymeleaf.standard.processor.StandardDOMEventAttributeTagProcessor
[THYMELEAF]             * [* {th:onmouseout,data-th-onmouseout}] [1000]: org.thymeleaf.standard.processor.StandardDOMEventAttributeTagProcessor
[THYMELEAF]             * [* {th:onplaying,data-th-onplaying}] [1000]: org.thymeleaf.standard.processor.StandardDOMEventAttributeTagProcessor
[THYMELEAF]             * [* {th:ondrop,data-th-ondrop}] [1000]: org.thymeleaf.standard.processor.StandardDOMEventAttributeTagProcessor
[THYMELEAF]             * [* {th:onreset,data-th-onreset}] [1000]: org.thymeleaf.standard.processor.StandardDOMEventAttributeTagProcessor
[THYMELEAF]             * [* {th:oninvalid,data-th-oninvalid}] [1000]: org.thymeleaf.standard.processor.StandardDOMEventAttributeTagProcessor
[THYMELEAF]             * [* {th:onhashchange,data-th-onhashchange}] [1000]: org.thymeleaf.standard.processor.StandardDOMEventAttributeTagProcessor
[THYMELEAF]             * [* {th:onmousemove,data-th-onmousemove}] [1000]: org.thymeleaf.standard.processor.StandardDOMEventAttributeTagProcessor
[THYMELEAF]             * [* {th:onblur,data-th-onblur}] [1000]: org.thymeleaf.standard.processor.StandardDOMEventAttributeTagProcessor
[THYMELEAF]             * [* {th:onwaiting,data-th-onwaiting}] [1000]: org.thymeleaf.standard.processor.StandardDOMEventAttributeTagProcessor
[THYMELEAF]             * [* {th:oncanplay,data-th-oncanplay}] [1000]: org.thymeleaf.standard.processor.StandardDOMEventAttributeTagProcessor
[THYMELEAF]             * [* {th:ononline,data-th-ononline}] [1000]: org.thymeleaf.standard.processor.StandardDOMEventAttributeTagProcessor
[THYMELEAF]             * [* {th:onshow,data-th-onshow}] [1000]: org.thymeleaf.standard.processor.StandardDOMEventAttributeTagProcessor
[THYMELEAF]             * [* {th:onselect,data-th-onselect}] [1000]: org.thymeleaf.standard.processor.StandardDOMEventAttributeTagProcessor
[THYMELEAF]             * [* {th:ondragenter,data-th-ondragenter}] [1000]: org.thymeleaf.standard.processor.StandardDOMEventAttributeTagProcessor
[THYMELEAF]             * [* {th:onmouseover,data-th-onmouseover}] [1000]: org.thymeleaf.standard.processor.StandardDOMEventAttributeTagProcessor
[THYMELEAF]             * [* {th:onforminput,data-th-onforminput}] [1000]: org.thymeleaf.standard.processor.StandardDOMEventAttributeTagProcessor
[THYMELEAF]             * [* {th:onload,data-th-onload}] [1000]: org.thymeleaf.standard.processor.StandardDOMEventAttributeTagProcessor
[THYMELEAF]             * [* {th:onunload,data-th-onunload}] [1000]: org.thymeleaf.standard.processor.StandardDOMEventAttributeTagProcessor
[THYMELEAF]             * [* {th:onabort,data-th-onabort}] [1000]: org.thymeleaf.standard.processor.StandardDOMEventAttributeTagProcessor
[THYMELEAF]             * [* {th:ondragend,data-th-ondragend}] [1000]: org.thymeleaf.standard.processor.StandardDOMEventAttributeTagProcessor
[THYMELEAF]             * [* {th:onafterprint,data-th-onafterprint}] [1000]: org.thymeleaf.standard.processor.StandardDOMEventAttributeTagProcessor
[THYMELEAF]             * [* {th:onformchange,data-th-onformchange}] [1000]: org.thymeleaf.standard.processor.StandardDOMEventAttributeTagProcessor
[THYMELEAF]             * [* {th:onmessage,data-th-onmessage}] [1000]: org.thymeleaf.standard.processor.StandardDOMEventAttributeTagProcessor
[THYMELEAF]             * [* {th:onkeypress,data-th-onkeypress}] [1000]: org.thymeleaf.standard.processor.StandardDOMEventAttributeTagProcessor
[THYMELEAF]             * [* {th:onresize,data-th-onresize}] [1000]: org.thymeleaf.standard.processor.StandardDOMEventAttributeTagProcessor
[THYMELEAF]             * [* {th:onratechange,data-th-onratechange}] [1000]: org.thymeleaf.standard.processor.StandardDOMEventAttributeTagProcessor
[THYMELEAF]             * [* {th:onclick,data-th-onclick}] [1000]: org.thymeleaf.standard.processor.StandardDOMEventAttributeTagProcessor
[THYMELEAF]             * [* {th:onreadystatechange,data-th-onreadystatechange}] [1000]: org.thymeleaf.standard.processor.StandardDOMEventAttributeTagProcessor
[THYMELEAF]             * [* {th:onloadedmetadata,data-th-onloadedmetadata}] [1000]: org.thymeleaf.standard.processor.StandardDOMEventAttributeTagProcessor
[THYMELEAF]             * [* {th:onbeforeunload,data-th-onbeforeunload}] [1000]: org.thymeleaf.standard.processor.StandardDOMEventAttributeTagProcessor
[THYMELEAF]             * [* {th:onkeydown,data-th-onkeydown}] [1000]: org.thymeleaf.standard.processor.StandardDOMEventAttributeTagProcessor
[THYMELEAF]             * [* {th:onchange,data-th-onchange}] [1000]: org.thymeleaf.standard.processor.StandardDOMEventAttributeTagProcessor
[THYMELEAF]             * [* {th:onbeforeprint,data-th-onbeforeprint}] [1000]: org.thymeleaf.standard.processor.StandardDOMEventAttributeTagProcessor
[THYMELEAF]             * [* {th:onmouseup,data-th-onmouseup}] [1000]: org.thymeleaf.standard.processor.StandardDOMEventAttributeTagProcessor
[THYMELEAF]             * [* {th:onsuspend,data-th-onsuspend}] [1000]: org.thymeleaf.standard.processor.StandardDOMEventAttributeTagProcessor
[THYMELEAF]             * [* {th:onkeyup,data-th-onkeyup}] [1000]: org.thymeleaf.standard.processor.StandardDOMEventAttributeTagProcessor
[THYMELEAF]             * [* {th:onscroll,data-th-onscroll}] [1000]: org.thymeleaf.standard.processor.StandardDOMEventAttributeTagProcessor
[THYMELEAF]             * [* {th:onstalled,data-th-onstalled}] [1000]: org.thymeleaf.standard.processor.StandardDOMEventAttributeTagProcessor
[THYMELEAF]             * [* {th:oninput,data-th-oninput}] [1000]: org.thymeleaf.standard.processor.StandardDOMEventAttributeTagProcessor
[THYMELEAF]             * [* {th:oncanplaythrough,data-th-oncanplaythrough}] [1000]: org.thymeleaf.standard.processor.StandardDOMEventAttributeTagProcessor
[THYMELEAF]             * [* {th:onredo,data-th-onredo}] [1000]: org.thymeleaf.standard.processor.StandardDOMEventAttributeTagProcessor
[THYMELEAF]             * [* {th:inline,data-th-inline}] [1000]: org.thymeleaf.standard.processor.StandardInlineHTMLTagProcessor
[THYMELEAF]             * [* {th:name,data-th-name}] [1000]: org.thymeleaf.standard.processor.StandardNonRemovableAttributeTagProcessor
[THYMELEAF]             * [* {th:type,data-th-type}] [1000]: org.thymeleaf.standard.processor.StandardNonRemovableAttributeTagProcessor
[THYMELEAF]             * [* {th:background,data-th-background}] [1000]: org.thymeleaf.standard.processor.StandardRemovableAttributeTagProcessor
[THYMELEAF]             * [* {th:colspan,data-th-colspan}] [1000]: org.thymeleaf.standard.processor.StandardRemovableAttributeTagProcessor
[THYMELEAF]             * [* {th:rel,data-th-rel}] [1000]: org.thymeleaf.standard.processor.StandardRemovableAttributeTagProcessor
[THYMELEAF]             * [* {th:label,data-th-label}] [1000]: org.thymeleaf.standard.processor.StandardRemovableAttributeTagProcessor
[THYMELEAF]             * [* {th:accesskey,data-th-accesskey}] [1000]: org.thymeleaf.standard.processor.StandardRemovableAttributeTagProcessor
[THYMELEAF]             * [* {th:dir,data-th-dir}] [1000]: org.thymeleaf.standard.processor.StandardRemovableAttributeTagProcessor
[THYMELEAF]             * [* {th:icon,data-th-icon}] [1000]: org.thymeleaf.standard.processor.StandardRemovableAttributeTagProcessor
[THYMELEAF]             * [* {th:enctype,data-th-enctype}] [1000]: org.thymeleaf.standard.processor.StandardRemovableAttributeTagProcessor
[THYMELEAF]             * [* {th:frame,data-th-frame}] [1000]: org.thymeleaf.standard.processor.StandardRemovableAttributeTagProcessor
[THYMELEAF]             * [* {th:contextmenu,data-th-contextmenu}] [1000]: org.thymeleaf.standard.processor.StandardRemovableAttributeTagProcessor
[THYMELEAF]             * [* {th:high,data-th-high}] [1000]: org.thymeleaf.standard.processor.StandardRemovableAttributeTagProcessor
[THYMELEAF]             * [* {th:hspace,data-th-hspace}] [1000]: org.thymeleaf.standard.processor.StandardRemovableAttributeTagProcessor
[THYMELEAF]             * [* {th:wrap,data-th-wrap}] [1000]: org.thymeleaf.standard.processor.StandardRemovableAttributeTagProcessor
[THYMELEAF]             * [* {th:border,data-th-border}] [1000]: org.thymeleaf.standard.processor.StandardRemovableAttributeTagProcessor
[THYMELEAF]             * [* {th:charset,data-th-charset}] [1000]: org.thymeleaf.standard.processor.StandardRemovableAttributeTagProcessor
[THYMELEAF]             * [* {th:compact,data-th-compact}] [1000]: org.thymeleaf.standard.processor.StandardRemovableAttributeTagProcessor
[THYMELEAF]             * [* {th:alt,data-th-alt}] [1000]: org.thymeleaf.standard.processor.StandardRemovableAttributeTagProcessor
[THYMELEAF]             * [* {th:cellspacing,data-th-cellspacing}] [1000]: org.thymeleaf.standard.processor.StandardRemovableAttributeTagProcessor
[THYMELEAF]             * [* {th:keytype,data-th-keytype}] [1000]: org.thymeleaf.standard.processor.StandardRemovableAttributeTagProcessor
[THYMELEAF]             * [* {th:vspace,data-th-vspace}] [1000]: org.thymeleaf.standard.processor.StandardRemovableAttributeTagProcessor
[THYMELEAF]             * [* {th:rules,data-th-rules}] [1000]: org.thymeleaf.standard.processor.StandardRemovableAttributeTagProcessor
[THYMELEAF]             * [* {th:cellpadding,data-th-cellpadding}] [1000]: org.thymeleaf.standard.processor.StandardRemovableAttributeTagProcessor
[THYMELEAF]             * [* {th:rows,data-th-rows}] [1000]: org.thymeleaf.standard.processor.StandardRemovableAttributeTagProcessor
[THYMELEAF]             * [* {th:accept,data-th-accept}] [1000]: org.thymeleaf.standard.processor.StandardRemovableAttributeTagProcessor
[THYMELEAF]             * [* {th:headers,data-th-headers}] [1000]: org.thymeleaf.standard.processor.StandardRemovableAttributeTagProcessor
[THYMELEAF]             * [* {th:abbr,data-th-abbr}] [1000]: org.thymeleaf.standard.processor.StandardRemovableAttributeTagProcessor
[THYMELEAF]             * [* {th:tabindex,data-th-tabindex}] [1000]: org.thymeleaf.standard.processor.StandardRemovableAttributeTagProcessor
[THYMELEAF]             * [* {th:hreflang,data-th-hreflang}] [1000]: org.thymeleaf.standard.processor.StandardRemovableAttributeTagProcessor
[THYMELEAF]             * [* {th:formenctype,data-th-formenctype}] [1000]: org.thymeleaf.standard.processor.StandardRemovableAttributeTagProcessor
[THYMELEAF]             * [* {th:id,data-th-id}] [1000]: org.thymeleaf.standard.processor.StandardRemovableAttributeTagProcessor
[THYMELEAF]             * [* {th:codebase,data-th-codebase}] [1000]: org.thymeleaf.standard.processor.StandardRemovableAttributeTagProcessor
[THYMELEAF]             * [* {th:style,data-th-style}] [1000]: org.thymeleaf.standard.processor.StandardRemovableAttributeTagProcessor
[THYMELEAF]             * [* {th:scheme,data-th-scheme}] [1000]: org.thymeleaf.standard.processor.StandardRemovableAttributeTagProcessor
[THYMELEAF]             * [* {th:align,data-th-align}] [1000]: org.thymeleaf.standard.processor.StandardRemovableAttributeTagProcessor
[THYMELEAF]             * [* {th:codetype,data-th-codetype}] [1000]: org.thymeleaf.standard.processor.StandardRemovableAttributeTagProcessor
[THYMELEAF]             * [* {th:optimum,data-th-optimum}] [1000]: org.thymeleaf.standard.processor.StandardRemovableAttributeTagProcessor
[THYMELEAF]             * [* {th:for,data-th-for}] [1000]: org.thymeleaf.standard.processor.StandardRemovableAttributeTagProcessor
[THYMELEAF]             * [* {th:datetime,data-th-datetime}] [1000]: org.thymeleaf.standard.processor.StandardRemovableAttributeTagProcessor
[THYMELEAF]             * [* {th:audio,data-th-audio}] [1000]: org.thymeleaf.standard.processor.StandardRemovableAttributeTagProcessor
[THYMELEAF]             * [* {th:list,data-th-list}] [1000]: org.thymeleaf.standard.processor.StandardRemovableAttributeTagProcessor
[THYMELEAF]             * [* {th:srclang,data-th-srclang}] [1000]: org.thymeleaf.standard.processor.StandardRemovableAttributeTagProcessor
[THYMELEAF]             * [* {th:media,data-th-media}] [1000]: org.thymeleaf.standard.processor.StandardRemovableAttributeTagProcessor
[THYMELEAF]             * [* {th:min,data-th-min}] [1000]: org.thymeleaf.standard.processor.StandardRemovableAttributeTagProcessor
[THYMELEAF]             * [* {th:placeholder,data-th-placeholder}] [1000]: org.thymeleaf.standard.processor.StandardRemovableAttributeTagProcessor
[THYMELEAF]             * [* {th:spellcheck,data-th-spellcheck}] [1000]: org.thymeleaf.standard.processor.StandardRemovableAttributeTagProcessor
[THYMELEAF]             * [* {th:cols,data-th-cols}] [1000]: org.thymeleaf.standard.processor.StandardRemovableAttributeTagProcessor
[THYMELEAF]             * [* {th:marginheight,data-th-marginheight}] [1000]: org.thymeleaf.standard.processor.StandardRemovableAttributeTagProcessor
[THYMELEAF]             * [* {th:dropzone,data-th-dropzone}] [1000]: org.thymeleaf.standard.processor.StandardRemovableAttributeTagProcessor
[THYMELEAF]             * [* {th:usemap,data-th-usemap}] [1000]: org.thymeleaf.standard.processor.StandardRemovableAttributeTagProcessor
[THYMELEAF]             * [* {th:data,data-th-data}] [1000]: org.thymeleaf.standard.processor.StandardRemovableAttributeTagProcessor
[THYMELEAF]             * [* {th:contenteditable,data-th-contenteditable}] [1000]: org.thymeleaf.standard.processor.StandardRemovableAttributeTagProcessor
[THYMELEAF]             * [* {th:size,data-th-size}] [1000]: org.thymeleaf.standard.processor.StandardRemovableAttributeTagProcessor
[THYMELEAF]             * [* {th:valuetype,data-th-valuetype}] [1000]: org.thymeleaf.standard.processor.StandardRemovableAttributeTagProcessor
[THYMELEAF]             * [* {th:form,data-th-form}] [1000]: org.thymeleaf.standard.processor.StandardRemovableAttributeTagProcessor
[THYMELEAF]             * [* {th:max,data-th-max}] [1000]: org.thymeleaf.standard.processor.StandardRemovableAttributeTagProcessor
[THYMELEAF]             * [* {th:autocomplete,data-th-autocomplete}] [1000]: org.thymeleaf.standard.processor.StandardRemovableAttributeTagProcessor
[THYMELEAF]             * [* {th:radiogroup,data-th-radiogroup}] [1000]: org.thymeleaf.standard.processor.StandardRemovableAttributeTagProcessor
[THYMELEAF]             * [* {th:frameborder,data-th-frameborder}] [1000]: org.thymeleaf.standard.processor.StandardRemovableAttributeTagProcessor
[THYMELEAF]             * [* {th:axis,data-th-axis}] [1000]: org.thymeleaf.standard.processor.StandardRemovableAttributeTagProcessor
[THYMELEAF]             * [* {th:challenge,data-th-challenge}] [1000]: org.thymeleaf.standard.processor.StandardRemovableAttributeTagProcessor
[THYMELEAF]             * [* {th:bgcolor,data-th-bgcolor}] [1000]: org.thymeleaf.standard.processor.StandardRemovableAttributeTagProcessor
[THYMELEAF]             * [* {th:span,data-th-span}] [1000]: org.thymeleaf.standard.processor.StandardRemovableAttributeTagProcessor
[THYMELEAF]             * [* {th:start,data-th-start}] [1000]: org.thymeleaf.standard.processor.StandardRemovableAttributeTagProcessor
[THYMELEAF]             * [* {th:draggable,data-th-draggable}] [1000]: org.thymeleaf.standard.processor.StandardRemovableAttributeTagProcessor
[THYMELEAF]             * [* {th:archive,data-th-archive}] [1000]: org.thymeleaf.standard.processor.StandardRemovableAttributeTagProcessor
[THYMELEAF]             * [* {th:standby,data-th-standby}] [1000]: org.thymeleaf.standard.processor.StandardRemovableAttributeTagProcessor
[THYMELEAF]             * [* {th:manifest,data-th-manifest}] [1000]: org.thymeleaf.standard.processor.StandardRemovableAttributeTagProcessor
[THYMELEAF]             * [* {th:accept-charset,data-th-accept-charset}] [1000]: org.thymeleaf.standard.processor.StandardRemovableAttributeTagProcessor
[THYMELEAF]             * [* {th:marginwidth,data-th-marginwidth}] [1000]: org.thymeleaf.standard.processor.StandardRemovableAttributeTagProcessor
[THYMELEAF]             * [* {th:title,data-th-title}] [1000]: org.thymeleaf.standard.processor.StandardRemovableAttributeTagProcessor
[THYMELEAF]             * [* {th:low,data-th-low}] [1000]: org.thymeleaf.standard.processor.StandardRemovableAttributeTagProcessor
[THYMELEAF]             * [* {th:http-equiv,data-th-http-equiv}] [1000]: org.thymeleaf.standard.processor.StandardRemovableAttributeTagProcessor
[THYMELEAF]             * [* {th:cite,data-th-cite}] [1000]: org.thymeleaf.standard.processor.StandardRemovableAttributeTagProcessor
[THYMELEAF]             * [* {th:target,data-th-target}] [1000]: org.thymeleaf.standard.processor.StandardRemovableAttributeTagProcessor
[THYMELEAF]             * [* {th:maxlength,data-th-maxlength}] [1000]: org.thymeleaf.standard.processor.StandardRemovableAttributeTagProcessor
[THYMELEAF]             * [* {th:classid,data-th-classid}] [1000]: org.thymeleaf.standard.processor.StandardRemovableAttributeTagProcessor
[THYMELEAF]             * [* {th:kind,data-th-kind}] [1000]: org.thymeleaf.standard.processor.StandardRemovableAttributeTagProcessor
[THYMELEAF]             * [* {th:scope,data-th-scope}] [1000]: org.thymeleaf.standard.processor.StandardRemovableAttributeTagProcessor
[THYMELEAF]             * [* {th:preload,data-th-preload}] [1000]: org.thymeleaf.standard.processor.StandardRemovableAttributeTagProcessor
[THYMELEAF]             * [* {th:rowspan,data-th-rowspan}] [1000]: org.thymeleaf.standard.processor.StandardRemovableAttributeTagProcessor
[THYMELEAF]             * [* {th:rev,data-th-rev}] [1000]: org.thymeleaf.standard.processor.StandardRemovableAttributeTagProcessor
[THYMELEAF]             * [* {th:poster,data-th-poster}] [1000]: org.thymeleaf.standard.processor.StandardRemovableAttributeTagProcessor
[THYMELEAF]             * [* {th:lang,data-th-lang}] [1000]: org.thymeleaf.standard.processor.StandardRemovableAttributeTagProcessor
[THYMELEAF]             * [* {th:formtarget,data-th-formtarget}] [1000]: org.thymeleaf.standard.processor.StandardRemovableAttributeTagProcessor
[THYMELEAF]             * [* {th:class,data-th-class}] [1000]: org.thymeleaf.standard.processor.StandardRemovableAttributeTagProcessor
[THYMELEAF]             * [* {th:content,data-th-content}] [1000]: org.thymeleaf.standard.processor.StandardRemovableAttributeTagProcessor
[THYMELEAF]             * [* {th:longdesc,data-th-longdesc}] [1000]: org.thymeleaf.standard.processor.StandardRemovableAttributeTagProcessor
[THYMELEAF]             * [* {th:sandbox,data-th-sandbox}] [1000]: org.thymeleaf.standard.processor.StandardRemovableAttributeTagProcessor
[THYMELEAF]             * [* {th:height,data-th-height}] [1000]: org.thymeleaf.standard.processor.StandardRemovableAttributeTagProcessor
[THYMELEAF]             * [* {th:formaction,data-th-formaction}] [1000]: org.thymeleaf.standard.processor.StandardRemovableAttributeTagProcessor
[THYMELEAF]             * [* {th:formmethod,data-th-formmethod}] [1000]: org.thymeleaf.standard.processor.StandardRemovableAttributeTagProcessor
[THYMELEAF]             * [* {th:scrolling,data-th-scrolling}] [1000]: org.thymeleaf.standard.processor.StandardRemovableAttributeTagProcessor
[THYMELEAF]             * [* {th:summary,data-th-summary}] [1000]: org.thymeleaf.standard.processor.StandardRemovableAttributeTagProcessor
[THYMELEAF]             * [* {th:width,data-th-width}] [1000]: org.thymeleaf.standard.processor.StandardRemovableAttributeTagProcessor
[THYMELEAF]             * [* {th:sizes,data-th-sizes}] [1000]: org.thymeleaf.standard.processor.StandardRemovableAttributeTagProcessor
[THYMELEAF]             * [* {th:pattern,data-th-pattern}] [1000]: org.thymeleaf.standard.processor.StandardRemovableAttributeTagProcessor
[THYMELEAF]             * [* {th:step,data-th-step}] [1000]: org.thymeleaf.standard.processor.StandardRemovableAttributeTagProcessor
[THYMELEAF]             * [* {th:xmlbase,data-th-xmlbase}] [1000]: org.thymeleaf.standard.processor.StandardXmlBaseTagProcessor
[THYMELEAF]             * [* {th:xmllang,data-th-xmllang}] [1000]: org.thymeleaf.standard.processor.StandardXmlLangTagProcessor
[THYMELEAF]             * [* {xmlns:th}] [1000]: org.thymeleaf.standard.processor.StandardXmlNsTagProcessor
[THYMELEAF]             * [* {th:xmlspace,data-th-xmlspace}] [1000]: org.thymeleaf.standard.processor.StandardXmlSpaceTagProcessor
[THYMELEAF]             * [{option} *] [1005]: org.thymeleaf.spring6.processor.SpringOptionInSelectFieldTagProcessor
[THYMELEAF]             * [* {th:value,data-th-value}] [1010]: org.thymeleaf.spring6.processor.SpringValueTagProcessor
[THYMELEAF]             * [* {th:classappend,data-th-classappend}] [1100]: org.thymeleaf.standard.processor.StandardClassappendTagProcessor
[THYMELEAF]             * [* {th:styleappend,data-th-styleappend}] [1100]: org.thymeleaf.standard.processor.StandardStyleappendTagProcessor
[THYMELEAF]             * [* {th:text,data-th-text}] [1300]: org.thymeleaf.standard.processor.StandardTextTagProcessor
[THYMELEAF]             * [* {th:utext,data-th-utext}] [1400]: org.thymeleaf.standard.processor.StandardUtextTagProcessor
[THYMELEAF]             * [* {th:fragment,data-th-fragment}] [1500]: org.thymeleaf.standard.processor.StandardFragmentTagProcessor
[THYMELEAF]             * [* {th:assert,data-th-assert}] [1550]: org.thymeleaf.standard.processor.StandardAssertTagProcessor
[THYMELEAF]             * [* {th:remove,data-th-remove}] [1600]: org.thymeleaf.standard.processor.StandardRemoveTagProcessor
[THYMELEAF]             * [* {th:errors,data-th-errors}] [1700]: org.thymeleaf.spring6.processor.SpringErrorsTagProcessor
[THYMELEAF]             * [{input} {th:field,data-th-field}] [1700]: org.thymeleaf.spring6.processor.SpringInputCheckboxFieldTagProcessor
[THYMELEAF]             * [{input} {th:field,data-th-field}] [1700]: org.thymeleaf.spring6.processor.SpringInputFileFieldTagProcessor
[THYMELEAF]             * [{input} {th:field,data-th-field}] [1700]: org.thymeleaf.spring6.processor.SpringInputGeneralFieldTagProcessor
[THYMELEAF]             * [{input} {th:field,data-th-field}] [1700]: org.thymeleaf.spring6.processor.SpringInputPasswordFieldTagProcessor
[THYMELEAF]             * [{input} {th:field,data-th-field}] [1700]: org.thymeleaf.spring6.processor.SpringInputRadioFieldTagProcessor
[THYMELEAF]             * [{option} {th:field,data-th-field}] [1700]: org.thymeleaf.spring6.processor.SpringOptionFieldTagProcessor
[THYMELEAF]             * [{select} {th:field,data-th-field}] [1700]: org.thymeleaf.spring6.processor.SpringSelectFieldTagProcessor
[THYMELEAF]             * [{textarea} {th:field,data-th-field}] [1700]: org.thymeleaf.spring6.processor.SpringTextareaFieldTagProcessor
[THYMELEAF]             * [* {th:uerrors,data-th-uerrors}] [1700]: org.thymeleaf.spring6.processor.SpringUErrorsTagProcessor
[THYMELEAF]             * [* {th:errorclass,data-th-errorclass}] [1800]: org.thymeleaf.spring6.processor.SpringErrorClassTagProcessor
[THYMELEAF]             * [* {th:ref,data-th-ref}] [10000]: org.thymeleaf.standard.processor.StandardRefAttributeTagProcessor
[THYMELEAF]             * [{th:block,th-block} *] [100000]: org.thymeleaf.standard.processor.StandardBlockTagProcessor
[THYMELEAF]             * [* th:*] [2147483647]: org.thymeleaf.standard.processor.StandardDefaultAttributesTagProcessor
[THYMELEAF]         * Text Processors by [precedence]:
[THYMELEAF]             * [1000]: org.thymeleaf.standard.processor.StandardInliningTextProcessor
[THYMELEAF]         * DOCTYPE Processors by [precedence]:
[THYMELEAF]             * [1000]: org.thymeleaf.standard.processor.StandardTranslationDocTypeProcessor
[THYMELEAF]         * CDATA Section Processors by [precedence]:
[THYMELEAF]             * [1000]: org.thymeleaf.standard.processor.StandardInliningCDATASectionProcessor
[THYMELEAF]         * Comment Processors by [precedence]:
[THYMELEAF]             * [1000]: org.thymeleaf.standard.processor.StandardInliningCommentProcessor
[THYMELEAF]             * [1100]: org.thymeleaf.standard.processor.StandardConditionalCommentProcessor
[THYMELEAF]     * Processors for Template Mode: XML
[THYMELEAF]         * Element Tag Processors by [matching element and attribute name] [precedence]:
[THYMELEAF]             * [* {th:include}] [100]: org.thymeleaf.standard.processor.StandardIncludeTagProcessor
[THYMELEAF]             * [* {th:insert}] [100]: org.thymeleaf.standard.processor.StandardInsertTagProcessor
[THYMELEAF]             * [* {th:replace}] [100]: org.thymeleaf.standard.processor.StandardReplaceTagProcessor
[THYMELEAF]             * [* {th:each}] [200]: org.thymeleaf.standard.processor.StandardEachTagProcessor
[THYMELEAF]             * [* {th:switch}] [250]: org.thymeleaf.standard.processor.StandardSwitchTagProcessor
[THYMELEAF]             * [* {th:case}] [275]: org.thymeleaf.standard.processor.StandardCaseTagProcessor
[THYMELEAF]             * [* {th:if}] [300]: org.thymeleaf.standard.processor.StandardIfTagProcessor
[THYMELEAF]             * [* {th:unless}] [400]: org.thymeleaf.standard.processor.StandardUnlessTagProcessor
[THYMELEAF]             * [* {th:object}] [500]: org.thymeleaf.standard.processor.StandardObjectTagProcessor
[THYMELEAF]             * [* {th:with}] [600]: org.thymeleaf.standard.processor.StandardWithTagProcessor
[THYMELEAF]             * [* {th:attr}] [700]: org.thymeleaf.standard.processor.StandardAttrTagProcessor
[THYMELEAF]             * [* {th:attrprepend}] [800]: org.thymeleaf.standard.processor.StandardAttrprependTagProcessor
[THYMELEAF]             * [* {th:attrappend}] [900]: org.thymeleaf.standard.processor.StandardAttrappendTagProcessor
[THYMELEAF]             * [* {th:inline}] [1000]: org.thymeleaf.standard.processor.StandardInlineXMLTagProcessor
[THYMELEAF]             * [* {xmlns:th}] [1000]: org.thymeleaf.standard.processor.StandardXmlNsTagProcessor
[THYMELEAF]             * [* {th:text}] [1300]: org.thymeleaf.standard.processor.StandardTextTagProcessor
[THYMELEAF]             * [* {th:utext}] [1400]: org.thymeleaf.standard.processor.StandardUtextTagProcessor
[THYMELEAF]             * [* {th:fragment}] [1500]: org.thymeleaf.standard.processor.StandardFragmentTagProcessor
[THYMELEAF]             * [* {th:assert}] [1550]: org.thymeleaf.standard.processor.StandardAssertTagProcessor
[THYMELEAF]             * [* {th:remove}] [1600]: org.thymeleaf.standard.processor.StandardRemoveTagProcessor
[THYMELEAF]             * [* {th:ref}] [10000]: org.thymeleaf.standard.processor.StandardRefAttributeTagProcessor
[THYMELEAF]             * [{th:block} *] [100000]: org.thymeleaf.standard.processor.StandardBlockTagProcessor
[THYMELEAF]             * [* th:*] [2147483647]: org.thymeleaf.standard.processor.StandardDefaultAttributesTagProcessor
[THYMELEAF]         * Text Processors by [precedence]:
[THYMELEAF]             * [1000]: org.thymeleaf.standard.processor.StandardInliningTextProcessor
[THYMELEAF]         * CDATA Section Processors by [precedence]:
[THYMELEAF]             * [1000]: org.thymeleaf.standard.processor.StandardInliningCDATASectionProcessor
[THYMELEAF]         * Comment Processors by [precedence]:
[THYMELEAF]             * [1000]: org.thymeleaf.standard.processor.StandardInliningCommentProcessor
[THYMELEAF]     * Processors for Template Mode: TEXT
[THYMELEAF]         * Element Tag Processors by [matching element and attribute name] [precedence]:
[THYMELEAF]             * [* {th:insert}] [100]: org.thymeleaf.standard.processor.StandardInsertTagProcessor
[THYMELEAF]             * [* {th:replace}] [100]: org.thymeleaf.standard.processor.StandardReplaceTagProcessor
[THYMELEAF]             * [* {th:each}] [200]: org.thymeleaf.standard.processor.StandardEachTagProcessor
[THYMELEAF]             * [* {th:switch}] [250]: org.thymeleaf.standard.processor.StandardSwitchTagProcessor
[THYMELEAF]             * [* {th:case}] [275]: org.thymeleaf.standard.processor.StandardCaseTagProcessor
[THYMELEAF]             * [* {th:if}] [300]: org.thymeleaf.standard.processor.StandardIfTagProcessor
[THYMELEAF]             * [* {th:unless}] [400]: org.thymeleaf.standard.processor.StandardUnlessTagProcessor
[THYMELEAF]             * [* {th:object}] [500]: org.thymeleaf.standard.processor.StandardObjectTagProcessor
[THYMELEAF]             * [* {th:with}] [600]: org.thymeleaf.standard.processor.StandardWithTagProcessor
[THYMELEAF]             * [* {th:inline}] [1000]: org.thymeleaf.standard.processor.StandardInlineTextualTagProcessor
[THYMELEAF]             * [* {th:text}] [1300]: org.thymeleaf.standard.processor.StandardTextTagProcessor
[THYMELEAF]             * [* {th:utext}] [1400]: org.thymeleaf.standard.processor.StandardUtextTagProcessor
[THYMELEAF]             * [* {th:assert}] [1550]: org.thymeleaf.standard.processor.StandardAssertTagProcessor
[THYMELEAF]             * [* {th:remove}] [1600]: org.thymeleaf.standard.processor.StandardRemoveTagProcessor
[THYMELEAF]             * [* 100000] [org.thymeleaf.standard.processor.StandardBlockTagProcessor]: {}
[THYMELEAF]             * [{th:block} *] [100000]: org.thymeleaf.standard.processor.StandardBlockTagProcessor
[THYMELEAF]         * Text Processors by [precedence]:
[THYMELEAF]             * [1000]: org.thymeleaf.standard.processor.StandardInliningTextProcessor
[THYMELEAF]     * Processors for Template Mode: JAVASCRIPT
[THYMELEAF]         * Element Tag Processors by [matching element and attribute name] [precedence]:
[THYMELEAF]             * [* {th:insert}] [100]: org.thymeleaf.standard.processor.StandardInsertTagProcessor
[THYMELEAF]             * [* {th:replace}] [100]: org.thymeleaf.standard.processor.StandardReplaceTagProcessor
[THYMELEAF]             * [* {th:each}] [200]: org.thymeleaf.standard.processor.StandardEachTagProcessor
[THYMELEAF]             * [* {th:switch}] [250]: org.thymeleaf.standard.processor.StandardSwitchTagProcessor
[THYMELEAF]             * [* {th:case}] [275]: org.thymeleaf.standard.processor.StandardCaseTagProcessor
[THYMELEAF]             * [* {th:if}] [300]: org.thymeleaf.standard.processor.StandardIfTagProcessor
[THYMELEAF]             * [* {th:unless}] [400]: org.thymeleaf.standard.processor.StandardUnlessTagProcessor
[THYMELEAF]             * [* {th:object}] [500]: org.thymeleaf.standard.processor.StandardObjectTagProcessor
[THYMELEAF]             * [* {th:with}] [600]: org.thymeleaf.standard.processor.StandardWithTagProcessor
[THYMELEAF]             * [* {th:inline}] [1000]: org.thymeleaf.standard.processor.StandardInlineTextualTagProcessor
[THYMELEAF]             * [* {th:text}] [1300]: org.thymeleaf.standard.processor.StandardTextTagProcessor
[THYMELEAF]             * [* {th:utext}] [1400]: org.thymeleaf.standard.processor.StandardUtextTagProcessor
[THYMELEAF]             * [* {th:assert}] [1550]: org.thymeleaf.standard.processor.StandardAssertTagProcessor
[THYMELEAF]             * [* {th:remove}] [1600]: org.thymeleaf.standard.processor.StandardRemoveTagProcessor
[THYMELEAF]             * [{th:block} *] [100000]: org.thymeleaf.standard.processor.StandardBlockTagProcessor
[THYMELEAF]             * [* 100000] [org.thymeleaf.standard.processor.StandardBlockTagProcessor]: {}
[THYMELEAF]         * Text Processors by [precedence]:
[THYMELEAF]             * [1000]: org.thymeleaf.standard.processor.StandardInliningTextProcessor
[THYMELEAF]     * Processors for Template Mode: CSS
[THYMELEAF]         * Element Tag Processors by [matching element and attribute name] [precedence]:
[THYMELEAF]             * [* {th:insert}] [100]: org.thymeleaf.standard.processor.StandardInsertTagProcessor
[THYMELEAF]             * [* {th:replace}] [100]: org.thymeleaf.standard.processor.StandardReplaceTagProcessor
[THYMELEAF]             * [* {th:each}] [200]: org.thymeleaf.standard.processor.StandardEachTagProcessor
[THYMELEAF]             * [* {th:switch}] [250]: org.thymeleaf.standard.processor.StandardSwitchTagProcessor
[THYMELEAF]             * [* {th:case}] [275]: org.thymeleaf.standard.processor.StandardCaseTagProcessor
[THYMELEAF]             * [* {th:if}] [300]: org.thymeleaf.standard.processor.StandardIfTagProcessor
[THYMELEAF]             * [* {th:unless}] [400]: org.thymeleaf.standard.processor.StandardUnlessTagProcessor
[THYMELEAF]             * [* {th:object}] [500]: org.thymeleaf.standard.processor.StandardObjectTagProcessor
[THYMELEAF]             * [* {th:with}] [600]: org.thymeleaf.standard.processor.StandardWithTagProcessor
[THYMELEAF]             * [* {th:inline}] [1000]: org.thymeleaf.standard.processor.StandardInlineTextualTagProcessor
[THYMELEAF]             * [* {th:text}] [1300]: org.thymeleaf.standard.processor.StandardTextTagProcessor
[THYMELEAF]             * [* {th:utext}] [1400]: org.thymeleaf.standard.processor.StandardUtextTagProcessor
[THYMELEAF]             * [* {th:assert}] [1550]: org.thymeleaf.standard.processor.StandardAssertTagProcessor
[THYMELEAF]             * [* {th:remove}] [1600]: org.thymeleaf.standard.processor.StandardRemoveTagProcessor
[THYMELEAF]             * [* 100000] [org.thymeleaf.standard.processor.StandardBlockTagProcessor]: {}
[THYMELEAF]             * [{th:block} *] [100000]: org.thymeleaf.standard.processor.StandardBlockTagProcessor
[THYMELEAF]         * Text Processors by [precedence]:
[THYMELEAF]             * [1000]: org.thymeleaf.standard.processor.StandardInliningTextProcessor
[THYMELEAF]     * Expression Objects:
[THYMELEAF]         * #ctx
[THYMELEAF]         * #root
[THYMELEAF]         * #vars
[THYMELEAF]         * #object
[THYMELEAF]         * #locale
[THYMELEAF]         * #conversions
[THYMELEAF]         * #uris
[THYMELEAF]         * #temporals
[THYMELEAF]         * #calendars
[THYMELEAF]         * #dates
[THYMELEAF]         * #bools
[THYMELEAF]         * #numbers
[THYMELEAF]         * #objects
[THYMELEAF]         * #strings
[THYMELEAF]         * #arrays
[THYMELEAF]         * #lists
[THYMELEAF]         * #sets
[THYMELEAF]         * #maps
[THYMELEAF]         * #aggregates
[THYMELEAF]         * #messages
[THYMELEAF]         * #ids
[THYMELEAF]         * #execInfo
[THYMELEAF]         * #request
[THYMELEAF]         * #response
[THYMELEAF]         * #session
[THYMELEAF]         * #servletContext
[THYMELEAF]         * #fields
[THYMELEAF]         * #themes
[THYMELEAF]         * #mvc
[THYMELEAF]         * #requestdatavalues
[THYMELEAF]     * Execution Attributes:
[THYMELEAF]         * "StandardExpressionParser": Standard Expression Parser
[THYMELEAF]         * "StandardJavaScriptSerializer": org.thymeleaf.standard.serializer.StandardJavaScriptSerializer@2e9b56bc
[THYMELEAF]         * "StandardCSSSerializer": org.thymeleaf.standard.serializer.StandardCSSSerializer@7b7220e3
[THYMELEAF]         * "EnableSpringELCompiler": false
[THYMELEAF]         * "StandardVariableExpressionEvaluator": SpringEL
[THYMELEAF]         * "StandardConversionService": org.thymeleaf.spring6.expression.SpringStandardConversionService@3e847f7e
[THYMELEAF] TEMPLATE ENGINE CONFIGURED OK
2024-09-26T18:47:15.555+01:00 DEBUG 3124 --- [wallet] [http-nio-8081-exec-2] org.thymeleaf.TemplateEngine             : [THYMELEAF] TEMPLATE ENGINE INITIALIZED
2024-09-26T18:47:15.835+01:00 DEBUG 3124 --- [wallet] [http-nio-8081-exec-2] o.s.web.servlet.DispatcherServlet        : Completed 200 OK
2024-09-26T18:47:15.891+01:00 DEBUG 3124 --- [wallet] [http-nio-8081-exec-1] o.s.web.servlet.DispatcherServlet        : GET "/favicon.ico", parameters={}
2024-09-26T18:47:15.899+01:00 DEBUG 3124 --- [wallet] [http-nio-8081-exec-1] o.s.w.s.handler.SimpleUrlHandlerMapping  : Mapped to ResourceHttpRequestHandler [classpath [META-INF/resources/], classpath [resources/], classpath [static/], classpath [public/], ServletContext [/]]
2024-09-26T18:47:15.907+01:00 DEBUG 3124 --- [wallet] [http-nio-8081-exec-1] o.s.w.s.r.ResourceHttpRequestHandler     : Resource not found
2024-09-26T18:47:15.923+01:00 DEBUG 3124 --- [wallet] [http-nio-8081-exec-1] .w.s.m.s.DefaultHandlerExceptionResolver : Resolved [org.springframework.web.servlet.resource.NoResourceFoundException: No static resource favicon.ico.]
2024-09-26T18:47:15.923+01:00 DEBUG 3124 --- [wallet] [http-nio-8081-exec-1] o.s.web.servlet.DispatcherServlet        : Completed 404 NOT_FOUND
2024-09-26T18:47:15.931+01:00 DEBUG 3124 --- [wallet] [http-nio-8081-exec-1] o.s.web.servlet.DispatcherServlet        : "ERROR" dispatch for GET "/error", parameters={}
2024-09-26T18:47:15.939+01:00 DEBUG 3124 --- [wallet] [http-nio-8081-exec-1] s.w.s.m.m.a.RequestMappingHandlerMapping : Mapped to org.springframework.boot.autoconfigure.web.servlet.error.BasicErrorController#error(HttpServletRequest)
2024-09-26T18:47:15.979+01:00 DEBUG 3124 --- [wallet] [http-nio-8081-exec-1] o.s.w.s.m.m.a.HttpEntityMethodProcessor  : Using 'application/json;q=0.8', given [image/avif, image/webp, image/apng, image/svg+xml, image/*, */*;q=0.8] and supported [application/json, application/*+json]
2024-09-26T18:47:15.988+01:00 DEBUG 3124 --- [wallet] [http-nio-8081-exec-1] o.s.w.s.m.m.a.HttpEntityMethodProcessor  : Writing [{timestamp=Thu Sep 26 18:47:15 CET 2024, status=404, error=Not Found, trace=org.springframework.web. (truncated)...]
2024-09-26T18:47:16.052+01:00 DEBUG 3124 --- [wallet] [http-nio-8081-exec-1] o.s.web.servlet.DispatcherServlet        : Exiting from "ERROR" dispatch, status 404
2024-09-26T18:47:21.211+01:00 DEBUG 3124 --- [wallet] [http-nio-8081-exec-5] o.s.web.servlet.DispatcherServlet        : POST "/wallet/login", parameters={masked}
2024-09-26T18:47:21.211+01:00 DEBUG 3124 --- [wallet] [http-nio-8081-exec-5] s.w.s.m.m.a.RequestMappingHandlerMapping : Mapped to com.example.wallet.Controllers.UserController#login(UserDto, HttpSession, Model)
2024-09-26T18:47:21.460+01:00 DEBUG 3124 --- [wallet] [http-nio-8081-exec-5] org.hibernate.orm.sql.ast.create         : Created new SQL alias : u1_0
2024-09-26T18:47:21.460+01:00 DEBUG 3124 --- [wallet] [http-nio-8081-exec-5] org.hibernate.orm.sql.ast.create         : Registration of TableGroup [StandardTableGroup(com.example.wallet.Entities.User(2))] with identifierForTableGroup [com.example.wallet.Entities.User] for NavigablePath [com.example.wallet.Entities.User] 
2024-09-26T18:47:21.485+01:00 DEBUG 3124 --- [wallet] [http-nio-8081-exec-5] o.h.q.sqm.sql.BaseSqmToSqlAstConverter   : Determining mapping-model type for SqmParameter : org.hibernate.query.sqm.tree.expression.SqmJpaCriteriaParameterWrapper@4719869f
2024-09-26T18:47:21.485+01:00 DEBUG 3124 --- [wallet] [http-nio-8081-exec-5] o.h.q.sqm.sql.BaseSqmToSqlAstConverter   : Determining mapping-model type for SqmPath : SqmBasicValuedSimplePath(com.example.wallet.Entities.User(2).username) 
2024-09-26T18:47:21.500+01:00 DEBUG 3124 --- [wallet] [http-nio-8081-exec-5] org.hibernate.orm.results.graph.AST      : DomainResult Graph:
 \-EntityResultImpl [com.example.wallet.Entities.User(2)]
 |  +-BasicFetch [com.example.wallet.Entities.User(2).Password]
 |  \-BasicFetch [com.example.wallet.Entities.User(2).username]

2024-09-26T18:47:21.500+01:00 DEBUG 3124 --- [wallet] [http-nio-8081-exec-5] org.hibernate.orm.sql.ast.tree           : SQL AST Tree:
    SelectStatement {
      FromClause {
        StandardTableGroup (u1 : com.example.wallet.Entities.User(2)) {
          primaryTableReference : user as u1_0
        }
      }
    }

2024-09-26T18:47:21.524+01:00 DEBUG 3124 --- [wallet] [http-nio-8081-exec-5] org.hibernate.orm.sql.exec               : Skipping reading Query result cache data: cache-enabled = false, cache-mode = NORMAL
2024-09-26T18:47:21.532+01:00 DEBUG 3124 --- [wallet] [http-nio-8081-exec-5] org.hibernate.SQL                        : select u1_0.user_id,u1_0.password,u1_0.username from user u1_0 where u1_0.username=?
2024-09-26T18:47:21.588+01:00 DEBUG 3124 --- [wallet] [http-nio-8081-exec-5] org.hibernate.orm.results                : Initializer list:
	  com.example.wallet.Entities.User(2) -> EntityJoinedFetchInitializer(com.example.wallet.Entities.User(2))@1491690533 (SingleTableEntityPersister(com.example.wallet.Entities.User))

2024-09-26T18:47:21.628+01:00 DEBUG 3124 --- [wallet] [http-nio-8081-exec-5] o.s.web.servlet.view.RedirectView        : View name [redirect:], model {}
2024-09-26T18:47:21.628+01:00 DEBUG 3124 --- [wallet] [http-nio-8081-exec-5] o.s.web.servlet.DispatcherServlet        : Completed 302 FOUND
2024-09-26T18:47:21.644+01:00 DEBUG 3124 --- [wallet] [http-nio-8081-exec-6] o.s.web.servlet.DispatcherServlet        : GET "/wallet/home;jsessionid=F97EB43EB69C4F506DDD6A5A9053694B", parameters={}
2024-09-26T18:47:21.644+01:00 DEBUG 3124 --- [wallet] [http-nio-8081-exec-6] s.w.s.m.m.a.RequestMappingHandlerMapping : Mapped to com.example.wallet.Controllers.UserController#home(Model, HttpSession)
2024-09-26T18:47:21.644+01:00 DEBUG 3124 --- [wallet] [http-nio-8081-exec-6] org.hibernate.orm.sql.ast.create         : Created new SQL alias : u1_0
2024-09-26T18:47:21.644+01:00 DEBUG 3124 --- [wallet] [http-nio-8081-exec-6] org.hibernate.orm.sql.ast.create         : Registration of TableGroup [StandardTableGroup(com.example.wallet.Entities.User(2))] with identifierForTableGroup [com.example.wallet.Entities.User] for NavigablePath [com.example.wallet.Entities.User] 
2024-09-26T18:47:21.644+01:00 DEBUG 3124 --- [wallet] [http-nio-8081-exec-6] o.h.q.sqm.sql.BaseSqmToSqlAstConverter   : Determining mapping-model type for SqmParameter : org.hibernate.query.sqm.tree.expression.SqmJpaCriteriaParameterWrapper@105d9238
2024-09-26T18:47:21.644+01:00 DEBUG 3124 --- [wallet] [http-nio-8081-exec-6] o.h.q.sqm.sql.BaseSqmToSqlAstConverter   : Determining mapping-model type for SqmPath : SqmBasicValuedSimplePath(com.example.wallet.Entities.User(2).username) 
2024-09-26T18:47:21.644+01:00 DEBUG 3124 --- [wallet] [http-nio-8081-exec-6] org.hibernate.orm.results.graph.AST      : DomainResult Graph:
 \-EntityResultImpl [com.example.wallet.Entities.User(2)]
 |  +-BasicFetch [com.example.wallet.Entities.User(2).Password]
 |  \-BasicFetch [com.example.wallet.Entities.User(2).username]

2024-09-26T18:47:21.652+01:00 DEBUG 3124 --- [wallet] [http-nio-8081-exec-6] org.hibernate.orm.sql.ast.tree           : SQL AST Tree:
    SelectStatement {
      FromClause {
        StandardTableGroup (u1 : com.example.wallet.Entities.User(2)) {
          primaryTableReference : user as u1_0
        }
      }
    }

2024-09-26T18:47:21.652+01:00 DEBUG 3124 --- [wallet] [http-nio-8081-exec-6] org.hibernate.orm.sql.exec               : Skipping reading Query result cache data: cache-enabled = false, cache-mode = NORMAL
2024-09-26T18:47:21.652+01:00 DEBUG 3124 --- [wallet] [http-nio-8081-exec-6] org.hibernate.SQL                        : select u1_0.user_id,u1_0.password,u1_0.username from user u1_0 where u1_0.username=?
2024-09-26T18:47:21.652+01:00 DEBUG 3124 --- [wallet] [http-nio-8081-exec-6] org.hibernate.orm.results                : Initializer list:
	  com.example.wallet.Entities.User(2) -> EntityJoinedFetchInitializer(com.example.wallet.Entities.User(2))@375491282 (SingleTableEntityPersister(com.example.wallet.Entities.User))

2024-09-26T18:47:21.660+01:00 DEBUG 3124 --- [wallet] [http-nio-8081-exec-6] o.s.w.s.v.ContentNegotiatingViewResolver : Selected 'text/html' given [text/html, application/xhtml+xml, image/avif, image/webp, image/apng, application/xml;q=0.9, */*;q=0.8, application/signed-exchange;v=b3;q=0.7]
2024-09-26T18:47:21.684+01:00 DEBUG 3124 --- [wallet] [http-nio-8081-exec-6] o.s.web.servlet.DispatcherServlet        : Completed 200 OK
2024-09-26T18:47:22.761+01:00 DEBUG 3124 --- [wallet] [http-nio-8081-exec-7] o.s.web.servlet.DispatcherServlet        : GET "/wallet/operations", parameters={}
2024-09-26T18:47:22.761+01:00 DEBUG 3124 --- [wallet] [http-nio-8081-exec-7] s.w.s.m.m.a.RequestMappingHandlerMapping : Mapped to com.example.wallet.Controllers.UserController#getAllOperations(Model)
2024-09-26T18:47:22.761+01:00 DEBUG 3124 --- [wallet] [http-nio-8081-exec-7] o.s.jdbc.core.JdbcTemplate               : Executing SQL query [CALL GetOperationDetails()]
2024-09-26T18:47:22.761+01:00 DEBUG 3124 --- [wallet] [http-nio-8081-exec-7] o.s.jdbc.datasource.DataSourceUtils      : Fetching JDBC Connection from DataSource
2024-09-26T18:47:22.786+01:00 DEBUG 3124 --- [wallet] [http-nio-8081-exec-7] o.s.w.s.v.ContentNegotiatingViewResolver : Selected 'text/html' given [text/html, application/xhtml+xml, image/avif, image/webp, image/apng, application/xml;q=0.9, */*;q=0.8, application/signed-exchange;v=b3;q=0.7]
2024-09-26T18:47:22.865+01:00 DEBUG 3124 --- [wallet] [http-nio-8081-exec-8] o.s.web.servlet.DispatcherServlet        : GET "/style.css", parameters={}
2024-09-26T18:47:22.865+01:00 DEBUG 3124 --- [wallet] [http-nio-8081-exec-8] o.s.w.s.handler.SimpleUrlHandlerMapping  : Mapped to ResourceHttpRequestHandler [classpath [META-INF/resources/], classpath [resources/], classpath [static/], classpath [public/], ServletContext [/]]
2024-09-26T18:47:22.873+01:00 DEBUG 3124 --- [wallet] [http-nio-8081-exec-10] o.s.web.servlet.DispatcherServlet        : GET "/wallet/scripts.js", parameters={}
2024-09-26T18:47:22.873+01:00 DEBUG 3124 --- [wallet] [http-nio-8081-exec-10] o.s.w.s.handler.SimpleUrlHandlerMapping  : Mapped to ResourceHttpRequestHandler [classpath [META-INF/resources/], classpath [resources/], classpath [static/], classpath [public/], ServletContext [/]]
2024-09-26T18:47:22.881+01:00 DEBUG 3124 --- [wallet] [http-nio-8081-exec-10] o.s.w.s.r.ResourceHttpRequestHandler     : Resource not found
2024-09-26T18:47:22.881+01:00 DEBUG 3124 --- [wallet] [http-nio-8081-exec-8] o.s.web.servlet.DispatcherServlet        : Completed 200 OK
2024-09-26T18:47:22.881+01:00 DEBUG 3124 --- [wallet] [http-nio-8081-exec-10] .w.s.m.s.DefaultHandlerExceptionResolver : Resolved [org.springframework.web.servlet.resource.NoResourceFoundException: No static resource wallet/scripts.js.]
2024-09-26T18:47:22.886+01:00 DEBUG 3124 --- [wallet] [http-nio-8081-exec-10] o.s.web.servlet.DispatcherServlet        : Completed 404 NOT_FOUND
2024-09-26T18:47:22.886+01:00 DEBUG 3124 --- [wallet] [http-nio-8081-exec-10] o.s.web.servlet.DispatcherServlet        : "ERROR" dispatch for GET "/error", parameters={}
2024-09-26T18:47:22.889+01:00 DEBUG 3124 --- [wallet] [http-nio-8081-exec-10] s.w.s.m.m.a.RequestMappingHandlerMapping : Mapped to org.springframework.boot.autoconfigure.web.servlet.error.BasicErrorController#error(HttpServletRequest)
2024-09-26T18:47:22.889+01:00 DEBUG 3124 --- [wallet] [http-nio-8081-exec-10] o.s.w.s.m.m.a.HttpEntityMethodProcessor  : Using 'application/json', given [*/*] and supported [application/json, application/*+json]
2024-09-26T18:47:22.897+01:00 DEBUG 3124 --- [wallet] [http-nio-8081-exec-10] o.s.w.s.m.m.a.HttpEntityMethodProcessor  : Writing [{timestamp=Thu Sep 26 18:47:22 CET 2024, status=404, error=Not Found, trace=org.springframework.web. (truncated)...]
2024-09-26T18:47:22.897+01:00 DEBUG 3124 --- [wallet] [http-nio-8081-exec-10] o.s.web.servlet.DispatcherServlet        : Exiting from "ERROR" dispatch, status 404
2024-09-26T18:47:22.897+01:00 DEBUG 3124 --- [wallet] [http-nio-8081-exec-7] o.s.web.servlet.DispatcherServlet        : Completed 200 OK
2024-09-26T18:47:49.381+01:00 DEBUG 3124 --- [wallet] [http-nio-8081-exec-4] o.s.web.servlet.DispatcherServlet        : POST "/wallet/create", parameters={masked}
2024-09-26T18:47:49.381+01:00 DEBUG 3124 --- [wallet] [http-nio-8081-exec-4] s.w.s.m.m.a.RequestMappingHandlerMapping : Mapped to com.example.wallet.Controllers.UserController#createOperation(String, long, Double)
2024-09-26T18:47:49.389+01:00 DEBUG 3124 --- [wallet] [http-nio-8081-exec-4] o.s.jdbc.core.JdbcTemplate               : Executing prepared SQL update
2024-09-26T18:47:49.389+01:00 DEBUG 3124 --- [wallet] [http-nio-8081-exec-4] o.s.jdbc.core.JdbcTemplate               : Executing prepared SQL statement [INSERT INTO operation (Operation_Type, Category, amount) VALUES (?, ?, ?)]
2024-09-26T18:47:49.389+01:00 DEBUG 3124 --- [wallet] [http-nio-8081-exec-4] o.s.jdbc.datasource.DataSourceUtils      : Fetching JDBC Connection from DataSource
2024-09-26T18:47:49.413+01:00 DEBUG 3124 --- [wallet] [http-nio-8081-exec-4] o.s.web.servlet.view.RedirectView        : View name [redirect:], model {}
2024-09-26T18:47:49.413+01:00 DEBUG 3124 --- [wallet] [http-nio-8081-exec-4] o.s.web.servlet.DispatcherServlet        : Completed 302 FOUND
2024-09-26T18:47:49.421+01:00 DEBUG 3124 --- [wallet] [http-nio-8081-exec-3] o.s.web.servlet.DispatcherServlet        : GET "/wallet/operations", parameters={}
2024-09-26T18:47:49.421+01:00 DEBUG 3124 --- [wallet] [http-nio-8081-exec-3] s.w.s.m.m.a.RequestMappingHandlerMapping : Mapped to com.example.wallet.Controllers.UserController#getAllOperations(Model)
2024-09-26T18:47:49.421+01:00 DEBUG 3124 --- [wallet] [http-nio-8081-exec-3] o.s.jdbc.core.JdbcTemplate               : Executing SQL query [CALL GetOperationDetails()]
2024-09-26T18:47:49.421+01:00 DEBUG 3124 --- [wallet] [http-nio-8081-exec-3] o.s.jdbc.datasource.DataSourceUtils      : Fetching JDBC Connection from DataSource
2024-09-26T18:47:49.429+01:00 DEBUG 3124 --- [wallet] [http-nio-8081-exec-3] o.s.w.s.v.ContentNegotiatingViewResolver : Selected 'text/html' given [text/html, application/xhtml+xml, image/avif, image/webp, image/apng, application/xml;q=0.9, */*;q=0.8, application/signed-exchange;v=b3;q=0.7]
2024-09-26T18:47:49.469+01:00 DEBUG 3124 --- [wallet] [http-nio-8081-exec-5] o.s.web.servlet.DispatcherServlet        : GET "/style.css", parameters={}
2024-09-26T18:47:49.469+01:00 DEBUG 3124 --- [wallet] [http-nio-8081-exec-5] o.s.w.s.handler.SimpleUrlHandlerMapping  : Mapped to ResourceHttpRequestHandler [classpath [META-INF/resources/], classpath [resources/], classpath [static/], classpath [public/], ServletContext [/]]
2024-09-26T18:47:49.469+01:00 DEBUG 3124 --- [wallet] [http-nio-8081-exec-6] o.s.web.servlet.DispatcherServlet        : GET "/wallet/scripts.js", parameters={}
2024-09-26T18:47:49.469+01:00 DEBUG 3124 --- [wallet] [http-nio-8081-exec-6] o.s.w.s.handler.SimpleUrlHandlerMapping  : Mapped to ResourceHttpRequestHandler [classpath [META-INF/resources/], classpath [resources/], classpath [static/], classpath [public/], ServletContext [/]]
2024-09-26T18:47:49.477+01:00 DEBUG 3124 --- [wallet] [http-nio-8081-exec-5] o.s.web.servlet.DispatcherServlet        : Completed 200 OK
2024-09-26T18:47:49.477+01:00 DEBUG 3124 --- [wallet] [http-nio-8081-exec-6] o.s.w.s.r.ResourceHttpRequestHandler     : Resource not found
2024-09-26T18:47:49.477+01:00 DEBUG 3124 --- [wallet] [http-nio-8081-exec-6] .w.s.m.s.DefaultHandlerExceptionResolver : Resolved [org.springframework.web.servlet.resource.NoResourceFoundException: No static resource wallet/scripts.js.]
2024-09-26T18:47:49.477+01:00 DEBUG 3124 --- [wallet] [http-nio-8081-exec-6] o.s.web.servlet.DispatcherServlet        : Completed 404 NOT_FOUND
2024-09-26T18:47:49.485+01:00 DEBUG 3124 --- [wallet] [http-nio-8081-exec-6] o.s.web.servlet.DispatcherServlet        : "ERROR" dispatch for GET "/error", parameters={}
2024-09-26T18:47:49.485+01:00 DEBUG 3124 --- [wallet] [http-nio-8081-exec-6] s.w.s.m.m.a.RequestMappingHandlerMapping : Mapped to org.springframework.boot.autoconfigure.web.servlet.error.BasicErrorController#error(HttpServletRequest)
2024-09-26T18:47:49.485+01:00 DEBUG 3124 --- [wallet] [http-nio-8081-exec-6] o.s.w.s.m.m.a.HttpEntityMethodProcessor  : Using 'application/json', given [*/*] and supported [application/json, application/*+json]
2024-09-26T18:47:49.485+01:00 DEBUG 3124 --- [wallet] [http-nio-8081-exec-6] o.s.w.s.m.m.a.HttpEntityMethodProcessor  : Writing [{timestamp=Thu Sep 26 18:47:49 CET 2024, status=404, error=Not Found, trace=org.springframework.web. (truncated)...]
2024-09-26T18:47:49.485+01:00 DEBUG 3124 --- [wallet] [http-nio-8081-exec-6] o.s.web.servlet.DispatcherServlet        : Exiting from "ERROR" dispatch, status 404
2024-09-26T18:47:49.493+01:00 DEBUG 3124 --- [wallet] [http-nio-8081-exec-3] o.s.web.servlet.DispatcherServlet        : Completed 200 OK
2024-09-26T18:47:57.761+01:00 DEBUG 3124 --- [wallet] [http-nio-8081-exec-8] o.s.web.servlet.DispatcherServlet        : POST "/wallet/delete/46", parameters={masked}
2024-09-26T18:47:57.761+01:00 DEBUG 3124 --- [wallet] [http-nio-8081-exec-8] s.w.s.m.m.a.RequestMappingHandlerMapping : Mapped to com.example.wallet.Controllers.UserController#deleteOperation(Long)
2024-09-26T18:47:57.769+01:00 DEBUG 3124 --- [wallet] [http-nio-8081-exec-8] o.s.jdbc.core.JdbcTemplate               : Executing prepared SQL update
2024-09-26T18:47:57.769+01:00 DEBUG 3124 --- [wallet] [http-nio-8081-exec-8] o.s.jdbc.core.JdbcTemplate               : Executing prepared SQL statement [DELETE FROM operation WHERE Operation_ID = ?]
2024-09-26T18:47:57.769+01:00 DEBUG 3124 --- [wallet] [http-nio-8081-exec-8] o.s.jdbc.datasource.DataSourceUtils      : Fetching JDBC Connection from DataSource
2024-09-26T18:47:57.777+01:00 DEBUG 3124 --- [wallet] [http-nio-8081-exec-8] o.s.web.servlet.view.RedirectView        : View name [redirect:], model {}
2024-09-26T18:47:57.777+01:00 DEBUG 3124 --- [wallet] [http-nio-8081-exec-8] o.s.web.servlet.DispatcherServlet        : Completed 302 FOUND
2024-09-26T18:47:57.785+01:00 DEBUG 3124 --- [wallet] [http-nio-8081-exec-10] o.s.web.servlet.DispatcherServlet        : GET "/wallet/operations", parameters={}
2024-09-26T18:47:57.785+01:00 DEBUG 3124 --- [wallet] [http-nio-8081-exec-10] s.w.s.m.m.a.RequestMappingHandlerMapping : Mapped to com.example.wallet.Controllers.UserController#getAllOperations(Model)
2024-09-26T18:47:57.785+01:00 DEBUG 3124 --- [wallet] [http-nio-8081-exec-10] o.s.jdbc.core.JdbcTemplate               : Executing SQL query [CALL GetOperationDetails()]
2024-09-26T18:47:57.785+01:00 DEBUG 3124 --- [wallet] [http-nio-8081-exec-10] o.s.jdbc.datasource.DataSourceUtils      : Fetching JDBC Connection from DataSource
2024-09-26T18:47:57.793+01:00 DEBUG 3124 --- [wallet] [http-nio-8081-exec-10] o.s.w.s.v.ContentNegotiatingViewResolver : Selected 'text/html' given [text/html, application/xhtml+xml, image/avif, image/webp, image/apng, application/xml;q=0.9, */*;q=0.8, application/signed-exchange;v=b3;q=0.7]
2024-09-26T18:47:57.825+01:00 DEBUG 3124 --- [wallet] [http-nio-8081-exec-7] o.s.web.servlet.DispatcherServlet        : GET "/style.css", parameters={}
2024-09-26T18:47:57.825+01:00 DEBUG 3124 --- [wallet] [http-nio-8081-exec-9] o.s.web.servlet.DispatcherServlet        : GET "/wallet/scripts.js", parameters={}
2024-09-26T18:47:57.825+01:00 DEBUG 3124 --- [wallet] [http-nio-8081-exec-7] o.s.w.s.handler.SimpleUrlHandlerMapping  : Mapped to ResourceHttpRequestHandler [classpath [META-INF/resources/], classpath [resources/], classpath [static/], classpath [public/], ServletContext [/]]
2024-09-26T18:47:57.833+01:00 DEBUG 3124 --- [wallet] [http-nio-8081-exec-9] o.s.w.s.handler.SimpleUrlHandlerMapping  : Mapped to ResourceHttpRequestHandler [classpath [META-INF/resources/], classpath [resources/], classpath [static/], classpath [public/], ServletContext [/]]
2024-09-26T18:47:57.833+01:00 DEBUG 3124 --- [wallet] [http-nio-8081-exec-9] o.s.w.s.r.ResourceHttpRequestHandler     : Resource not found
2024-09-26T18:47:57.833+01:00 DEBUG 3124 --- [wallet] [http-nio-8081-exec-7] o.s.web.servlet.DispatcherServlet        : Completed 200 OK
2024-09-26T18:47:57.833+01:00 DEBUG 3124 --- [wallet] [http-nio-8081-exec-9] .w.s.m.s.DefaultHandlerExceptionResolver : Resolved [org.springframework.web.servlet.resource.NoResourceFoundException: No static resource wallet/scripts.js.]
2024-09-26T18:47:57.833+01:00 DEBUG 3124 --- [wallet] [http-nio-8081-exec-9] o.s.web.servlet.DispatcherServlet        : Completed 404 NOT_FOUND
2024-09-26T18:47:57.833+01:00 DEBUG 3124 --- [wallet] [http-nio-8081-exec-10] o.s.web.servlet.DispatcherServlet        : Completed 200 OK
2024-09-26T18:47:57.833+01:00 DEBUG 3124 --- [wallet] [http-nio-8081-exec-9] o.s.web.servlet.DispatcherServlet        : "ERROR" dispatch for GET "/error", parameters={}
2024-09-26T18:47:57.841+01:00 DEBUG 3124 --- [wallet] [http-nio-8081-exec-9] s.w.s.m.m.a.RequestMappingHandlerMapping : Mapped to org.springframework.boot.autoconfigure.web.servlet.error.BasicErrorController#error(HttpServletRequest)
2024-09-26T18:47:57.841+01:00 DEBUG 3124 --- [wallet] [http-nio-8081-exec-9] o.s.w.s.m.m.a.HttpEntityMethodProcessor  : Using 'application/json', given [*/*] and supported [application/json, application/*+json]
2024-09-26T18:47:57.841+01:00 DEBUG 3124 --- [wallet] [http-nio-8081-exec-9] o.s.w.s.m.m.a.HttpEntityMethodProcessor  : Writing [{timestamp=Thu Sep 26 18:47:57 CET 2024, status=404, error=Not Found, trace=org.springframework.web. (truncated)...]
2024-09-26T18:47:57.849+01:00 DEBUG 3124 --- [wallet] [http-nio-8081-exec-9] o.s.web.servlet.DispatcherServlet        : Exiting from "ERROR" dispatch, status 404
2024-09-26T18:48:00.997+01:00 DEBUG 3124 --- [wallet] [http-nio-8081-exec-1] o.s.web.servlet.DispatcherServlet        : POST "/wallet/delete/27", parameters={masked}
2024-09-26T18:48:00.997+01:00 DEBUG 3124 --- [wallet] [http-nio-8081-exec-1] s.w.s.m.m.a.RequestMappingHandlerMapping : Mapped to com.example.wallet.Controllers.UserController#deleteOperation(Long)
2024-09-26T18:48:01.005+01:00 DEBUG 3124 --- [wallet] [http-nio-8081-exec-1] o.s.jdbc.core.JdbcTemplate               : Executing prepared SQL update
2024-09-26T18:48:01.005+01:00 DEBUG 3124 --- [wallet] [http-nio-8081-exec-1] o.s.jdbc.core.JdbcTemplate               : Executing prepared SQL statement [DELETE FROM operation WHERE Operation_ID = ?]
2024-09-26T18:48:01.005+01:00 DEBUG 3124 --- [wallet] [http-nio-8081-exec-1] o.s.jdbc.datasource.DataSourceUtils      : Fetching JDBC Connection from DataSource
2024-09-26T18:48:01.005+01:00 DEBUG 3124 --- [wallet] [http-nio-8081-exec-1] o.s.web.servlet.view.RedirectView        : View name [redirect:], model {}
2024-09-26T18:48:01.005+01:00 DEBUG 3124 --- [wallet] [http-nio-8081-exec-1] o.s.web.servlet.DispatcherServlet        : Completed 302 FOUND
2024-09-26T18:48:01.013+01:00 DEBUG 3124 --- [wallet] [http-nio-8081-exec-2] o.s.web.servlet.DispatcherServlet        : GET "/wallet/operations", parameters={}
2024-09-26T18:48:01.013+01:00 DEBUG 3124 --- [wallet] [http-nio-8081-exec-2] s.w.s.m.m.a.RequestMappingHandlerMapping : Mapped to com.example.wallet.Controllers.UserController#getAllOperations(Model)
2024-09-26T18:48:01.021+01:00 DEBUG 3124 --- [wallet] [http-nio-8081-exec-2] o.s.jdbc.core.JdbcTemplate               : Executing SQL query [CALL GetOperationDetails()]
2024-09-26T18:48:01.021+01:00 DEBUG 3124 --- [wallet] [http-nio-8081-exec-2] o.s.jdbc.datasource.DataSourceUtils      : Fetching JDBC Connection from DataSource
2024-09-26T18:48:01.021+01:00 DEBUG 3124 --- [wallet] [http-nio-8081-exec-2] o.s.w.s.v.ContentNegotiatingViewResolver : Selected 'text/html' given [text/html, application/xhtml+xml, image/avif, image/webp, image/apng, application/xml;q=0.9, */*;q=0.8, application/signed-exchange;v=b3;q=0.7]
2024-09-26T18:48:01.053+01:00 DEBUG 3124 --- [wallet] [http-nio-8081-exec-4] o.s.web.servlet.DispatcherServlet        : GET "/style.css", parameters={}
2024-09-26T18:48:01.053+01:00 DEBUG 3124 --- [wallet] [http-nio-8081-exec-5] o.s.web.servlet.DispatcherServlet        : GET "/wallet/scripts.js", parameters={}
2024-09-26T18:48:01.053+01:00 DEBUG 3124 --- [wallet] [http-nio-8081-exec-4] o.s.w.s.handler.SimpleUrlHandlerMapping  : Mapped to ResourceHttpRequestHandler [classpath [META-INF/resources/], classpath [resources/], classpath [static/], classpath [public/], ServletContext [/]]
2024-09-26T18:48:01.053+01:00 DEBUG 3124 --- [wallet] [http-nio-8081-exec-5] o.s.w.s.handler.SimpleUrlHandlerMapping  : Mapped to ResourceHttpRequestHandler [classpath [META-INF/resources/], classpath [resources/], classpath [static/], classpath [public/], ServletContext [/]]
2024-09-26T18:48:01.053+01:00 DEBUG 3124 --- [wallet] [http-nio-8081-exec-2] o.s.web.servlet.DispatcherServlet        : Completed 200 OK
2024-09-26T18:48:01.061+01:00 DEBUG 3124 --- [wallet] [http-nio-8081-exec-5] o.s.w.s.r.ResourceHttpRequestHandler     : Resource not found
2024-09-26T18:48:01.065+01:00 DEBUG 3124 --- [wallet] [http-nio-8081-exec-5] .w.s.m.s.DefaultHandlerExceptionResolver : Resolved [org.springframework.web.servlet.resource.NoResourceFoundException: No static resource wallet/scripts.js.]
2024-09-26T18:48:01.065+01:00 DEBUG 3124 --- [wallet] [http-nio-8081-exec-4] o.s.web.servlet.DispatcherServlet        : Completed 200 OK
2024-09-26T18:48:01.065+01:00 DEBUG 3124 --- [wallet] [http-nio-8081-exec-5] o.s.web.servlet.DispatcherServlet        : Completed 404 NOT_FOUND
2024-09-26T18:48:01.065+01:00 DEBUG 3124 --- [wallet] [http-nio-8081-exec-5] o.s.web.servlet.DispatcherServlet        : "ERROR" dispatch for GET "/error", parameters={}
2024-09-26T18:48:01.069+01:00 DEBUG 3124 --- [wallet] [http-nio-8081-exec-5] s.w.s.m.m.a.RequestMappingHandlerMapping : Mapped to org.springframework.boot.autoconfigure.web.servlet.error.BasicErrorController#error(HttpServletRequest)
2024-09-26T18:48:01.069+01:00 DEBUG 3124 --- [wallet] [http-nio-8081-exec-5] o.s.w.s.m.m.a.HttpEntityMethodProcessor  : Using 'application/json', given [*/*] and supported [application/json, application/*+json]
2024-09-26T18:48:01.069+01:00 DEBUG 3124 --- [wallet] [http-nio-8081-exec-5] o.s.w.s.m.m.a.HttpEntityMethodProcessor  : Writing [{timestamp=Thu Sep 26 18:48:01 CET 2024, status=404, error=Not Found, trace=org.springframework.web. (truncated)...]
2024-09-26T18:48:01.069+01:00 DEBUG 3124 --- [wallet] [http-nio-8081-exec-5] o.s.web.servlet.DispatcherServlet        : Exiting from "ERROR" dispatch, status 404
2024-09-26T18:50:28.427+01:00 DEBUG 3124 --- [wallet] [http-nio-8081-exec-7] o.s.web.servlet.DispatcherServlet        : GET "/wallet/login", parameters={}
2024-09-26T18:50:28.427+01:00 DEBUG 3124 --- [wallet] [http-nio-8081-exec-7] s.w.s.m.m.a.RequestMappingHandlerMapping : Mapped to com.example.wallet.Controllers.UserController#login(Model, UserDto)
2024-09-26T18:50:28.435+01:00 DEBUG 3124 --- [wallet] [http-nio-8081-exec-7] o.s.w.s.v.ContentNegotiatingViewResolver : Selected 'text/html' given [text/html, application/xhtml+xml, image/avif, image/webp, image/apng, application/xml;q=0.9, */*;q=0.8, application/signed-exchange;v=b3;q=0.7]
2024-09-26T18:50:28.435+01:00 DEBUG 3124 --- [wallet] [http-nio-8081-exec-7] o.s.web.servlet.DispatcherServlet        : Completed 200 OK
2024-09-26T18:50:35.169+01:00 DEBUG 3124 --- [wallet] [http-nio-8081-exec-10] o.s.web.servlet.DispatcherServlet        : POST "/wallet/login", parameters={masked}
2024-09-26T18:50:35.177+01:00 DEBUG 3124 --- [wallet] [http-nio-8081-exec-10] s.w.s.m.m.a.RequestMappingHandlerMapping : Mapped to com.example.wallet.Controllers.UserController#login(UserDto, HttpSession, Model)
2024-09-26T18:50:35.177+01:00 DEBUG 3124 --- [wallet] [http-nio-8081-exec-10] org.hibernate.orm.sql.ast.create         : Created new SQL alias : u1_0
2024-09-26T18:50:35.177+01:00 DEBUG 3124 --- [wallet] [http-nio-8081-exec-10] org.hibernate.orm.sql.ast.create         : Registration of TableGroup [StandardTableGroup(com.example.wallet.Entities.User(2))] with identifierForTableGroup [com.example.wallet.Entities.User] for NavigablePath [com.example.wallet.Entities.User] 
2024-09-26T18:50:35.177+01:00 DEBUG 3124 --- [wallet] [http-nio-8081-exec-10] o.h.q.sqm.sql.BaseSqmToSqlAstConverter   : Determining mapping-model type for SqmParameter : org.hibernate.query.sqm.tree.expression.SqmJpaCriteriaParameterWrapper@58de2b41
2024-09-26T18:50:35.185+01:00 DEBUG 3124 --- [wallet] [http-nio-8081-exec-10] o.h.q.sqm.sql.BaseSqmToSqlAstConverter   : Determining mapping-model type for SqmPath : SqmBasicValuedSimplePath(com.example.wallet.Entities.User(2).username) 
2024-09-26T18:50:35.185+01:00 DEBUG 3124 --- [wallet] [http-nio-8081-exec-10] org.hibernate.orm.results.graph.AST      : DomainResult Graph:
 \-EntityResultImpl [com.example.wallet.Entities.User(2)]
 |  +-BasicFetch [com.example.wallet.Entities.User(2).Password]
 |  \-BasicFetch [com.example.wallet.Entities.User(2).username]

2024-09-26T18:50:35.185+01:00 DEBUG 3124 --- [wallet] [http-nio-8081-exec-10] org.hibernate.orm.sql.ast.tree           : SQL AST Tree:
    SelectStatement {
      FromClause {
        StandardTableGroup (u1 : com.example.wallet.Entities.User(2)) {
          primaryTableReference : user as u1_0
        }
      }
    }

2024-09-26T18:50:35.185+01:00 DEBUG 3124 --- [wallet] [http-nio-8081-exec-10] org.hibernate.orm.sql.exec               : Skipping reading Query result cache data: cache-enabled = false, cache-mode = NORMAL
2024-09-26T18:50:35.185+01:00 DEBUG 3124 --- [wallet] [http-nio-8081-exec-10] org.hibernate.SQL                        : select u1_0.user_id,u1_0.password,u1_0.username from user u1_0 where u1_0.username=?
2024-09-26T18:50:35.185+01:00 DEBUG 3124 --- [wallet] [http-nio-8081-exec-10] org.hibernate.orm.results                : Initializer list:
	  com.example.wallet.Entities.User(2) -> EntityJoinedFetchInitializer(com.example.wallet.Entities.User(2))@1663022299 (SingleTableEntityPersister(com.example.wallet.Entities.User))

2024-09-26T18:50:35.198+01:00 DEBUG 3124 --- [wallet] [http-nio-8081-exec-10] o.s.w.s.v.ContentNegotiatingViewResolver : Selected 'text/html' given [text/html, application/xhtml+xml, image/avif, image/webp, image/apng, application/xml;q=0.9, */*;q=0.8, application/signed-exchange;v=b3;q=0.7]
2024-09-26T18:50:35.201+01:00 DEBUG 3124 --- [wallet] [http-nio-8081-exec-10] o.s.web.servlet.DispatcherServlet        : Completed 200 OK
2024-09-26T18:50:41.881+01:00 DEBUG 3124 --- [wallet] [http-nio-8081-exec-9] o.s.web.servlet.DispatcherServlet        : POST "/wallet/login", parameters={masked}
2024-09-26T18:50:41.881+01:00 DEBUG 3124 --- [wallet] [http-nio-8081-exec-9] s.w.s.m.m.a.RequestMappingHandlerMapping : Mapped to com.example.wallet.Controllers.UserController#login(UserDto, HttpSession, Model)
2024-09-26T18:50:41.881+01:00 DEBUG 3124 --- [wallet] [http-nio-8081-exec-9] org.hibernate.orm.sql.ast.create         : Created new SQL alias : u1_0
2024-09-26T18:50:41.881+01:00 DEBUG 3124 --- [wallet] [http-nio-8081-exec-9] org.hibernate.orm.sql.ast.create         : Registration of TableGroup [StandardTableGroup(com.example.wallet.Entities.User(2))] with identifierForTableGroup [com.example.wallet.Entities.User] for NavigablePath [com.example.wallet.Entities.User] 
2024-09-26T18:50:41.881+01:00 DEBUG 3124 --- [wallet] [http-nio-8081-exec-9] o.h.q.sqm.sql.BaseSqmToSqlAstConverter   : Determining mapping-model type for SqmParameter : org.hibernate.query.sqm.tree.expression.SqmJpaCriteriaParameterWrapper@3959bc69
2024-09-26T18:50:41.889+01:00 DEBUG 3124 --- [wallet] [http-nio-8081-exec-9] o.h.q.sqm.sql.BaseSqmToSqlAstConverter   : Determining mapping-model type for SqmPath : SqmBasicValuedSimplePath(com.example.wallet.Entities.User(2).username) 
2024-09-26T18:50:41.889+01:00 DEBUG 3124 --- [wallet] [http-nio-8081-exec-9] org.hibernate.orm.results.graph.AST      : DomainResult Graph:
 \-EntityResultImpl [com.example.wallet.Entities.User(2)]
 |  +-BasicFetch [com.example.wallet.Entities.User(2).Password]
 |  \-BasicFetch [com.example.wallet.Entities.User(2).username]

2024-09-26T18:50:41.889+01:00 DEBUG 3124 --- [wallet] [http-nio-8081-exec-9] org.hibernate.orm.sql.ast.tree           : SQL AST Tree:
    SelectStatement {
      FromClause {
        StandardTableGroup (u1 : com.example.wallet.Entities.User(2)) {
          primaryTableReference : user as u1_0
        }
      }
    }

2024-09-26T18:50:41.889+01:00 DEBUG 3124 --- [wallet] [http-nio-8081-exec-9] org.hibernate.orm.sql.exec               : Skipping reading Query result cache data: cache-enabled = false, cache-mode = NORMAL
2024-09-26T18:50:41.889+01:00 DEBUG 3124 --- [wallet] [http-nio-8081-exec-9] org.hibernate.SQL                        : select u1_0.user_id,u1_0.password,u1_0.username from user u1_0 where u1_0.username=?
2024-09-26T18:50:41.889+01:00 DEBUG 3124 --- [wallet] [http-nio-8081-exec-9] org.hibernate.orm.results                : Initializer list:
	  com.example.wallet.Entities.User(2) -> EntityJoinedFetchInitializer(com.example.wallet.Entities.User(2))@1170252241 (SingleTableEntityPersister(com.example.wallet.Entities.User))

2024-09-26T18:50:41.897+01:00 DEBUG 3124 --- [wallet] [http-nio-8081-exec-9] o.s.w.s.v.ContentNegotiatingViewResolver : Selected 'text/html' given [text/html, application/xhtml+xml, image/avif, image/webp, image/apng, application/xml;q=0.9, */*;q=0.8, application/signed-exchange;v=b3;q=0.7]
2024-09-26T18:50:41.905+01:00 DEBUG 3124 --- [wallet] [http-nio-8081-exec-9] o.s.web.servlet.DispatcherServlet        : Completed 200 OK
2024-09-26T18:50:45.553+01:00 DEBUG 3124 --- [wallet] [http-nio-8081-exec-1] o.s.web.servlet.DispatcherServlet        : GET "/wallet/register", parameters={}
2024-09-26T18:50:45.553+01:00 DEBUG 3124 --- [wallet] [http-nio-8081-exec-1] s.w.s.m.m.a.RequestMappingHandlerMapping : Mapped to com.example.wallet.Controllers.UserController#register(Model, UserDto)
2024-09-26T18:50:45.553+01:00 DEBUG 3124 --- [wallet] [http-nio-8081-exec-1] o.s.w.s.v.ContentNegotiatingViewResolver : Selected 'text/html' given [text/html, application/xhtml+xml, image/avif, image/webp, image/apng, application/xml;q=0.9, */*;q=0.8, application/signed-exchange;v=b3;q=0.7]
2024-09-26T18:50:45.561+01:00 DEBUG 3124 --- [wallet] [http-nio-8081-exec-1] o.s.web.servlet.DispatcherServlet        : Completed 200 OK
2024-09-26T18:50:47.276+01:00 DEBUG 3124 --- [wallet] [http-nio-8081-exec-2] o.s.web.servlet.DispatcherServlet        : GET "/wallet/login", parameters={}
2024-09-26T18:50:47.284+01:00 DEBUG 3124 --- [wallet] [http-nio-8081-exec-2] s.w.s.m.m.a.RequestMappingHandlerMapping : Mapped to com.example.wallet.Controllers.UserController#login(Model, UserDto)
2024-09-26T18:50:47.284+01:00 DEBUG 3124 --- [wallet] [http-nio-8081-exec-2] o.s.w.s.v.ContentNegotiatingViewResolver : Selected 'text/html' given [text/html, application/xhtml+xml, image/avif, image/webp, image/apng, application/xml;q=0.9, */*;q=0.8, application/signed-exchange;v=b3;q=0.7]
2024-09-26T18:50:47.292+01:00 DEBUG 3124 --- [wallet] [http-nio-8081-exec-2] o.s.web.servlet.DispatcherServlet        : Completed 200 OK
2024-09-26T18:50:49.484+01:00 DEBUG 3124 --- [wallet] [http-nio-8081-exec-4] o.s.web.servlet.DispatcherServlet        : GET "/wallet/register", parameters={}
2024-09-26T18:50:49.484+01:00 DEBUG 3124 --- [wallet] [http-nio-8081-exec-4] s.w.s.m.m.a.RequestMappingHandlerMapping : Mapped to com.example.wallet.Controllers.UserController#register(Model, UserDto)
2024-09-26T18:50:49.492+01:00 DEBUG 3124 --- [wallet] [http-nio-8081-exec-4] o.s.w.s.v.ContentNegotiatingViewResolver : Selected 'text/html' given [text/html, application/xhtml+xml, image/avif, image/webp, image/apng, application/xml;q=0.9, */*;q=0.8, application/signed-exchange;v=b3;q=0.7]
2024-09-26T18:50:49.500+01:00 DEBUG 3124 --- [wallet] [http-nio-8081-exec-4] o.s.web.servlet.DispatcherServlet        : Completed 200 OK
2024-09-26T18:50:51.517+01:00 DEBUG 3124 --- [wallet] [http-nio-8081-exec-5] o.s.web.servlet.DispatcherServlet        : GET "/wallet/login", parameters={}
2024-09-26T18:50:51.517+01:00 DEBUG 3124 --- [wallet] [http-nio-8081-exec-5] s.w.s.m.m.a.RequestMappingHandlerMapping : Mapped to com.example.wallet.Controllers.UserController#login(Model, UserDto)
2024-09-26T18:50:51.525+01:00 DEBUG 3124 --- [wallet] [http-nio-8081-exec-5] o.s.w.s.v.ContentNegotiatingViewResolver : Selected 'text/html' given [text/html, application/xhtml+xml, image/avif, image/webp, image/apng, application/xml;q=0.9, */*;q=0.8, application/signed-exchange;v=b3;q=0.7]
2024-09-26T18:50:51.525+01:00 DEBUG 3124 --- [wallet] [http-nio-8081-exec-5] o.s.web.servlet.DispatcherServlet        : Completed 200 OK
2024-09-26T19:38:26.970+01:00  WARN 3124 --- [wallet] [HikariPool-1 housekeeper] com.zaxxer.hikari.pool.HikariPool        : HikariPool-1 - Thread starvation or clock leap detected (housekeeper delta=12m19s818ms135탎).
2024-09-26T21:00:03.076+01:00  WARN 3124 --- [wallet] [HikariPool-1 housekeeper] com.zaxxer.hikari.pool.HikariPool        : HikariPool-1 - Thread starvation or clock leap detected (housekeeper delta=16m5s236ms968탎500ns).
2024-09-26T21:32:28.646+01:00  WARN 3124 --- [wallet] [HikariPool-1 housekeeper] com.zaxxer.hikari.pool.HikariPool        : HikariPool-1 - Thread starvation or clock leap detected (housekeeper delta=26m33s835ms897탎400ns).
2024-09-26T22:42:43.001+01:00  WARN 3124 --- [wallet] [HikariPool-1 housekeeper] com.zaxxer.hikari.pool.HikariPool        : HikariPool-1 - Thread starvation or clock leap detected (housekeeper delta=59m44s199ms83탎700ns).
