2026-06-08T16:38:42.824+01:00  INFO 25080 --- [wallet] [restartedMain] com.example.wallet.WalletApplication     : Starting WalletApplication using Java 17.0.8 with PID 25080 (D:\MyWallet - E-Wallet\wallet\target\classes started by User in D:\MyWallet - E-Wallet\wallet)
2026-06-08T16:38:42.839+01:00 DEBUG 25080 --- [wallet] [restartedMain] com.example.wallet.WalletApplication     : Running with Spring Boot v3.4.0-SNAPSHOT, Spring v6.2.0
2026-06-08T16:38:42.842+01:00  INFO 25080 --- [wallet] [restartedMain] com.example.wallet.WalletApplication     : No active profile set, falling back to 1 default profile: "default"
2026-06-08T16:38:43.008+01:00  INFO 25080 --- [wallet] [restartedMain] .e.DevToolsPropertyDefaultsPostProcessor : Devtools property defaults active! Set 'spring.devtools.add-properties' to 'false' to disable
2026-06-08T16:38:43.009+01:00  INFO 25080 --- [wallet] [restartedMain] .e.DevToolsPropertyDefaultsPostProcessor : For additional web related logging consider setting the 'logging.level.web' property to 'DEBUG'
2026-06-08T16:38:43.822+01:00  INFO 25080 --- [wallet] [restartedMain] .s.d.r.c.RepositoryConfigurationDelegate : Bootstrapping Spring Data JPA repositories in DEFAULT mode.
2026-06-08T16:38:43.918+01:00  INFO 25080 --- [wallet] [restartedMain] .s.d.r.c.RepositoryConfigurationDelegate : Finished Spring Data repository scanning in 79 ms. Found 2 JPA repository interfaces.
2026-06-08T16:38:45.202+01:00  INFO 25080 --- [wallet] [restartedMain] o.s.b.w.embedded.tomcat.TomcatWebServer  : Tomcat initialized with port 8081 (http)
2026-06-08T16:38:45.230+01:00  INFO 25080 --- [wallet] [restartedMain] o.apache.catalina.core.StandardService   : Starting service [Tomcat]
2026-06-08T16:38:45.231+01:00  INFO 25080 --- [wallet] [restartedMain] o.apache.catalina.core.StandardEngine    : Starting Servlet engine: [Apache Tomcat/10.1.33]
2026-06-08T16:38:45.304+01:00  INFO 25080 --- [wallet] [restartedMain] o.a.c.c.C.[Tomcat].[localhost].[/]       : Initializing Spring embedded WebApplicationContext
2026-06-08T16:38:45.305+01:00  INFO 25080 --- [wallet] [restartedMain] w.s.c.ServletWebServerApplicationContext : Root WebApplicationContext: initialization completed in 2294 ms
2026-06-08T16:38:45.469+01:00 DEBUG 25080 --- [wallet] [restartedMain] o.s.jdbc.datasource.DataSourceUtils      : Fetching JDBC Connection from DataSource
2026-06-08T16:38:45.470+01:00  INFO 25080 --- [wallet] [restartedMain] com.zaxxer.hikari.HikariDataSource       : HikariPool-1 - Starting...
2026-06-08T16:38:45.677+01:00  INFO 25080 --- [wallet] [restartedMain] com.zaxxer.hikari.pool.HikariPool        : HikariPool-1 - Added connection org.mariadb.jdbc.Connection@54a45039
2026-06-08T16:38:45.678+01:00  INFO 25080 --- [wallet] [restartedMain] com.zaxxer.hikari.HikariDataSource       : HikariPool-1 - Start completed.
2026-06-08T16:38:45.770+01:00 DEBUG 25080 --- [wallet] [restartedMain] o.hibernate.jpa.internal.util.LogHelper  : PersistenceUnitInfo [
	name: default
	persistence provider classname: null
	classloader: org.springframework.boot.devtools.restart.classloader.RestartClassLoader@58d44fa8
	excludeUnlistedClasses: true
	JTA datasource: null
	Non JTA datasource: HikariDataSource (HikariPool-1)
	Transaction type: RESOURCE_LOCAL
	PU root URL: file:/D:/MyWallet%20-%20E-Wallet/wallet/target/classes/
	Shared Cache Mode: UNSPECIFIED
	Validation Mode: AUTO
	Jar files URLs []
	Managed classes names [
		com.example.wallet.Entities.Operation
		com.example.wallet.Entities.User]
	Mapping files names []
	Properties []
2026-06-08T16:38:45.798+01:00 DEBUG 25080 --- [wallet] [restartedMain] o.h.i.internal.IntegratorServiceImpl     : Adding Integrator [org.hibernate.boot.beanvalidation.BeanValidationIntegrator].
2026-06-08T16:38:45.802+01:00 DEBUG 25080 --- [wallet] [restartedMain] o.h.i.internal.IntegratorServiceImpl     : Adding Integrator [org.hibernate.cache.internal.CollectionCacheInvalidator].
2026-06-08T16:38:45.912+01:00  INFO 25080 --- [wallet] [restartedMain] org.hibernate.Version                    : HHH000412: Hibernate ORM core version 6.6.2.Final
2026-06-08T16:38:45.914+01:00 DEBUG 25080 --- [wallet] [restartedMain] org.hibernate.cfg.Environment            : HHH000206: 'hibernate.properties' not found
2026-06-08T16:38:45.955+01:00 DEBUG 25080 --- [wallet] [restartedMain] org.hibernate.orm.idgen.factory          : Registering IdentifierGenerator strategy [uuid2] -> [org.hibernate.id.UUIDGenerator]
2026-06-08T16:38:45.955+01:00 DEBUG 25080 --- [wallet] [restartedMain] org.hibernate.orm.idgen.factory          : Registering IdentifierGenerator strategy [guid] -> [org.hibernate.id.GUIDGenerator]
2026-06-08T16:38:45.955+01:00 DEBUG 25080 --- [wallet] [restartedMain] org.hibernate.orm.idgen.factory          : Registering IdentifierGenerator strategy [uuid] -> [org.hibernate.id.UUIDHexGenerator]
2026-06-08T16:38:45.955+01:00 DEBUG 25080 --- [wallet] [restartedMain] org.hibernate.orm.idgen.factory          : Registering IdentifierGenerator strategy [uuid.hex] -> [org.hibernate.id.UUIDHexGenerator]
2026-06-08T16:38:45.955+01:00 DEBUG 25080 --- [wallet] [restartedMain] org.hibernate.orm.idgen.factory          : Registering IdentifierGenerator strategy [assigned] -> [org.hibernate.id.Assigned]
2026-06-08T16:38:45.966+01:00 DEBUG 25080 --- [wallet] [restartedMain] org.hibernate.orm.idgen.factory          : Registering IdentifierGenerator strategy [identity] -> [org.hibernate.id.IdentityGenerator]
2026-06-08T16:38:45.967+01:00 DEBUG 25080 --- [wallet] [restartedMain] org.hibernate.orm.idgen.factory          : Registering IdentifierGenerator strategy [select] -> [org.hibernate.id.SelectGenerator]
2026-06-08T16:38:45.970+01:00 DEBUG 25080 --- [wallet] [restartedMain] org.hibernate.orm.idgen.factory          : Registering IdentifierGenerator strategy [sequence] -> [org.hibernate.id.enhanced.SequenceStyleGenerator]
2026-06-08T16:38:45.972+01:00 DEBUG 25080 --- [wallet] [restartedMain] org.hibernate.orm.idgen.factory          : Registering IdentifierGenerator strategy [increment] -> [org.hibernate.id.IncrementGenerator]
2026-06-08T16:38:45.973+01:00 DEBUG 25080 --- [wallet] [restartedMain] org.hibernate.orm.idgen.factory          : Registering IdentifierGenerator strategy [foreign] -> [org.hibernate.id.ForeignGenerator]
2026-06-08T16:38:45.974+01:00 DEBUG 25080 --- [wallet] [restartedMain] org.hibernate.orm.idgen.factory          : Registering IdentifierGenerator strategy [enhanced-sequence] -> [org.hibernate.id.enhanced.SequenceStyleGenerator]
2026-06-08T16:38:45.976+01:00 DEBUG 25080 --- [wallet] [restartedMain] org.hibernate.orm.idgen.factory          : Registering IdentifierGenerator strategy [enhanced-table] -> [org.hibernate.id.enhanced.TableGenerator]
2026-06-08T16:38:45.993+01:00 DEBUG 25080 --- [wallet] [restartedMain] o.h.c.internal.RegionFactoryInitiator    : Cannot default RegionFactory based on registered strategies as `[]` RegionFactory strategies were registered
2026-06-08T16:38:45.995+01:00  INFO 25080 --- [wallet] [restartedMain] o.h.c.internal.RegionFactoryInitiator    : HHH000026: Second-level cache disabled
2026-06-08T16:38:46.156+01:00 DEBUG 25080 --- [wallet] [restartedMain] org.hibernate.type.BasicTypeRegistry     : Adding type registration boolean -> org.hibernate.type.BasicTypeReference@30d1a905
2026-06-08T16:38:46.157+01:00 DEBUG 25080 --- [wallet] [restartedMain] org.hibernate.type.BasicTypeRegistry     : Adding type registration boolean -> org.hibernate.type.BasicTypeReference@30d1a905
2026-06-08T16:38:46.157+01:00 DEBUG 25080 --- [wallet] [restartedMain] org.hibernate.type.BasicTypeRegistry     : Adding type registration java.lang.Boolean -> org.hibernate.type.BasicTypeReference@30d1a905
2026-06-08T16:38:46.158+01:00 DEBUG 25080 --- [wallet] [restartedMain] org.hibernate.type.BasicTypeRegistry     : Adding type registration numeric_boolean -> org.hibernate.type.BasicTypeReference@42ce9bf6
2026-06-08T16:38:46.158+01:00 DEBUG 25080 --- [wallet] [restartedMain] org.hibernate.type.BasicTypeRegistry     : Adding type registration org.hibernate.type.NumericBooleanConverter -> org.hibernate.type.BasicTypeReference@42ce9bf6
2026-06-08T16:38:46.158+01:00 DEBUG 25080 --- [wallet] [restartedMain] org.hibernate.type.BasicTypeRegistry     : Adding type registration true_false -> org.hibernate.type.BasicTypeReference@2bb878fd
2026-06-08T16:38:46.158+01:00 DEBUG 25080 --- [wallet] [restartedMain] org.hibernate.type.BasicTypeRegistry     : Adding type registration org.hibernate.type.TrueFalseConverter -> org.hibernate.type.BasicTypeReference@2bb878fd
2026-06-08T16:38:46.159+01:00 DEBUG 25080 --- [wallet] [restartedMain] org.hibernate.type.BasicTypeRegistry     : Adding type registration yes_no -> org.hibernate.type.BasicTypeReference@5f3fbf27
2026-06-08T16:38:46.159+01:00 DEBUG 25080 --- [wallet] [restartedMain] org.hibernate.type.BasicTypeRegistry     : Adding type registration org.hibernate.type.YesNoConverter -> org.hibernate.type.BasicTypeReference@5f3fbf27
2026-06-08T16:38:46.159+01:00 DEBUG 25080 --- [wallet] [restartedMain] org.hibernate.type.BasicTypeRegistry     : Adding type registration byte -> org.hibernate.type.BasicTypeReference@629bac44
2026-06-08T16:38:46.160+01:00 DEBUG 25080 --- [wallet] [restartedMain] org.hibernate.type.BasicTypeRegistry     : Adding type registration byte -> org.hibernate.type.BasicTypeReference@629bac44
2026-06-08T16:38:46.160+01:00 DEBUG 25080 --- [wallet] [restartedMain] org.hibernate.type.BasicTypeRegistry     : Adding type registration java.lang.Byte -> org.hibernate.type.BasicTypeReference@629bac44
2026-06-08T16:38:46.160+01:00 DEBUG 25080 --- [wallet] [restartedMain] org.hibernate.type.BasicTypeRegistry     : Adding type registration binary -> org.hibernate.type.BasicTypeReference@543c9aca
2026-06-08T16:38:46.160+01:00 DEBUG 25080 --- [wallet] [restartedMain] org.hibernate.type.BasicTypeRegistry     : Adding type registration byte[] -> org.hibernate.type.BasicTypeReference@543c9aca
2026-06-08T16:38:46.160+01:00 DEBUG 25080 --- [wallet] [restartedMain] org.hibernate.type.BasicTypeRegistry     : Adding type registration [B -> org.hibernate.type.BasicTypeReference@543c9aca
2026-06-08T16:38:46.161+01:00 DEBUG 25080 --- [wallet] [restartedMain] org.hibernate.type.BasicTypeRegistry     : Adding type registration binary_wrapper -> org.hibernate.type.BasicTypeReference@3cab6f20
2026-06-08T16:38:46.161+01:00 DEBUG 25080 --- [wallet] [restartedMain] org.hibernate.type.BasicTypeRegistry     : Adding type registration wrapper-binary -> org.hibernate.type.BasicTypeReference@3cab6f20
2026-06-08T16:38:46.161+01:00 DEBUG 25080 --- [wallet] [restartedMain] org.hibernate.type.BasicTypeRegistry     : Adding type registration image -> org.hibernate.type.BasicTypeReference@1ecf2915
2026-06-08T16:38:46.161+01:00 DEBUG 25080 --- [wallet] [restartedMain] org.hibernate.type.BasicTypeRegistry     : Adding type registration blob -> org.hibernate.type.BasicTypeReference@21894f04
2026-06-08T16:38:46.161+01:00 DEBUG 25080 --- [wallet] [restartedMain] org.hibernate.type.BasicTypeRegistry     : Adding type registration java.sql.Blob -> org.hibernate.type.BasicTypeReference@21894f04
2026-06-08T16:38:46.162+01:00 DEBUG 25080 --- [wallet] [restartedMain] org.hibernate.type.BasicTypeRegistry     : Adding type registration materialized_blob -> org.hibernate.type.BasicTypeReference@11536b35
2026-06-08T16:38:46.162+01:00 DEBUG 25080 --- [wallet] [restartedMain] org.hibernate.type.BasicTypeRegistry     : Adding type registration materialized_blob_wrapper -> org.hibernate.type.BasicTypeReference@76e6d450
2026-06-08T16:38:46.162+01:00 DEBUG 25080 --- [wallet] [restartedMain] org.hibernate.type.BasicTypeRegistry     : Adding type registration short -> org.hibernate.type.BasicTypeReference@1186dc18
2026-06-08T16:38:46.163+01:00 DEBUG 25080 --- [wallet] [restartedMain] org.hibernate.type.BasicTypeRegistry     : Adding type registration short -> org.hibernate.type.BasicTypeReference@1186dc18
2026-06-08T16:38:46.163+01:00 DEBUG 25080 --- [wallet] [restartedMain] org.hibernate.type.BasicTypeRegistry     : Adding type registration java.lang.Short -> org.hibernate.type.BasicTypeReference@1186dc18
2026-06-08T16:38:46.167+01:00 DEBUG 25080 --- [wallet] [restartedMain] org.hibernate.type.BasicTypeRegistry     : Adding type registration integer -> org.hibernate.type.BasicTypeReference@7a1c5043
2026-06-08T16:38:46.167+01:00 DEBUG 25080 --- [wallet] [restartedMain] org.hibernate.type.BasicTypeRegistry     : Adding type registration int -> org.hibernate.type.BasicTypeReference@7a1c5043
2026-06-08T16:38:46.169+01:00 DEBUG 25080 --- [wallet] [restartedMain] org.hibernate.type.BasicTypeRegistry     : Adding type registration java.lang.Integer -> org.hibernate.type.BasicTypeReference@7a1c5043
2026-06-08T16:38:46.169+01:00 DEBUG 25080 --- [wallet] [restartedMain] org.hibernate.type.BasicTypeRegistry     : Adding type registration long -> org.hibernate.type.BasicTypeReference@709c86f6
2026-06-08T16:38:46.169+01:00 DEBUG 25080 --- [wallet] [restartedMain] org.hibernate.type.BasicTypeRegistry     : Adding type registration long -> org.hibernate.type.BasicTypeReference@709c86f6
2026-06-08T16:38:46.170+01:00 DEBUG 25080 --- [wallet] [restartedMain] org.hibernate.type.BasicTypeRegistry     : Adding type registration java.lang.Long -> org.hibernate.type.BasicTypeReference@709c86f6
2026-06-08T16:38:46.170+01:00 DEBUG 25080 --- [wallet] [restartedMain] org.hibernate.type.BasicTypeRegistry     : Adding type registration float -> org.hibernate.type.BasicTypeReference@309898e1
2026-06-08T16:38:46.171+01:00 DEBUG 25080 --- [wallet] [restartedMain] org.hibernate.type.BasicTypeRegistry     : Adding type registration float -> org.hibernate.type.BasicTypeReference@309898e1
2026-06-08T16:38:46.171+01:00 DEBUG 25080 --- [wallet] [restartedMain] org.hibernate.type.BasicTypeRegistry     : Adding type registration java.lang.Float -> org.hibernate.type.BasicTypeReference@309898e1
2026-06-08T16:38:46.171+01:00 DEBUG 25080 --- [wallet] [restartedMain] org.hibernate.type.BasicTypeRegistry     : Adding type registration double -> org.hibernate.type.BasicTypeReference@1759e4f6
2026-06-08T16:38:46.171+01:00 DEBUG 25080 --- [wallet] [restartedMain] org.hibernate.type.BasicTypeRegistry     : Adding type registration double -> org.hibernate.type.BasicTypeReference@1759e4f6
2026-06-08T16:38:46.172+01:00 DEBUG 25080 --- [wallet] [restartedMain] org.hibernate.type.BasicTypeRegistry     : Adding type registration java.lang.Double -> org.hibernate.type.BasicTypeReference@1759e4f6
2026-06-08T16:38:46.172+01:00 DEBUG 25080 --- [wallet] [restartedMain] org.hibernate.type.BasicTypeRegistry     : Adding type registration big_integer -> org.hibernate.type.BasicTypeReference@fdf2016
2026-06-08T16:38:46.172+01:00 DEBUG 25080 --- [wallet] [restartedMain] org.hibernate.type.BasicTypeRegistry     : Adding type registration java.math.BigInteger -> org.hibernate.type.BasicTypeReference@fdf2016
2026-06-08T16:38:46.172+01:00 DEBUG 25080 --- [wallet] [restartedMain] org.hibernate.type.BasicTypeRegistry     : Adding type registration big_decimal -> org.hibernate.type.BasicTypeReference@1be0ac2d
2026-06-08T16:38:46.173+01:00 DEBUG 25080 --- [wallet] [restartedMain] org.hibernate.type.BasicTypeRegistry     : Adding type registration java.math.BigDecimal -> org.hibernate.type.BasicTypeReference@1be0ac2d
2026-06-08T16:38:46.173+01:00 DEBUG 25080 --- [wallet] [restartedMain] org.hibernate.type.BasicTypeRegistry     : Adding type registration character -> org.hibernate.type.BasicTypeReference@6f4b6020
2026-06-08T16:38:46.174+01:00 DEBUG 25080 --- [wallet] [restartedMain] org.hibernate.type.BasicTypeRegistry     : Adding type registration char -> org.hibernate.type.BasicTypeReference@6f4b6020
2026-06-08T16:38:46.174+01:00 DEBUG 25080 --- [wallet] [restartedMain] org.hibernate.type.BasicTypeRegistry     : Adding type registration java.lang.Character -> org.hibernate.type.BasicTypeReference@6f4b6020
2026-06-08T16:38:46.174+01:00 DEBUG 25080 --- [wallet] [restartedMain] org.hibernate.type.BasicTypeRegistry     : Adding type registration character_nchar -> org.hibernate.type.BasicTypeReference@376d576b
2026-06-08T16:38:46.174+01:00 DEBUG 25080 --- [wallet] [restartedMain] org.hibernate.type.BasicTypeRegistry     : Adding type registration string -> org.hibernate.type.BasicTypeReference@41c40e00
2026-06-08T16:38:46.175+01:00 DEBUG 25080 --- [wallet] [restartedMain] org.hibernate.type.BasicTypeRegistry     : Adding type registration java.lang.String -> org.hibernate.type.BasicTypeReference@41c40e00
2026-06-08T16:38:46.175+01:00 DEBUG 25080 --- [wallet] [restartedMain] org.hibernate.type.BasicTypeRegistry     : Adding type registration nstring -> org.hibernate.type.BasicTypeReference@5f5b53d1
2026-06-08T16:38:46.175+01:00 DEBUG 25080 --- [wallet] [restartedMain] org.hibernate.type.BasicTypeRegistry     : Adding type registration characters -> org.hibernate.type.BasicTypeReference@6ba5627a
2026-06-08T16:38:46.175+01:00 DEBUG 25080 --- [wallet] [restartedMain] org.hibernate.type.BasicTypeRegistry     : Adding type registration char[] -> org.hibernate.type.BasicTypeReference@6ba5627a
2026-06-08T16:38:46.175+01:00 DEBUG 25080 --- [wallet] [restartedMain] org.hibernate.type.BasicTypeRegistry     : Adding type registration [C -> org.hibernate.type.BasicTypeReference@6ba5627a
2026-06-08T16:38:46.176+01:00 DEBUG 25080 --- [wallet] [restartedMain] org.hibernate.type.BasicTypeRegistry     : Adding type registration wrapper-characters -> org.hibernate.type.BasicTypeReference@36aeb66a
2026-06-08T16:38:46.176+01:00 DEBUG 25080 --- [wallet] [restartedMain] org.hibernate.type.BasicTypeRegistry     : Adding type registration text -> org.hibernate.type.BasicTypeReference@57fb1ab1
2026-06-08T16:38:46.176+01:00 DEBUG 25080 --- [wallet] [restartedMain] org.hibernate.type.BasicTypeRegistry     : Adding type registration ntext -> org.hibernate.type.BasicTypeReference@523b0e44
2026-06-08T16:38:46.177+01:00 DEBUG 25080 --- [wallet] [restartedMain] org.hibernate.type.BasicTypeRegistry     : Adding type registration clob -> org.hibernate.type.BasicTypeReference@12cd00cb
2026-06-08T16:38:46.177+01:00 DEBUG 25080 --- [wallet] [restartedMain] org.hibernate.type.BasicTypeRegistry     : Adding type registration java.sql.Clob -> org.hibernate.type.BasicTypeReference@12cd00cb
2026-06-08T16:38:46.177+01:00 DEBUG 25080 --- [wallet] [restartedMain] org.hibernate.type.BasicTypeRegistry     : Adding type registration nclob -> org.hibernate.type.BasicTypeReference@5113f91e
2026-06-08T16:38:46.177+01:00 DEBUG 25080 --- [wallet] [restartedMain] org.hibernate.type.BasicTypeRegistry     : Adding type registration java.sql.NClob -> org.hibernate.type.BasicTypeReference@5113f91e
2026-06-08T16:38:46.177+01:00 DEBUG 25080 --- [wallet] [restartedMain] org.hibernate.type.BasicTypeRegistry     : Adding type registration materialized_clob -> org.hibernate.type.BasicTypeReference@5eb25f1f
2026-06-08T16:38:46.177+01:00 DEBUG 25080 --- [wallet] [restartedMain] org.hibernate.type.BasicTypeRegistry     : Adding type registration materialized_clob_char_array -> org.hibernate.type.BasicTypeReference@547133a3
2026-06-08T16:38:46.180+01:00 DEBUG 25080 --- [wallet] [restartedMain] org.hibernate.type.BasicTypeRegistry     : Adding type registration materialized_clob_character_array -> org.hibernate.type.BasicTypeReference@2ec0babe
2026-06-08T16:38:46.180+01:00 DEBUG 25080 --- [wallet] [restartedMain] org.hibernate.type.BasicTypeRegistry     : Adding type registration materialized_nclob -> org.hibernate.type.BasicTypeReference@60557d71
2026-06-08T16:38:46.180+01:00 DEBUG 25080 --- [wallet] [restartedMain] org.hibernate.type.BasicTypeRegistry     : Adding type registration materialized_nclob_character_array -> org.hibernate.type.BasicTypeReference@2cd38cc3
2026-06-08T16:38:46.180+01:00 DEBUG 25080 --- [wallet] [restartedMain] org.hibernate.type.BasicTypeRegistry     : Adding type registration materialized_nclob_char_array -> org.hibernate.type.BasicTypeReference@71624ed1
2026-06-08T16:38:46.180+01:00 DEBUG 25080 --- [wallet] [restartedMain] org.hibernate.type.BasicTypeRegistry     : Adding type registration Duration -> org.hibernate.type.BasicTypeReference@5adc1f09
2026-06-08T16:38:46.180+01:00 DEBUG 25080 --- [wallet] [restartedMain] org.hibernate.type.BasicTypeRegistry     : Adding type registration java.time.Duration -> org.hibernate.type.BasicTypeReference@5adc1f09
2026-06-08T16:38:46.180+01:00 DEBUG 25080 --- [wallet] [restartedMain] org.hibernate.type.BasicTypeRegistry     : Adding type registration LocalDateTime -> org.hibernate.type.BasicTypeReference@11294fd6
2026-06-08T16:38:46.180+01:00 DEBUG 25080 --- [wallet] [restartedMain] org.hibernate.type.BasicTypeRegistry     : Adding type registration java.time.LocalDateTime -> org.hibernate.type.BasicTypeReference@11294fd6
2026-06-08T16:38:46.180+01:00 DEBUG 25080 --- [wallet] [restartedMain] org.hibernate.type.BasicTypeRegistry     : Adding type registration LocalDate -> org.hibernate.type.BasicTypeReference@212c7ca4
2026-06-08T16:38:46.180+01:00 DEBUG 25080 --- [wallet] [restartedMain] org.hibernate.type.BasicTypeRegistry     : Adding type registration java.time.LocalDate -> org.hibernate.type.BasicTypeReference@212c7ca4
2026-06-08T16:38:46.180+01:00 DEBUG 25080 --- [wallet] [restartedMain] org.hibernate.type.BasicTypeRegistry     : Adding type registration LocalTime -> org.hibernate.type.BasicTypeReference@425baa96
2026-06-08T16:38:46.180+01:00 DEBUG 25080 --- [wallet] [restartedMain] org.hibernate.type.BasicTypeRegistry     : Adding type registration java.time.LocalTime -> org.hibernate.type.BasicTypeReference@425baa96
2026-06-08T16:38:46.180+01:00 DEBUG 25080 --- [wallet] [restartedMain] org.hibernate.type.BasicTypeRegistry     : Adding type registration OffsetDateTime -> org.hibernate.type.BasicTypeReference@7845d183
2026-06-08T16:38:46.180+01:00 DEBUG 25080 --- [wallet] [restartedMain] org.hibernate.type.BasicTypeRegistry     : Adding type registration java.time.OffsetDateTime -> org.hibernate.type.BasicTypeReference@7845d183
2026-06-08T16:38:46.180+01:00 DEBUG 25080 --- [wallet] [restartedMain] org.hibernate.type.BasicTypeRegistry     : Adding type registration OffsetDateTimeWithTimezone -> org.hibernate.type.BasicTypeReference@23c976a2
2026-06-08T16:38:46.180+01:00 DEBUG 25080 --- [wallet] [restartedMain] org.hibernate.type.BasicTypeRegistry     : Adding type registration OffsetDateTimeWithoutTimezone -> org.hibernate.type.BasicTypeReference@6142f723
2026-06-08T16:38:46.180+01:00 DEBUG 25080 --- [wallet] [restartedMain] org.hibernate.type.BasicTypeRegistry     : Adding type registration OffsetTime -> org.hibernate.type.BasicTypeReference@7ed2fe87
2026-06-08T16:38:46.180+01:00 DEBUG 25080 --- [wallet] [restartedMain] org.hibernate.type.BasicTypeRegistry     : Adding type registration java.time.OffsetTime -> org.hibernate.type.BasicTypeReference@7ed2fe87
2026-06-08T16:38:46.183+01:00 DEBUG 25080 --- [wallet] [restartedMain] org.hibernate.type.BasicTypeRegistry     : Adding type registration OffsetTimeUtc -> org.hibernate.type.BasicTypeReference@284df117
2026-06-08T16:38:46.183+01:00 DEBUG 25080 --- [wallet] [restartedMain] org.hibernate.type.BasicTypeRegistry     : Adding type registration OffsetTimeWithTimezone -> org.hibernate.type.BasicTypeReference@40d9eeda
2026-06-08T16:38:46.183+01:00 DEBUG 25080 --- [wallet] [restartedMain] org.hibernate.type.BasicTypeRegistry     : Adding type registration OffsetTimeWithoutTimezone -> org.hibernate.type.BasicTypeReference@36d4e20d
2026-06-08T16:38:46.184+01:00 DEBUG 25080 --- [wallet] [restartedMain] org.hibernate.type.BasicTypeRegistry     : Adding type registration ZonedDateTime -> org.hibernate.type.BasicTypeReference@5f1b0496
2026-06-08T16:38:46.184+01:00 DEBUG 25080 --- [wallet] [restartedMain] org.hibernate.type.BasicTypeRegistry     : Adding type registration java.time.ZonedDateTime -> org.hibernate.type.BasicTypeReference@5f1b0496
2026-06-08T16:38:46.184+01:00 DEBUG 25080 --- [wallet] [restartedMain] org.hibernate.type.BasicTypeRegistry     : Adding type registration ZonedDateTimeWithTimezone -> org.hibernate.type.BasicTypeReference@1899932b
2026-06-08T16:38:46.185+01:00 DEBUG 25080 --- [wallet] [restartedMain] org.hibernate.type.BasicTypeRegistry     : Adding type registration ZonedDateTimeWithoutTimezone -> org.hibernate.type.BasicTypeReference@173911dc
2026-06-08T16:38:46.185+01:00 DEBUG 25080 --- [wallet] [restartedMain] org.hibernate.type.BasicTypeRegistry     : Adding type registration date -> org.hibernate.type.BasicTypeReference@66c4dbc
2026-06-08T16:38:46.186+01:00 DEBUG 25080 --- [wallet] [restartedMain] org.hibernate.type.BasicTypeRegistry     : Adding type registration java.sql.Date -> org.hibernate.type.BasicTypeReference@66c4dbc
2026-06-08T16:38:46.186+01:00 DEBUG 25080 --- [wallet] [restartedMain] org.hibernate.type.BasicTypeRegistry     : Adding type registration time -> org.hibernate.type.BasicTypeReference@154c653
2026-06-08T16:38:46.186+01:00 DEBUG 25080 --- [wallet] [restartedMain] org.hibernate.type.BasicTypeRegistry     : Adding type registration java.sql.Time -> org.hibernate.type.BasicTypeReference@154c653
2026-06-08T16:38:46.187+01:00 DEBUG 25080 --- [wallet] [restartedMain] org.hibernate.type.BasicTypeRegistry     : Adding type registration timestamp -> org.hibernate.type.BasicTypeReference@55000d99
2026-06-08T16:38:46.187+01:00 DEBUG 25080 --- [wallet] [restartedMain] org.hibernate.type.BasicTypeRegistry     : Adding type registration java.sql.Timestamp -> org.hibernate.type.BasicTypeReference@55000d99
2026-06-08T16:38:46.188+01:00 DEBUG 25080 --- [wallet] [restartedMain] org.hibernate.type.BasicTypeRegistry     : Adding type registration java.util.Date -> org.hibernate.type.BasicTypeReference@55000d99
2026-06-08T16:38:46.189+01:00 DEBUG 25080 --- [wallet] [restartedMain] org.hibernate.type.BasicTypeRegistry     : Adding type registration calendar -> org.hibernate.type.BasicTypeReference@ae84114
2026-06-08T16:38:46.189+01:00 DEBUG 25080 --- [wallet] [restartedMain] org.hibernate.type.BasicTypeRegistry     : Adding type registration java.util.Calendar -> org.hibernate.type.BasicTypeReference@ae84114
2026-06-08T16:38:46.189+01:00 DEBUG 25080 --- [wallet] [restartedMain] org.hibernate.type.BasicTypeRegistry     : Adding type registration java.util.GregorianCalendar -> org.hibernate.type.BasicTypeReference@ae84114
2026-06-08T16:38:46.189+01:00 DEBUG 25080 --- [wallet] [restartedMain] org.hibernate.type.BasicTypeRegistry     : Adding type registration calendar_date -> org.hibernate.type.BasicTypeReference@6e8dec58
2026-06-08T16:38:46.190+01:00 DEBUG 25080 --- [wallet] [restartedMain] org.hibernate.type.BasicTypeRegistry     : Adding type registration calendar_time -> org.hibernate.type.BasicTypeReference@494cd984
2026-06-08T16:38:46.190+01:00 DEBUG 25080 --- [wallet] [restartedMain] org.hibernate.type.BasicTypeRegistry     : Adding type registration instant -> org.hibernate.type.BasicTypeReference@1c7569f1
2026-06-08T16:38:46.191+01:00 DEBUG 25080 --- [wallet] [restartedMain] org.hibernate.type.BasicTypeRegistry     : Adding type registration java.time.Instant -> org.hibernate.type.BasicTypeReference@1c7569f1
2026-06-08T16:38:46.191+01:00 DEBUG 25080 --- [wallet] [restartedMain] org.hibernate.type.BasicTypeRegistry     : Adding type registration uuid -> org.hibernate.type.BasicTypeReference@54dd7b8a
2026-06-08T16:38:46.191+01:00 DEBUG 25080 --- [wallet] [restartedMain] org.hibernate.type.BasicTypeRegistry     : Adding type registration java.util.UUID -> org.hibernate.type.BasicTypeReference@54dd7b8a
2026-06-08T16:38:46.192+01:00 DEBUG 25080 --- [wallet] [restartedMain] org.hibernate.type.BasicTypeRegistry     : Adding type registration pg-uuid -> org.hibernate.type.BasicTypeReference@54dd7b8a
2026-06-08T16:38:46.192+01:00 DEBUG 25080 --- [wallet] [restartedMain] org.hibernate.type.BasicTypeRegistry     : Adding type registration uuid-binary -> org.hibernate.type.BasicTypeReference@5533a265
2026-06-08T16:38:46.193+01:00 DEBUG 25080 --- [wallet] [restartedMain] org.hibernate.type.BasicTypeRegistry     : Adding type registration uuid-char -> org.hibernate.type.BasicTypeReference@7a1cc1be
2026-06-08T16:38:46.193+01:00 DEBUG 25080 --- [wallet] [restartedMain] org.hibernate.type.BasicTypeRegistry     : Adding type registration class -> org.hibernate.type.BasicTypeReference@4d1115ed
2026-06-08T16:38:46.193+01:00 DEBUG 25080 --- [wallet] [restartedMain] org.hibernate.type.BasicTypeRegistry     : Adding type registration java.lang.Class -> org.hibernate.type.BasicTypeReference@4d1115ed
2026-06-08T16:38:46.194+01:00 DEBUG 25080 --- [wallet] [restartedMain] org.hibernate.type.BasicTypeRegistry     : Adding type registration currency -> org.hibernate.type.BasicTypeReference@722f36ee
2026-06-08T16:38:46.194+01:00 DEBUG 25080 --- [wallet] [restartedMain] org.hibernate.type.BasicTypeRegistry     : Adding type registration Currency -> org.hibernate.type.BasicTypeReference@722f36ee
2026-06-08T16:38:46.194+01:00 DEBUG 25080 --- [wallet] [restartedMain] org.hibernate.type.BasicTypeRegistry     : Adding type registration java.util.Currency -> org.hibernate.type.BasicTypeReference@722f36ee
2026-06-08T16:38:46.195+01:00 DEBUG 25080 --- [wallet] [restartedMain] org.hibernate.type.BasicTypeRegistry     : Adding type registration locale -> org.hibernate.type.BasicTypeReference@3a479244
2026-06-08T16:38:46.195+01:00 DEBUG 25080 --- [wallet] [restartedMain] org.hibernate.type.BasicTypeRegistry     : Adding type registration java.util.Locale -> org.hibernate.type.BasicTypeReference@3a479244
2026-06-08T16:38:46.195+01:00 DEBUG 25080 --- [wallet] [restartedMain] org.hibernate.type.BasicTypeRegistry     : Adding type registration serializable -> org.hibernate.type.BasicTypeReference@26cab583
2026-06-08T16:38:46.196+01:00 DEBUG 25080 --- [wallet] [restartedMain] org.hibernate.type.BasicTypeRegistry     : Adding type registration java.io.Serializable -> org.hibernate.type.BasicTypeReference@26cab583
2026-06-08T16:38:46.196+01:00 DEBUG 25080 --- [wallet] [restartedMain] org.hibernate.type.BasicTypeRegistry     : Adding type registration timezone -> org.hibernate.type.BasicTypeReference@63b162ca
2026-06-08T16:38:46.197+01:00 DEBUG 25080 --- [wallet] [restartedMain] org.hibernate.type.BasicTypeRegistry     : Adding type registration java.util.TimeZone -> org.hibernate.type.BasicTypeReference@63b162ca
2026-06-08T16:38:46.197+01:00 DEBUG 25080 --- [wallet] [restartedMain] org.hibernate.type.BasicTypeRegistry     : Adding type registration ZoneOffset -> org.hibernate.type.BasicTypeReference@6822b014
2026-06-08T16:38:46.197+01:00 DEBUG 25080 --- [wallet] [restartedMain] org.hibernate.type.BasicTypeRegistry     : Adding type registration java.time.ZoneOffset -> org.hibernate.type.BasicTypeReference@6822b014
2026-06-08T16:38:46.197+01:00 DEBUG 25080 --- [wallet] [restartedMain] org.hibernate.type.BasicTypeRegistry     : Adding type registration url -> org.hibernate.type.BasicTypeReference@6ef1dae6
2026-06-08T16:38:46.198+01:00 DEBUG 25080 --- [wallet] [restartedMain] org.hibernate.type.BasicTypeRegistry     : Adding type registration java.net.URL -> org.hibernate.type.BasicTypeReference@6ef1dae6
2026-06-08T16:38:46.198+01:00 DEBUG 25080 --- [wallet] [restartedMain] org.hibernate.type.BasicTypeRegistry     : Adding type registration vector -> org.hibernate.type.BasicTypeReference@1d641c16
2026-06-08T16:38:46.198+01:00 DEBUG 25080 --- [wallet] [restartedMain] org.hibernate.type.BasicTypeRegistry     : Adding type registration float_vector -> org.hibernate.type.BasicTypeReference@752b9a42
2026-06-08T16:38:46.198+01:00 DEBUG 25080 --- [wallet] [restartedMain] org.hibernate.type.BasicTypeRegistry     : Adding type registration double_vector -> org.hibernate.type.BasicTypeReference@8f426e3
2026-06-08T16:38:46.198+01:00 DEBUG 25080 --- [wallet] [restartedMain] org.hibernate.type.BasicTypeRegistry     : Adding type registration byte_vector -> org.hibernate.type.BasicTypeReference@6832ebf1
2026-06-08T16:38:46.198+01:00 DEBUG 25080 --- [wallet] [restartedMain] org.hibernate.type.BasicTypeRegistry     : Adding type registration row_version -> org.hibernate.type.BasicTypeReference@550bde4d
2026-06-08T16:38:46.211+01:00 DEBUG 25080 --- [wallet] [restartedMain] org.hibernate.type.BasicTypeRegistry     : Adding type registration object -> org.hibernate.type.JavaObjectType@7ffdc35d
2026-06-08T16:38:46.211+01:00 DEBUG 25080 --- [wallet] [restartedMain] org.hibernate.type.BasicTypeRegistry     : Adding type registration java.lang.Object -> org.hibernate.type.JavaObjectType@7ffdc35d
2026-06-08T16:38:46.214+01:00 DEBUG 25080 --- [wallet] [restartedMain] org.hibernate.type.BasicTypeRegistry     : Adding type registration null -> org.hibernate.type.NullType@7cae3581
2026-06-08T16:38:46.215+01:00 DEBUG 25080 --- [wallet] [restartedMain] org.hibernate.type.BasicTypeRegistry     : Adding type registration imm_date -> org.hibernate.type.BasicTypeReference@3a292e32
2026-06-08T16:38:46.215+01:00 DEBUG 25080 --- [wallet] [restartedMain] org.hibernate.type.BasicTypeRegistry     : Adding type registration imm_time -> org.hibernate.type.BasicTypeReference@3d293e9d
2026-06-08T16:38:46.216+01:00 DEBUG 25080 --- [wallet] [restartedMain] org.hibernate.type.BasicTypeRegistry     : Adding type registration imm_timestamp -> org.hibernate.type.BasicTypeReference@1d9d3180
2026-06-08T16:38:46.216+01:00 DEBUG 25080 --- [wallet] [restartedMain] org.hibernate.type.BasicTypeRegistry     : Adding type registration imm_calendar -> org.hibernate.type.BasicTypeReference@10120d8f
2026-06-08T16:38:46.216+01:00 DEBUG 25080 --- [wallet] [restartedMain] org.hibernate.type.BasicTypeRegistry     : Adding type registration imm_calendar_date -> org.hibernate.type.BasicTypeReference@63b9f901
2026-06-08T16:38:46.217+01:00 DEBUG 25080 --- [wallet] [restartedMain] org.hibernate.type.BasicTypeRegistry     : Adding type registration imm_calendar_time -> org.hibernate.type.BasicTypeReference@1710fe3d
2026-06-08T16:38:46.217+01:00 DEBUG 25080 --- [wallet] [restartedMain] org.hibernate.type.BasicTypeRegistry     : Adding type registration imm_binary -> org.hibernate.type.BasicTypeReference@63f5dc6e
2026-06-08T16:38:46.217+01:00 DEBUG 25080 --- [wallet] [restartedMain] org.hibernate.type.BasicTypeRegistry     : Adding type registration imm_serializable -> org.hibernate.type.BasicTypeReference@638bcbea
2026-06-08T16:38:46.225+01:00 DEBUG 25080 --- [wallet] [restartedMain] o.h.boot.internal.BootstrapContextImpl   : Injecting JPA temp ClassLoader [org.springframework.instrument.classloading.SimpleThrowawayClassLoader@540ed748] into BootstrapContext; was [null]
2026-06-08T16:38:46.226+01:00 DEBUG 25080 --- [wallet] [restartedMain] o.h.boot.internal.ClassLoaderAccessImpl  : ClassLoaderAccessImpl#injectTempClassLoader(org.springframework.instrument.classloading.SimpleThrowawayClassLoader@540ed748) [was null]
2026-06-08T16:38:46.227+01:00 DEBUG 25080 --- [wallet] [restartedMain] o.h.boot.internal.BootstrapContextImpl   : Injecting ScanEnvironment [org.hibernate.jpa.boot.internal.StandardJpaScanEnvironmentImpl@57ead606] into BootstrapContext; was [null]
2026-06-08T16:38:46.227+01:00 DEBUG 25080 --- [wallet] [restartedMain] o.h.boot.internal.BootstrapContextImpl   : Injecting ScanOptions [org.hibernate.boot.archive.scan.internal.StandardScanOptions@380e0ca1] into BootstrapContext; was [org.hibernate.boot.archive.scan.internal.StandardScanOptions@7fdecf07]
2026-06-08T16:38:46.501+01:00  INFO 25080 --- [wallet] [restartedMain] o.s.o.j.p.SpringPersistenceUnitInfo      : No LoadTimeWeaver setup: ignoring JPA class transformer
2026-06-08T16:38:46.502+01:00 DEBUG 25080 --- [wallet] [restartedMain] o.h.boot.internal.BootstrapContextImpl   : Injecting JPA temp ClassLoader [null] into BootstrapContext; was [org.springframework.instrument.classloading.SimpleThrowawayClassLoader@540ed748]
2026-06-08T16:38:46.502+01:00 DEBUG 25080 --- [wallet] [restartedMain] o.h.boot.internal.ClassLoaderAccessImpl  : ClassLoaderAccessImpl#injectTempClassLoader(null) [was org.springframework.instrument.classloading.SimpleThrowawayClassLoader@540ed748]
2026-06-08T16:38:46.545+01:00 DEBUG 25080 --- [wallet] [restartedMain] o.h.e.j.e.i.JdbcEnvironmentInitiator     : Database ->
	   name : MariaDB
	version : 11.4.2-MariaDB
	  major : 11
	  minor : 4
2026-06-08T16:38:46.545+01:00 DEBUG 25080 --- [wallet] [restartedMain] o.h.e.j.e.i.JdbcEnvironmentInitiator     : Driver ->
	   name : MariaDB Connector/J
	version : 3.4.1
	  major : 3
	  minor : 4
2026-06-08T16:38:46.545+01:00 DEBUG 25080 --- [wallet] [restartedMain] o.h.e.j.e.i.JdbcEnvironmentInitiator     : JDBC version : 4.2
2026-06-08T16:38:46.577+01:00  WARN 25080 --- [wallet] [restartedMain] org.hibernate.orm.deprecation            : HHH90000025: MariaDBDialect does not need to be specified explicitly using 'hibernate.dialect' (remove the property setting and it will be selected by default)
2026-06-08T16:38:46.577+01:00 DEBUG 25080 --- [wallet] [restartedMain] org.hibernate.orm.dialect                : HHH035001: Using dialect: org.hibernate.dialect.MariaDBDialect, version: 11.4.2
2026-06-08T16:38:46.586+01:00 DEBUG 25080 --- [wallet] [restartedMain] o.h.e.j.env.spi.IdentifierHelperBuilder  : IdentifierCaseStrategy for both quoted and unquoted identifiers was set to the same strategy [LOWER]; that will likely lead to problems in schema update and validation if using quoted identifiers
2026-06-08T16:38:46.604+01:00  INFO 25080 --- [wallet] [restartedMain] org.hibernate.orm.connections.pooling    : HHH10001005: Database info:
	Database JDBC URL [Connecting through datasource 'HikariDataSource (HikariPool-1)']
	Database driver: undefined/unknown
	Database version: 11.4.2
	Autocommit mode: undefined/unknown
	Isolation level: undefined/unknown
	Minimum pool size: undefined/unknown
	Maximum pool size: undefined/unknown
2026-06-08T16:38:46.616+01:00 DEBUG 25080 --- [wallet] [restartedMain] o.h.t.d.sql.spi.DdlTypeRegistry          : addDescriptor(12, org.hibernate.type.descriptor.sql.internal.CapacityDependentDdlType@330c728) replaced previous registration(org.hibernate.type.descriptor.sql.internal.CapacityDependentDdlType@22ba33aa)
2026-06-08T16:38:46.617+01:00 DEBUG 25080 --- [wallet] [restartedMain] o.h.t.d.sql.spi.DdlTypeRegistry          : addDescriptor(-9, org.hibernate.type.descriptor.sql.internal.CapacityDependentDdlType@1e00b4e3) replaced previous registration(org.hibernate.type.descriptor.sql.internal.CapacityDependentDdlType@62d3c8f8)
2026-06-08T16:38:46.618+01:00 DEBUG 25080 --- [wallet] [restartedMain] o.h.t.d.sql.spi.DdlTypeRegistry          : addDescriptor(-3, org.hibernate.type.descriptor.sql.internal.CapacityDependentDdlType@675f4a0d) replaced previous registration(org.hibernate.type.descriptor.sql.internal.CapacityDependentDdlType@148b122f)
2026-06-08T16:38:46.619+01:00 DEBUG 25080 --- [wallet] [restartedMain] o.h.t.d.sql.spi.DdlTypeRegistry          : addDescriptor(4003, org.hibernate.type.descriptor.sql.internal.DdlTypeImpl@f371bf1) replaced previous registration(org.hibernate.type.descriptor.sql.internal.DdlTypeImpl@735f86e7)
2026-06-08T16:38:46.620+01:00 DEBUG 25080 --- [wallet] [restartedMain] o.h.t.d.sql.spi.DdlTypeRegistry          : addDescriptor(4001, org.hibernate.type.descriptor.sql.internal.DdlTypeImpl@6e4db5a3) replaced previous registration(org.hibernate.type.descriptor.sql.internal.DdlTypeImpl@221bd82f)
2026-06-08T16:38:46.620+01:00 DEBUG 25080 --- [wallet] [restartedMain] o.h.t.d.sql.spi.DdlTypeRegistry          : addDescriptor(4002, org.hibernate.type.descriptor.sql.internal.DdlTypeImpl@1544b70e) replaced previous registration(org.hibernate.type.descriptor.sql.internal.DdlTypeImpl@1a2363ff)
2026-06-08T16:38:46.621+01:00 DEBUG 25080 --- [wallet] [restartedMain] o.h.t.d.sql.spi.DdlTypeRegistry          : addDescriptor(2004, org.hibernate.type.descriptor.sql.internal.CapacityDependentDdlType@19402db5) replaced previous registration(org.hibernate.type.descriptor.sql.internal.DdlTypeImpl@65e64412)
2026-06-08T16:38:46.622+01:00 DEBUG 25080 --- [wallet] [restartedMain] o.h.t.d.sql.spi.DdlTypeRegistry          : addDescriptor(2005, org.hibernate.type.descriptor.sql.internal.CapacityDependentDdlType@552a6367) replaced previous registration(org.hibernate.type.descriptor.sql.internal.DdlTypeImpl@5417dea6)
2026-06-08T16:38:46.623+01:00 DEBUG 25080 --- [wallet] [restartedMain] o.h.t.d.sql.spi.DdlTypeRegistry          : addDescriptor(2011, org.hibernate.type.descriptor.sql.internal.CapacityDependentDdlType@4ca26c14) replaced previous registration(org.hibernate.type.descriptor.sql.internal.DdlTypeImpl@1bb37746)
2026-06-08T16:38:46.634+01:00 DEBUG 25080 --- [wallet] [restartedMain] org.hibernate.type.BasicTypeRegistry     : Adding type registration null -> org.hibernate.type.NullType@2dad3347
2026-06-08T16:38:46.635+01:00 DEBUG 25080 --- [wallet] [restartedMain] org.hibernate.type.BasicTypeRegistry     : Type registration key [null] overrode previous entry : `org.hibernate.type.NullType@7cae3581`
2026-06-08T16:38:46.640+01:00 DEBUG 25080 --- [wallet] [restartedMain] org.hibernate.type.BasicTypeRegistry     : Adding type registration org.hibernate.type.DurationType -> basicType@1(java.time.Duration,3015)
2026-06-08T16:38:46.640+01:00 DEBUG 25080 --- [wallet] [restartedMain] org.hibernate.type.BasicTypeRegistry     : Adding type registration Duration -> basicType@1(java.time.Duration,3015)
2026-06-08T16:38:46.640+01:00 DEBUG 25080 --- [wallet] [restartedMain] org.hibernate.type.BasicTypeRegistry     : Adding type registration java.time.Duration -> basicType@1(java.time.Duration,3015)
2026-06-08T16:38:46.644+01:00 DEBUG 25080 --- [wallet] [restartedMain] org.hibernate.type.BasicTypeRegistry     : Adding type registration org.hibernate.type.OffsetDateTimeType -> basicType@2(java.time.OffsetDateTime,3003)
2026-06-08T16:38:46.644+01:00 DEBUG 25080 --- [wallet] [restartedMain] org.hibernate.type.BasicTypeRegistry     : Adding type registration OffsetDateTime -> basicType@2(java.time.OffsetDateTime,3003)
2026-06-08T16:38:46.644+01:00 DEBUG 25080 --- [wallet] [restartedMain] org.hibernate.type.BasicTypeRegistry     : Adding type registration java.time.OffsetDateTime -> basicType@2(java.time.OffsetDateTime,3003)
2026-06-08T16:38:46.645+01:00 DEBUG 25080 --- [wallet] [restartedMain] org.hibernate.type.BasicTypeRegistry     : Adding type registration org.hibernate.type.ZonedDateTimeType -> basicType@3(java.time.ZonedDateTime,3003)
2026-06-08T16:38:46.645+01:00 DEBUG 25080 --- [wallet] [restartedMain] org.hibernate.type.BasicTypeRegistry     : Adding type registration ZonedDateTime -> basicType@3(java.time.ZonedDateTime,3003)
2026-06-08T16:38:46.645+01:00 DEBUG 25080 --- [wallet] [restartedMain] org.hibernate.type.BasicTypeRegistry     : Adding type registration java.time.ZonedDateTime -> basicType@3(java.time.ZonedDateTime,3003)
2026-06-08T16:38:46.646+01:00 DEBUG 25080 --- [wallet] [restartedMain] org.hibernate.type.BasicTypeRegistry     : Adding type registration org.hibernate.type.OffsetTimeType -> basicType@4(java.time.OffsetTime,3007)
2026-06-08T16:38:46.647+01:00 DEBUG 25080 --- [wallet] [restartedMain] org.hibernate.type.BasicTypeRegistry     : Adding type registration OffsetTime -> basicType@4(java.time.OffsetTime,3007)
2026-06-08T16:38:46.647+01:00 DEBUG 25080 --- [wallet] [restartedMain] org.hibernate.type.BasicTypeRegistry     : Adding type registration java.time.OffsetTime -> basicType@4(java.time.OffsetTime,3007)
2026-06-08T16:38:46.650+01:00 DEBUG 25080 --- [wallet] [restartedMain] o.h.type.spi.TypeConfiguration$Scope     : Scoping TypeConfiguration [org.hibernate.type.spi.TypeConfiguration@7a3fb1db] to MetadataBuildingContext [org.hibernate.boot.internal.MetadataBuildingContextRootImpl@54582a7c]
2026-06-08T16:38:46.706+01:00 DEBUG 25080 --- [wallet] [restartedMain] o.h.boot.model.relational.Namespace      : Created database namespace [logicalName=Name{catalog=null, schema=null}, physicalName=Name{catalog=null, schema=null}]
2026-06-08T16:38:46.751+01:00 DEBUG 25080 --- [wallet] [restartedMain] o.h.boot.model.internal.EntityBinder     : Binding entity from annotated class: com.example.wallet.Entities.Operation
2026-06-08T16:38:46.758+01:00 DEBUG 25080 --- [wallet] [restartedMain] o.h.boot.model.internal.EntityBinder     : Import with entity name Operation
2026-06-08T16:38:46.767+01:00 DEBUG 25080 --- [wallet] [restartedMain] o.h.boot.model.internal.EntityBinder     : Bind entity com.example.wallet.Entities.Operation on table operation
2026-06-08T16:38:46.779+01:00 DEBUG 25080 --- [wallet] [restartedMain] o.h.boot.model.internal.AnnotatedColumn  : Binding column: AnnotatedDiscriminatorColumn(column='DTYPE')
2026-06-08T16:38:46.802+01:00 DEBUG 25080 --- [wallet] [restartedMain] o.h.boot.model.internal.AnnotatedColumn  : Binding column: AnnotatedColumn(column='Operation_ID')
2026-06-08T16:38:46.802+01:00 DEBUG 25080 --- [wallet] [restartedMain] o.h.boot.internal.ClassLoaderAccessImpl  : Not known whether passed class name [com.example.wallet.Entities.Operation] is safe
2026-06-08T16:38:46.802+01:00 DEBUG 25080 --- [wallet] [restartedMain] o.h.boot.internal.ClassLoaderAccessImpl  : No temp ClassLoader provided; using live ClassLoader for loading potentially unsafe class : com.example.wallet.Entities.Operation
2026-06-08T16:38:46.811+01:00 DEBUG 25080 --- [wallet] [restartedMain] o.h.boot.model.internal.PropertyBinder   : MetadataSourceProcessor property operationId with lazy=false
2026-06-08T16:38:46.819+01:00 DEBUG 25080 --- [wallet] [restartedMain] o.h.b.m.internal.AbstractPropertyHolder  : Attempting to locate auto-apply AttributeConverter for property [com.example.wallet.Entities.Operation:operationId]
2026-06-08T16:38:46.824+01:00 DEBUG 25080 --- [wallet] [restartedMain] o.h.b.model.internal.BasicValueBinder    : building BasicValue for operationId
2026-06-08T16:38:46.828+01:00 DEBUG 25080 --- [wallet] [restartedMain] org.hibernate.mapping.BasicValue         : Skipping column re-registration: operation.operation_id
2026-06-08T16:38:46.829+01:00 DEBUG 25080 --- [wallet] [restartedMain] o.h.boot.model.internal.PropertyBinder   : Building property operationId
2026-06-08T16:38:46.834+01:00 DEBUG 25080 --- [wallet] [restartedMain] o.h.boot.model.internal.BinderHelper     : #makeIdGenerator(BasicValue([Column(operation_id)]), operationId, identity, , ...)
2026-06-08T16:38:46.836+01:00 DEBUG 25080 --- [wallet] [restartedMain] o.h.boot.model.internal.AnnotatedColumn  : Binding column: AnnotatedColumn(column='amount')
2026-06-08T16:38:46.836+01:00 DEBUG 25080 --- [wallet] [restartedMain] o.h.boot.model.internal.PropertyBinder   : MetadataSourceProcessor property amount with lazy=false
2026-06-08T16:38:46.836+01:00 DEBUG 25080 --- [wallet] [restartedMain] o.h.b.m.internal.AbstractPropertyHolder  : Attempting to locate auto-apply AttributeConverter for property [com.example.wallet.Entities.Operation:amount]
2026-06-08T16:38:46.837+01:00 DEBUG 25080 --- [wallet] [restartedMain] o.h.b.model.internal.BasicValueBinder    : building BasicValue for amount
2026-06-08T16:38:46.837+01:00 DEBUG 25080 --- [wallet] [restartedMain] org.hibernate.mapping.BasicValue         : Skipping column re-registration: operation.amount
2026-06-08T16:38:46.837+01:00 DEBUG 25080 --- [wallet] [restartedMain] o.h.boot.model.internal.PropertyBinder   : Building property amount
2026-06-08T16:38:46.838+01:00 DEBUG 25080 --- [wallet] [restartedMain] o.h.boot.model.internal.AnnotatedColumn  : Binding column: AnnotatedColumn(column='Category')
2026-06-08T16:38:46.839+01:00 DEBUG 25080 --- [wallet] [restartedMain] o.h.boot.model.internal.PropertyBinder   : MetadataSourceProcessor property category with lazy=false
2026-06-08T16:38:46.839+01:00 DEBUG 25080 --- [wallet] [restartedMain] o.h.b.m.internal.AbstractPropertyHolder  : Attempting to locate auto-apply AttributeConverter for property [com.example.wallet.Entities.Operation:category]
2026-06-08T16:38:46.840+01:00 DEBUG 25080 --- [wallet] [restartedMain] o.h.b.model.internal.BasicValueBinder    : building BasicValue for category
2026-06-08T16:38:46.840+01:00 DEBUG 25080 --- [wallet] [restartedMain] org.hibernate.mapping.BasicValue         : Skipping column re-registration: operation.category
2026-06-08T16:38:46.840+01:00 DEBUG 25080 --- [wallet] [restartedMain] o.h.boot.model.internal.PropertyBinder   : Building property category
2026-06-08T16:38:46.840+01:00 DEBUG 25080 --- [wallet] [restartedMain] o.h.boot.model.internal.AnnotatedColumn  : Binding column: AnnotatedColumn(column='created_at')
2026-06-08T16:38:46.841+01:00 DEBUG 25080 --- [wallet] [restartedMain] o.h.boot.model.internal.PropertyBinder   : MetadataSourceProcessor property createdAt with lazy=false
2026-06-08T16:38:46.841+01:00 DEBUG 25080 --- [wallet] [restartedMain] o.h.b.m.internal.AbstractPropertyHolder  : Attempting to locate auto-apply AttributeConverter for property [com.example.wallet.Entities.Operation:createdAt]
2026-06-08T16:38:46.841+01:00 DEBUG 25080 --- [wallet] [restartedMain] o.h.b.model.internal.BasicValueBinder    : building BasicValue for createdAt
2026-06-08T16:38:46.841+01:00 DEBUG 25080 --- [wallet] [restartedMain] org.hibernate.mapping.BasicValue         : Skipping column re-registration: operation.created_at
2026-06-08T16:38:46.841+01:00 DEBUG 25080 --- [wallet] [restartedMain] o.h.boot.model.internal.PropertyBinder   : Building property createdAt
2026-06-08T16:38:46.842+01:00 DEBUG 25080 --- [wallet] [restartedMain] o.h.boot.model.internal.AnnotatedColumn  : Binding column: AnnotatedColumn(column='Operation_Type')
2026-06-08T16:38:46.842+01:00 DEBUG 25080 --- [wallet] [restartedMain] o.h.boot.model.internal.PropertyBinder   : MetadataSourceProcessor property operationType with lazy=false
2026-06-08T16:38:46.843+01:00 DEBUG 25080 --- [wallet] [restartedMain] o.h.b.m.internal.AbstractPropertyHolder  : Attempting to locate auto-apply AttributeConverter for property [com.example.wallet.Entities.Operation:operationType]
2026-06-08T16:38:46.843+01:00 DEBUG 25080 --- [wallet] [restartedMain] o.h.b.model.internal.BasicValueBinder    : building BasicValue for operationType
2026-06-08T16:38:46.843+01:00 DEBUG 25080 --- [wallet] [restartedMain] org.hibernate.mapping.BasicValue         : Skipping column re-registration: operation.operation_type
2026-06-08T16:38:46.843+01:00 DEBUG 25080 --- [wallet] [restartedMain] o.h.boot.model.internal.PropertyBinder   : Building property operationType
2026-06-08T16:38:46.844+01:00 DEBUG 25080 --- [wallet] [restartedMain] o.h.boot.model.internal.AnnotatedColumn  : Binding column: AnnotatedColumn(column='updated_at')
2026-06-08T16:38:46.844+01:00 DEBUG 25080 --- [wallet] [restartedMain] o.h.boot.model.internal.PropertyBinder   : MetadataSourceProcessor property updatedAt with lazy=false
2026-06-08T16:38:46.845+01:00 DEBUG 25080 --- [wallet] [restartedMain] o.h.b.m.internal.AbstractPropertyHolder  : Attempting to locate auto-apply AttributeConverter for property [com.example.wallet.Entities.Operation:updatedAt]
2026-06-08T16:38:46.845+01:00 DEBUG 25080 --- [wallet] [restartedMain] o.h.b.model.internal.BasicValueBinder    : building BasicValue for updatedAt
2026-06-08T16:38:46.845+01:00 DEBUG 25080 --- [wallet] [restartedMain] org.hibernate.mapping.BasicValue         : Skipping column re-registration: operation.updated_at
2026-06-08T16:38:46.846+01:00 DEBUG 25080 --- [wallet] [restartedMain] o.h.boot.model.internal.PropertyBinder   : Building property updatedAt
2026-06-08T16:38:46.849+01:00 DEBUG 25080 --- [wallet] [restartedMain] o.h.b.r.c.i.ClassLoaderServiceImpl       : HHH000194: Package not found or no package-info.java: com.example.wallet.Entities
2026-06-08T16:38:46.855+01:00 DEBUG 25080 --- [wallet] [restartedMain] e.i.CallbackDefinitionResolverLegacyImpl : Adding onUpdate as PreUpdate callback for entity com.example.wallet.Entities.Operation
2026-06-08T16:38:46.869+01:00 DEBUG 25080 --- [wallet] [restartedMain] e.i.CallbackDefinitionResolverLegacyImpl : Adding onCreate as PrePersist callback for entity com.example.wallet.Entities.Operation
2026-06-08T16:38:46.871+01:00 DEBUG 25080 --- [wallet] [restartedMain] o.h.boot.model.internal.EntityBinder     : Binding entity from annotated class: com.example.wallet.Entities.User
2026-06-08T16:38:46.871+01:00 DEBUG 25080 --- [wallet] [restartedMain] o.h.boot.model.internal.EntityBinder     : Import with entity name User
2026-06-08T16:38:46.872+01:00 DEBUG 25080 --- [wallet] [restartedMain] o.h.boot.model.internal.EntityBinder     : Bind entity com.example.wallet.Entities.User on table user
2026-06-08T16:38:46.872+01:00 DEBUG 25080 --- [wallet] [restartedMain] o.h.boot.model.internal.AnnotatedColumn  : Binding column: AnnotatedDiscriminatorColumn(column='DTYPE')
2026-06-08T16:38:46.873+01:00 DEBUG 25080 --- [wallet] [restartedMain] o.h.boot.model.internal.AnnotatedColumn  : Binding column: AnnotatedColumn(column='USER_ID')
2026-06-08T16:38:46.873+01:00 DEBUG 25080 --- [wallet] [restartedMain] o.h.boot.internal.ClassLoaderAccessImpl  : Not known whether passed class name [com.example.wallet.Entities.User] is safe
2026-06-08T16:38:46.873+01:00 DEBUG 25080 --- [wallet] [restartedMain] o.h.boot.internal.ClassLoaderAccessImpl  : No temp ClassLoader provided; using live ClassLoader for loading potentially unsafe class : com.example.wallet.Entities.User
2026-06-08T16:38:46.874+01:00 DEBUG 25080 --- [wallet] [restartedMain] o.h.boot.model.internal.PropertyBinder   : MetadataSourceProcessor property USER_ID with lazy=false
2026-06-08T16:38:46.874+01:00 DEBUG 25080 --- [wallet] [restartedMain] o.h.b.m.internal.AbstractPropertyHolder  : Attempting to locate auto-apply AttributeConverter for property [com.example.wallet.Entities.User:USER_ID]
2026-06-08T16:38:46.874+01:00 DEBUG 25080 --- [wallet] [restartedMain] o.h.b.model.internal.BasicValueBinder    : building BasicValue for USER_ID
2026-06-08T16:38:46.874+01:00 DEBUG 25080 --- [wallet] [restartedMain] org.hibernate.mapping.BasicValue         : Skipping column re-registration: user.user_id
2026-06-08T16:38:46.875+01:00 DEBUG 25080 --- [wallet] [restartedMain] o.h.boot.model.internal.PropertyBinder   : Building property USER_ID
2026-06-08T16:38:46.875+01:00 DEBUG 25080 --- [wallet] [restartedMain] o.h.boot.model.internal.BinderHelper     : #makeIdGenerator(BasicValue([Column(user_id)]), USER_ID, identity, , ...)
2026-06-08T16:38:46.876+01:00 DEBUG 25080 --- [wallet] [restartedMain] o.h.boot.model.internal.AnnotatedColumn  : Binding column: AnnotatedColumn(column='Password')
2026-06-08T16:38:46.876+01:00 DEBUG 25080 --- [wallet] [restartedMain] o.h.boot.model.internal.PropertyBinder   : MetadataSourceProcessor property Password with lazy=false
2026-06-08T16:38:46.877+01:00 DEBUG 25080 --- [wallet] [restartedMain] o.h.b.m.internal.AbstractPropertyHolder  : Attempting to locate auto-apply AttributeConverter for property [com.example.wallet.Entities.User:Password]
2026-06-08T16:38:46.877+01:00 DEBUG 25080 --- [wallet] [restartedMain] o.h.b.model.internal.BasicValueBinder    : building BasicValue for Password
2026-06-08T16:38:46.877+01:00 DEBUG 25080 --- [wallet] [restartedMain] org.hibernate.mapping.BasicValue         : Skipping column re-registration: user.password
2026-06-08T16:38:46.877+01:00 DEBUG 25080 --- [wallet] [restartedMain] o.h.boot.model.internal.PropertyBinder   : Building property Password
2026-06-08T16:38:46.878+01:00 DEBUG 25080 --- [wallet] [restartedMain] o.h.boot.model.internal.AnnotatedColumn  : Binding column: AnnotatedColumn(column='username')
2026-06-08T16:38:46.878+01:00 DEBUG 25080 --- [wallet] [restartedMain] o.h.boot.model.internal.PropertyBinder   : MetadataSourceProcessor property username with lazy=false
2026-06-08T16:38:46.878+01:00 DEBUG 25080 --- [wallet] [restartedMain] o.h.b.m.internal.AbstractPropertyHolder  : Attempting to locate auto-apply AttributeConverter for property [com.example.wallet.Entities.User:username]
2026-06-08T16:38:46.879+01:00 DEBUG 25080 --- [wallet] [restartedMain] o.h.b.model.internal.BasicValueBinder    : building BasicValue for username
2026-06-08T16:38:46.880+01:00 DEBUG 25080 --- [wallet] [restartedMain] org.hibernate.mapping.BasicValue         : Skipping column re-registration: user.username
2026-06-08T16:38:46.880+01:00 DEBUG 25080 --- [wallet] [restartedMain] o.h.boot.model.internal.PropertyBinder   : Building property username
2026-06-08T16:38:46.880+01:00 DEBUG 25080 --- [wallet] [restartedMain] o.h.b.r.c.i.ClassLoaderServiceImpl       : HHH000194: Package not found or no package-info.java: com.example.wallet.Entities
2026-06-08T16:38:46.883+01:00 DEBUG 25080 --- [wallet] [restartedMain] o.h.b.model.internal.BasicValueBinder    : Starting `BasicValueBinder#fillSimpleValue` for operationId
2026-06-08T16:38:46.885+01:00 DEBUG 25080 --- [wallet] [restartedMain] o.h.b.model.internal.BasicValueBinder    : Starting `BasicValueBinder#fillSimpleValue` for amount
2026-06-08T16:38:46.886+01:00 DEBUG 25080 --- [wallet] [restartedMain] o.h.b.model.internal.BasicValueBinder    : Starting `BasicValueBinder#fillSimpleValue` for category
2026-06-08T16:38:46.886+01:00 DEBUG 25080 --- [wallet] [restartedMain] o.h.b.model.internal.BasicValueBinder    : Starting `BasicValueBinder#fillSimpleValue` for createdAt
2026-06-08T16:38:46.887+01:00 DEBUG 25080 --- [wallet] [restartedMain] o.h.b.model.internal.BasicValueBinder    : Starting `BasicValueBinder#fillSimpleValue` for operationType
2026-06-08T16:38:46.887+01:00 DEBUG 25080 --- [wallet] [restartedMain] o.h.b.model.internal.BasicValueBinder    : Starting `BasicValueBinder#fillSimpleValue` for updatedAt
2026-06-08T16:38:46.887+01:00 DEBUG 25080 --- [wallet] [restartedMain] o.h.b.model.internal.BasicValueBinder    : Starting `BasicValueBinder#fillSimpleValue` for USER_ID
2026-06-08T16:38:46.888+01:00 DEBUG 25080 --- [wallet] [restartedMain] o.h.b.model.internal.BasicValueBinder    : Starting `BasicValueBinder#fillSimpleValue` for Password
2026-06-08T16:38:46.888+01:00 DEBUG 25080 --- [wallet] [restartedMain] o.h.b.model.internal.BasicValueBinder    : Starting `BasicValueBinder#fillSimpleValue` for username
2026-06-08T16:38:46.896+01:00 DEBUG 25080 --- [wallet] [restartedMain] org.hibernate.mapping.PrimaryKey         : Forcing column [operation_id] to be non-null as it is part of the primary key for table [operation]
2026-06-08T16:38:46.897+01:00 DEBUG 25080 --- [wallet] [restartedMain] org.hibernate.mapping.PrimaryKey         : Forcing column [user_id] to be non-null as it is part of the primary key for table [user]
2026-06-08T16:38:47.002+01:00 DEBUG 25080 --- [wallet] [restartedMain] o.hibernate.internal.SessionFactoryImpl  : Building session factory
2026-06-08T16:38:47.058+01:00 DEBUG 25080 --- [wallet] [restartedMain] .h.s.i.SessionFactoryServiceRegistryImpl : EventListenerRegistry access via ServiceRegistry is deprecated.  Use `sessionFactory.getEventEngine().getListenerRegistry()` instead
2026-06-08T16:38:47.060+01:00 DEBUG 25080 --- [wallet] [restartedMain] o.hibernate.internal.SessionFactoryImpl  : Instantiating SessionFactory with settings: {java.specification.version=17, sun.cpu.isalist=amd64, hibernate.resource.beans.container=org.springframework.orm.hibernate5.SpringBeanContainer@15d6feee, hibernate.connection.handling_mode=DELAYED_ACQUISITION_AND_HOLD, sun.jnu.encoding=Cp1252, hibernate.dialect=org.hibernate.dialect.MariaDBDialect, hibernate.implicit_naming_strategy=org.springframework.boot.orm.jpa.hibernate.SpringImplicitNamingStrategy, java.class.path=D:\MyWallet - E-Wallet\wallet\target\classes;C:\Users\User\.m2\repository\org\springframework\boot\spring-boot-starter-data-jpa\3.4.0-SNAPSHOT\spring-boot-starter-data-jpa-3.4.0-SNAPSHOT.jar;C:\Users\User\.m2\repository\org\springframework\boot\spring-boot-starter\3.4.0-SNAPSHOT\spring-boot-starter-3.4.0-SNAPSHOT.jar;C:\Users\User\.m2\repository\org\springframework\boot\spring-boot-starter-logging\3.4.0-SNAPSHOT\spring-boot-starter-logging-3.4.0-SNAPSHOT.jar;C:\Users\User\.m2\repository\ch\qos\logback\logback-classic\1.5.12\logback-classic-1.5.12.jar;C:\Users\User\.m2\repository\ch\qos\logback\logback-core\1.5.12\logback-core-1.5.12.jar;C:\Users\User\.m2\repository\org\apache\logging\log4j\log4j-to-slf4j\2.24.1\log4j-to-slf4j-2.24.1.jar;C:\Users\User\.m2\repository\org\apache\logging\log4j\log4j-api\2.24.1\log4j-api-2.24.1.jar;C:\Users\User\.m2\repository\org\slf4j\jul-to-slf4j\2.0.16\jul-to-slf4j-2.0.16.jar;C:\Users\User\.m2\repository\jakarta\annotation\jakarta.annotation-api\2.1.1\jakarta.annotation-api-2.1.1.jar;C:\Users\User\.m2\repository\org\yaml\snakeyaml\2.3\snakeyaml-2.3.jar;C:\Users\User\.m2\repository\org\hibernate\orm\hibernate-core\6.6.2.Final\hibernate-core-6.6.2.Final.jar;C:\Users\User\.m2\repository\jakarta\persistence\jakarta.persistence-api\3.1.0\jakarta.persistence-api-3.1.0.jar;C:\Users\User\.m2\repository\jakarta\transaction\jakarta.transaction-api\2.0.1\jakarta.transaction-api-2.0.1.jar;C:\Users\User\.m2\repository\org\jboss\logging\jboss-logging\3.6.1.Final\jboss-logging-3.6.1.Final.jar;C:\Users\User\.m2\repository\org\hibernate\common\hibernate-commons-annotations\7.0.3.Final\hibernate-commons-annotations-7.0.3.Final.jar;C:\Users\User\.m2\repository\io\smallrye\jandex\3.2.0\jandex-3.2.0.jar;C:\Users\User\.m2\repository\com\fasterxml\classmate\1.7.0\classmate-1.7.0.jar;C:\Users\User\.m2\repository\net\bytebuddy\byte-buddy\1.15.10\byte-buddy-1.15.10.jar;C:\Users\User\.m2\repository\org\glassfish\jaxb\jaxb-runtime\4.0.5\jaxb-runtime-4.0.5.jar;C:\Users\User\.m2\repository\org\glassfish\jaxb\jaxb-core\4.0.5\jaxb-core-4.0.5.jar;C:\Users\User\.m2\repository\org\eclipse\angus\angus-activation\2.0.2\angus-activation-2.0.2.jar;C:\Users\User\.m2\repository\org\glassfish\jaxb\txw2\4.0.5\txw2-4.0.5.jar;C:\Users\User\.m2\repository\com\sun\istack\istack-commons-runtime\4.1.2\istack-commons-runtime-4.1.2.jar;C:\Users\User\.m2\repository\jakarta\inject\jakarta.inject-api\2.0.1\jakarta.inject-api-2.0.1.jar;C:\Users\User\.m2\repository\org\antlr\antlr4-runtime\4.13.0\antlr4-runtime-4.13.0.jar;C:\Users\User\.m2\repository\org\springframework\data\spring-data-jpa\3.4.0\spring-data-jpa-3.4.0.jar;C:\Users\User\.m2\repository\org\springframework\data\spring-data-commons\3.4.0\spring-data-commons-3.4.0.jar;C:\Users\User\.m2\repository\org\springframework\spring-orm\6.2.0\spring-orm-6.2.0.jar;C:\Users\User\.m2\repository\org\springframework\spring-context\6.2.0\spring-context-6.2.0.jar;C:\Users\User\.m2\repository\org\springframework\spring-aop\6.2.0\spring-aop-6.2.0.jar;C:\Users\User\.m2\repository\org\springframework\spring-tx\6.2.0\spring-tx-6.2.0.jar;C:\Users\User\.m2\repository\org\springframework\spring-beans\6.2.0\spring-beans-6.2.0.jar;C:\Users\User\.m2\repository\org\slf4j\slf4j-api\2.0.16\slf4j-api-2.0.16.jar;C:\Users\User\.m2\repository\org\springframework\spring-aspects\6.2.0\spring-aspects-6.2.0.jar;C:\Users\User\.m2\repository\org\aspectj\aspectjweaver\1.9.22.1\aspectjweaver-1.9.22.1.jar;C:\Users\User\.m2\repository\org\springframework\boot\spring-boot-starter-thymeleaf\3.4.0-SNAPSHOT\spring-boot-starter-thymeleaf-3.4.0-SNAPSHOT.jar;C:\Users\User\.m2\repository\org\thymeleaf\thymeleaf-spring6\3.1.2.RELEASE\thymeleaf-spring6-3.1.2.RELEASE.jar;C:\Users\User\.m2\repository\org\thymeleaf\thymeleaf\3.1.2.RELEASE\thymeleaf-3.1.2.RELEASE.jar;C:\Users\User\.m2\repository\org\attoparser\attoparser\2.0.7.RELEASE\attoparser-2.0.7.RELEASE.jar;C:\Users\User\.m2\repository\org\unbescape\unbescape\1.1.6.RELEASE\unbescape-1.1.6.RELEASE.jar;C:\Users\User\.m2\repository\org\springframework\boot\spring-boot-starter-web\3.4.0-SNAPSHOT\spring-boot-starter-web-3.4.0-SNAPSHOT.jar;C:\Users\User\.m2\repository\org\springframework\boot\spring-boot-starter-json\3.4.0-SNAPSHOT\spring-boot-starter-json-3.4.0-SNAPSHOT.jar;C:\Users\User\.m2\repository\com\fasterxml\jackson\core\jackson-databind\2.18.1\jackson-databind-2.18.1.jar;C:\Users\User\.m2\repository\com\fasterxml\jackson\core\jackson-annotations\2.18.1\jackson-annotations-2.18.1.jar;C:\Users\User\.m2\repository\com\fasterxml\jackson\core\jackson-core\2.18.1\jackson-core-2.18.1.jar;C:\Users\User\.m2\repository\com\fasterxml\jackson\datatype\jackson-datatype-jdk8\2.18.1\jackson-datatype-jdk8-2.18.1.jar;C:\Users\User\.m2\repository\com\fasterxml\jackson\datatype\jackson-datatype-jsr310\2.18.1\jackson-datatype-jsr310-2.18.1.jar;C:\Users\User\.m2\repository\com\fasterxml\jackson\module\jackson-module-parameter-names\2.18.1\jackson-module-parameter-names-2.18.1.jar;C:\Users\User\.m2\repository\org\springframework\boot\spring-boot-starter-tomcat\3.4.0-SNAPSHOT\spring-boot-starter-tomcat-3.4.0-SNAPSHOT.jar;C:\Users\User\.m2\repository\org\apache\tomcat\embed\tomcat-embed-core\10.1.33\tomcat-embed-core-10.1.33.jar;C:\Users\User\.m2\repository\org\apache\tomcat\embed\tomcat-embed-el\10.1.33\tomcat-embed-el-10.1.33.jar;C:\Users\User\.m2\repository\org\apache\tomcat\embed\tomcat-embed-websocket\10.1.33\tomcat-embed-websocket-10.1.33.jar;C:\Users\User\.m2\repository\org\springframework\spring-web\6.2.0\spring-web-6.2.0.jar;C:\Users\User\.m2\repository\io\micrometer\micrometer-observation\1.14.1\micrometer-observation-1.14.1.jar;C:\Users\User\.m2\repository\io\micrometer\micrometer-commons\1.14.1\micrometer-commons-1.14.1.jar;C:\Users\User\.m2\repository\org\springframework\spring-webmvc\6.2.0\spring-webmvc-6.2.0.jar;C:\Users\User\.m2\repository\org\springframework\spring-expression\6.2.0\spring-expression-6.2.0.jar;C:\Users\User\.m2\repository\org\springframework\boot\spring-boot-devtools\3.4.0-SNAPSHOT\spring-boot-devtools-3.4.0-SNAPSHOT.jar;C:\Users\User\.m2\repository\org\springframework\boot\spring-boot\3.4.0-SNAPSHOT\spring-boot-3.4.0-SNAPSHOT.jar;C:\Users\User\.m2\repository\org\springframework\boot\spring-boot-autoconfigure\3.4.0-SNAPSHOT\spring-boot-autoconfigure-3.4.0-SNAPSHOT.jar;C:\Users\User\.m2\repository\org\mariadb\jdbc\mariadb-java-client\3.4.1\mariadb-java-client-3.4.1.jar;C:\Users\User\.m2\repository\com\github\waffle\waffle-jna\3.3.0\waffle-jna-3.3.0.jar;C:\Users\User\.m2\repository\net\java\dev\jna\jna\5.13.0\jna-5.13.0.jar;C:\Users\User\.m2\repository\net\java\dev\jna\jna-platform\5.13.0\jna-platform-5.13.0.jar;C:\Users\User\.m2\repository\org\slf4j\jcl-over-slf4j\2.0.16\jcl-over-slf4j-2.0.16.jar;C:\Users\User\.m2\repository\com\github\ben-manes\caffeine\caffeine\3.1.8\caffeine-3.1.8.jar;C:\Users\User\.m2\repository\com\google\errorprone\error_prone_annotations\2.21.1\error_prone_annotations-2.21.1.jar;C:\Users\User\.m2\repository\org\checkerframework\checker-qual\3.32.0\checker-qual-3.32.0.jar;C:\Users\User\.m2\repository\org\projectlombok\lombok\1.18.36\lombok-1.18.36.jar;C:\Users\User\.m2\repository\jakarta\xml\bind\jakarta.xml.bind-api\4.0.2\jakarta.xml.bind-api-4.0.2.jar;C:\Users\User\.m2\repository\jakarta\activation\jakarta.activation-api\2.1.3\jakarta.activation-api-2.1.3.jar;C:\Users\User\.m2\repository\org\springframework\spring-core\6.2.0\spring-core-6.2.0.jar;C:\Users\User\.m2\repository\org\springframework\spring-jcl\6.2.0\spring-jcl-6.2.0.jar;C:\Users\User\.m2\repository\org\springframework\boot\spring-boot-starter-jdbc\3.4.0-SNAPSHOT\spring-boot-starter-jdbc-3.4.0-SNAPSHOT.jar;C:\Users\User\.m2\repository\com\zaxxer\HikariCP\5.1.0\HikariCP-5.1.0.jar;C:\Users\User\.m2\repository\org\springframework\spring-jdbc\6.2.0\spring-jdbc-6.2.0.jar, java.vm.vendor=Oracle Corporation, LOG_PATH=/var/logs/myapp, sun.arch.data.model=64, user.variant=, java.vendor.url=https://java.oracle.com/, catalina.useNaming=false, user.timezone=Africa/Tunis, jakarta.persistence.sharedCache.mode=UNSPECIFIED, org.jboss.logging.provider=slf4j, java.vm.specification.version=17, os.name=Windows 11, APPLICATION_NAME=wallet, jakarta.persistence.nonJtaDataSource=HikariDataSource (HikariPool-1), sun.java.launcher=SUN_STANDARD, user.country=FR, sun.boot.library.path=C:\Program Files\Java\jdk-17\bin, sun.java.command=com.example.wallet.WalletApplication, javax.persistence.nonJtaDataSource=HikariDataSource (HikariPool-1), hibernate.transaction.jta.platform=org.hibernate.engine.transaction.jta.platform.internal.NoJtaPlatform@1f025ce1, jdk.debug=release, sun.cpu.endian=little, hibernate.cdi.extensions=true, user.home=C:\Users\User, user.language=fr, sun.stderr.encoding=cp850, java.specification.vendor=Oracle Corporation, java.version.date=2023-07-18, java.home=C:\Program Files\Java\jdk-17, file.separator=\, java.vm.compressedOopsMode=Zero based, line.separator=
, sun.stdout.encoding=cp850, hibernate.persistenceUnitName=default, java.vm.specification.vendor=Oracle Corporation, java.specification.name=Java Platform API Specification, FILE_LOG_CHARSET=windows-1252, hibernate.transaction.coordinator_class=class org.hibernate.resource.transaction.backend.jdbc.internal.JdbcResourceLocalTransactionCoordinatorBuilderImpl, java.awt.headless=true, jakarta.persistence.validation.mode=AUTO, user.script=, sun.management.compiler=HotSpot 64-Bit Tiered Compilers, java.runtime.version=17.0.8+9-LTS-211, user.name=User, path.separator=;, os.version=10.0, java.runtime.name=Java(TM) SE Runtime Environment, file.encoding=Cp1252, java.vm.name=Java HotSpot(TM) 64-Bit Server VM, LOG_FILE=app.log, java.vendor.url.bug=https://bugreport.java.com/bugreport/, java.io.tmpdir=C:\Users\User\AppData\Local\Temp\, com.zaxxer.hikari.pool_number=1, catalina.home=C:\Users\User\AppData\Local\Temp\tomcat.8081.12253878893656063574, java.version=17.0.8, hibernate.physical_naming_strategy=org.hibernate.boot.model.naming.CamelCaseToUnderscoresNamingStrategy, user.dir=D:\MyWallet - E-Wallet\wallet, os.arch=amd64, java.vm.specification.name=Java Virtual Machine Specification, PID=25080, sun.os.patch.level=, CONSOLE_LOG_CHARSET=windows-1252, catalina.base=C:\Users\User\AppData\Local\Temp\tomcat.8081.12253878893656063574, hibernate.boot.CfgXmlAccessService.key=org.hibernate.boot.registry.StandardServiceRegistryBuilder$1@5bc60900, native.encoding=Cp1252, java.library.path=C:\Program Files\Java\jdk-17\bin;C:\Windows\Sun\Java\bin;C:\Windows\system32;C:\Windows;c:\Users\User\AppData\Roaming\Code\User\globalStorage\github.copilot-chat\debugCommand;c:\Users\User\AppData\Roaming\Code\User\globalStorage\github.copilot-chat\copilotCli;C:\app\User\product\21c\dbhomeXE\bin;C:\Program Files\Common Files\Oracle\Java\javapath;C:\Program Files (x86)\Common Files\Oracle\Java\java8path;C:\Program Files (x86)\Common Files\Oracle\Java\javapath;C:\Windows\system32;C:\Windows;C:\Windows\System32\Wbem;C:\Windows\System32\WindowsPowerShell\v1.0\;C:\Windows\System32\OpenSSH\;D:\Downloads\hadoop-3.3.6-aarch64\hadoop-3.3.6\bin;D:\Downloads\hadoop-3.3.6-aarch64\hadoop-3.3.6\sbin;D:\Downloads\jdk-1.8\bin;C:\Program Files\dotnet\;C:\kubectl;D:\Git\cmd;D:\Downloads\;$env:PATH;C:\Program Files\MongoDB\Server\8.2\bin;C:\Users\User\AppData\Local\Programs\cursor\resources\app\bin;C:\Users\User\AppData\Local\Programs\Microsoft VS Code\bin;C:\Users\User\AppData\Roaming\npm;c:\Users\User\.vscode\extensions\vscjava.vscode-java-debug-0.59.0\bundled\scripts\noConfigScripts;., java.vendor=Oracle Corporation, java.vm.info=mixed mode, sharing, java.vm.version=17.0.8+9-LTS-211, sun.io.unicode.encoding=UnicodeLittle, hibernate.archive.scanner=org.hibernate.boot.archive.scan.internal.DisabledScanner, hibernate.connection.datasource=HikariDataSource (HikariPool-1), CONSOLE_LOG_PATTERN=%d{yyyy-MM-dd HH:mm:ss} - %msg%n, java.class.version=61.0, LOGGED_APPLICATION_NAME=[wallet] }
2026-06-08T16:38:47.064+01:00 DEBUG 25080 --- [wallet] [restartedMain] o.hibernate.internal.SessionFactoryImpl  : Session factory constructed with filter configurations : {}
2026-06-08T16:38:47.075+01:00 DEBUG 25080 --- [wallet] [restartedMain] .h.t.s.s.SchemaManagementToolCoordinator : No schema actions specified for contributor `orm`; doing nothing
2026-06-08T16:38:47.130+01:00 DEBUG 25080 --- [wallet] [restartedMain] o.h.q.sqm.function.SqmFunctionRegistry   : Registered SqmFunctionTemplate [NamedSqmFunctionTemplate(max)] under max; prior registration was null
2026-06-08T16:38:47.130+01:00 DEBUG 25080 --- [wallet] [restartedMain] o.h.q.sqm.function.SqmFunctionRegistry   : Registered SqmFunctionTemplate [NamedSqmFunctionTemplate(min)] under min; prior registration was null
2026-06-08T16:38:47.130+01:00 DEBUG 25080 --- [wallet] [restartedMain] o.h.q.sqm.function.SqmFunctionRegistry   : Registered SqmFunctionTemplate [NamedSqmFunctionTemplate(sum)] under sum; prior registration was null
2026-06-08T16:38:47.132+01:00 DEBUG 25080 --- [wallet] [restartedMain] o.h.q.sqm.function.SqmFunctionRegistry   : Registered SqmFunctionTemplate [NamedSqmFunctionTemplate(avg)] under avg; prior registration was null
2026-06-08T16:38:47.135+01:00 DEBUG 25080 --- [wallet] [restartedMain] o.h.q.sqm.function.SqmFunctionRegistry   : Registered SqmFunctionTemplate [org.hibernate.dialect.function.CountFunction@53eb0688] under count; prior registration was null
2026-06-08T16:38:47.137+01:00 DEBUG 25080 --- [wallet] [restartedMain] o.h.q.sqm.function.SqmFunctionRegistry   : Registered SqmFunctionTemplate [org.hibernate.dialect.function.EveryAnyEmulation@598e9b7a] under every; prior registration was null
2026-06-08T16:38:47.137+01:00 DEBUG 25080 --- [wallet] [restartedMain] o.h.q.sqm.function.SqmFunctionRegistry   : Registered SqmFunctionTemplate [org.hibernate.dialect.function.EveryAnyEmulation@5978550e] under any; prior registration was null
2026-06-08T16:38:47.138+01:00 DEBUG 25080 --- [wallet] [restartedMain] o.h.q.sqm.function.SqmFunctionRegistry   : Registered SqmFunctionTemplate [NamedSqmFunctionTemplate(floor)] under floor; prior registration was null
2026-06-08T16:38:47.138+01:00 DEBUG 25080 --- [wallet] [restartedMain] o.h.q.sqm.function.SqmFunctionRegistry   : Registered SqmFunctionTemplate [NamedSqmFunctionTemplate(ceiling)] under ceiling; prior registration was null
2026-06-08T16:38:47.138+01:00 DEBUG 25080 --- [wallet] [restartedMain] o.h.q.sqm.function.SqmFunctionRegistry   : Registered SqmFunctionTemplate [NamedSqmFunctionTemplate(mod)] under mod; prior registration was null
2026-06-08T16:38:47.138+01:00 DEBUG 25080 --- [wallet] [restartedMain] o.h.q.sqm.function.SqmFunctionRegistry   : Registered SqmFunctionTemplate [NamedSqmFunctionTemplate(abs)] under abs; prior registration was null
2026-06-08T16:38:47.138+01:00 DEBUG 25080 --- [wallet] [restartedMain] o.h.q.sqm.function.SqmFunctionRegistry   : Registered SqmFunctionTemplate [NamedSqmFunctionTemplate(sign)] under sign; prior registration was null
2026-06-08T16:38:47.139+01:00 DEBUG 25080 --- [wallet] [restartedMain] o.h.q.sqm.function.SqmFunctionRegistry   : Registered SqmFunctionTemplate [NamedSqmFunctionTemplate(sqrt)] under sqrt; prior registration was null
2026-06-08T16:38:47.139+01:00 DEBUG 25080 --- [wallet] [restartedMain] o.h.q.sqm.function.SqmFunctionRegistry   : Registered SqmFunctionTemplate [NamedSqmFunctionTemplate(ln)] under ln; prior registration was null
2026-06-08T16:38:47.139+01:00 DEBUG 25080 --- [wallet] [restartedMain] o.h.q.sqm.function.SqmFunctionRegistry   : Registered SqmFunctionTemplate [NamedSqmFunctionTemplate(exp)] under exp; prior registration was null
2026-06-08T16:38:47.140+01:00 DEBUG 25080 --- [wallet] [restartedMain] o.h.q.sqm.function.SqmFunctionRegistry   : Registered SqmFunctionTemplate [NamedSqmFunctionTemplate(power)] under power; prior registration was null
2026-06-08T16:38:47.140+01:00 DEBUG 25080 --- [wallet] [restartedMain] o.h.q.sqm.function.SqmFunctionRegistry   : Registered SqmFunctionTemplate [NamedSqmFunctionTemplate(round)] under round; prior registration was null
2026-06-08T16:38:47.141+01:00 DEBUG 25080 --- [wallet] [restartedMain] o.h.q.sqm.function.SqmFunctionRegistry   : Registered SqmFunctionTemplate [NamedSqmFunctionTemplate(sin)] under sin; prior registration was null
2026-06-08T16:38:47.141+01:00 DEBUG 25080 --- [wallet] [restartedMain] o.h.q.sqm.function.SqmFunctionRegistry   : Registered SqmFunctionTemplate [NamedSqmFunctionTemplate(cos)] under cos; prior registration was null
2026-06-08T16:38:47.141+01:00 DEBUG 25080 --- [wallet] [restartedMain] o.h.q.sqm.function.SqmFunctionRegistry   : Registered SqmFunctionTemplate [NamedSqmFunctionTemplate(tan)] under tan; prior registration was null
2026-06-08T16:38:47.141+01:00 DEBUG 25080 --- [wallet] [restartedMain] o.h.q.sqm.function.SqmFunctionRegistry   : Registered SqmFunctionTemplate [NamedSqmFunctionTemplate(asin)] under asin; prior registration was null
2026-06-08T16:38:47.141+01:00 DEBUG 25080 --- [wallet] [restartedMain] o.h.q.sqm.function.SqmFunctionRegistry   : Registered SqmFunctionTemplate [NamedSqmFunctionTemplate(acos)] under acos; prior registration was null
2026-06-08T16:38:47.142+01:00 DEBUG 25080 --- [wallet] [restartedMain] o.h.q.sqm.function.SqmFunctionRegistry   : Registered SqmFunctionTemplate [NamedSqmFunctionTemplate(atan)] under atan; prior registration was null
2026-06-08T16:38:47.142+01:00 DEBUG 25080 --- [wallet] [restartedMain] o.h.q.sqm.function.SqmFunctionRegistry   : Registered SqmFunctionTemplate [NamedSqmFunctionTemplate(atan2)] under atan2; prior registration was null
2026-06-08T16:38:47.144+01:00 DEBUG 25080 --- [wallet] [restartedMain] o.h.q.sqm.function.SqmFunctionRegistry   : Registered SqmFunctionTemplate [org.hibernate.query.sqm.function.PatternBasedSqmFunctionDescriptor@3452899e] under sinh; prior registration was null
2026-06-08T16:38:47.144+01:00 DEBUG 25080 --- [wallet] [restartedMain] o.h.q.sqm.function.SqmFunctionRegistry   : Registered SqmFunctionTemplate [org.hibernate.query.sqm.function.PatternBasedSqmFunctionDescriptor@3ed46798] under cosh; prior registration was null
2026-06-08T16:38:47.145+01:00 DEBUG 25080 --- [wallet] [restartedMain] o.h.q.sqm.function.SqmFunctionRegistry   : Registered SqmFunctionTemplate [org.hibernate.query.sqm.function.PatternBasedSqmFunctionDescriptor@15500899] under tanh; prior registration was null
2026-06-08T16:38:47.145+01:00 DEBUG 25080 --- [wallet] [restartedMain] o.h.q.sqm.function.SqmFunctionRegistry   : Registered SqmFunctionTemplate [org.hibernate.query.sqm.function.PatternBasedSqmFunctionDescriptor@315772a] under pi; prior registration was null
2026-06-08T16:38:47.145+01:00 DEBUG 25080 --- [wallet] [restartedMain] o.h.q.sqm.function.SqmFunctionRegistry   : Registered SqmFunctionTemplate [org.hibernate.query.sqm.function.PatternBasedSqmFunctionDescriptor@23ab10af] under log; prior registration was null
2026-06-08T16:38:47.146+01:00 DEBUG 25080 --- [wallet] [restartedMain] o.h.q.sqm.function.SqmFunctionRegistry   : Registered SqmFunctionTemplate [NamedSqmFunctionTemplate(coalesce)] under coalesce; prior registration was null
2026-06-08T16:38:47.146+01:00 DEBUG 25080 --- [wallet] [restartedMain] o.h.q.sqm.function.SqmFunctionRegistry   : Registered SqmFunctionTemplate [NamedSqmFunctionTemplate(nullif)] under nullif; prior registration was null
2026-06-08T16:38:47.146+01:00 DEBUG 25080 --- [wallet] [restartedMain] o.h.q.sqm.function.SqmFunctionRegistry   : Registered SqmFunctionTemplate [NamedSqmFunctionTemplate(left)] under left; prior registration was null
2026-06-08T16:38:47.146+01:00 DEBUG 25080 --- [wallet] [restartedMain] o.h.q.sqm.function.SqmFunctionRegistry   : Registered SqmFunctionTemplate [NamedSqmFunctionTemplate(right)] under right; prior registration was null
2026-06-08T16:38:47.147+01:00 DEBUG 25080 --- [wallet] [restartedMain] o.h.q.sqm.function.SqmFunctionRegistry   : Registered SqmFunctionTemplate [NamedSqmFunctionTemplate(replace)] under replace; prior registration was null
2026-06-08T16:38:47.147+01:00 DEBUG 25080 --- [wallet] [restartedMain] o.h.q.sqm.function.SqmFunctionRegistry   : Registered SqmFunctionTemplate [NamedSqmFunctionTemplate(concat)] under concat; prior registration was null
2026-06-08T16:38:47.148+01:00 DEBUG 25080 --- [wallet] [restartedMain] o.h.q.sqm.function.SqmFunctionRegistry   : Registered SqmFunctionTemplate [NamedSqmFunctionTemplate(lower)] under lower; prior registration was null
2026-06-08T16:38:47.148+01:00 DEBUG 25080 --- [wallet] [restartedMain] o.h.q.sqm.function.SqmFunctionRegistry   : Registered SqmFunctionTemplate [NamedSqmFunctionTemplate(upper)] under upper; prior registration was null
2026-06-08T16:38:47.148+01:00 DEBUG 25080 --- [wallet] [restartedMain] o.h.q.sqm.function.SqmFunctionRegistry   : Registered SqmFunctionTemplate [NamedSqmFunctionTemplate(substring)] under substring; prior registration was null
2026-06-08T16:38:47.148+01:00 DEBUG 25080 --- [wallet] [restartedMain] o.h.q.sqm.function.SqmFunctionRegistry   : Registered SqmFunctionTemplate [NamedSqmFunctionTemplate(locate)] under locate; prior registration was null
2026-06-08T16:38:47.148+01:00 DEBUG 25080 --- [wallet] [restartedMain] o.h.q.sqm.function.SqmFunctionRegistry   : Registered SqmFunctionTemplate [NamedSqmFunctionTemplate(character_length)] under character_length; prior registration was null
2026-06-08T16:38:47.148+01:00 DEBUG 25080 --- [wallet] [restartedMain] o.h.q.sqm.function.SqmFunctionRegistry   : Registering alternate key : length -> character_length
2026-06-08T16:38:47.150+01:00 DEBUG 25080 --- [wallet] [restartedMain] o.h.q.sqm.function.SqmFunctionRegistry   : Registered SqmFunctionTemplate [org.hibernate.dialect.function.LocatePositionEmulation@38aa84a4] under position; prior registration was null
2026-06-08T16:38:47.152+01:00 DEBUG 25080 --- [wallet] [restartedMain] o.h.q.sqm.function.SqmFunctionRegistry   : Registered SqmFunctionTemplate [org.hibernate.dialect.function.InsertSubstringOverlayEmulation@426758b7] under overlay; prior registration was null
2026-06-08T16:38:47.153+01:00 DEBUG 25080 --- [wallet] [restartedMain] o.h.q.sqm.function.SqmFunctionRegistry   : Registered SqmFunctionTemplate [org.hibernate.dialect.function.TrimFunction@50a934c8] under trim; prior registration was null
2026-06-08T16:38:47.155+01:00 DEBUG 25080 --- [wallet] [restartedMain] o.h.q.sqm.function.SqmFunctionRegistry   : Registered SqmFunctionTemplate [org.hibernate.dialect.function.CastFunction@1cb41f1b] under cast; prior registration was null
2026-06-08T16:38:47.156+01:00 DEBUG 25080 --- [wallet] [restartedMain] o.h.q.sqm.function.SqmFunctionRegistry   : Registered SqmFunctionTemplate [org.hibernate.query.sqm.function.PatternBasedSqmFunctionDescriptor@41a05240] under collate; prior registration was null
2026-06-08T16:38:47.157+01:00 DEBUG 25080 --- [wallet] [restartedMain] o.h.q.sqm.function.SqmFunctionRegistry   : Registered SqmFunctionTemplate [org.hibernate.dialect.function.ExtractFunction@6815fda8] under extract; prior registration was null
2026-06-08T16:38:47.157+01:00 DEBUG 25080 --- [wallet] [restartedMain] o.h.q.sqm.function.SqmFunctionRegistry   : Registered SqmFunctionTemplate [NamedSqmFunctionTemplate(least)] under least; prior registration was null
2026-06-08T16:38:47.157+01:00 DEBUG 25080 --- [wallet] [restartedMain] o.h.q.sqm.function.SqmFunctionRegistry   : Registered SqmFunctionTemplate [NamedSqmFunctionTemplate(greatest)] under greatest; prior registration was null
2026-06-08T16:38:47.158+01:00 DEBUG 25080 --- [wallet] [restartedMain] o.h.q.sqm.function.SqmFunctionRegistry   : Registered SqmFunctionTemplate [org.hibernate.dialect.function.CoalesceIfnullEmulation@14cbec63] under ifnull; prior registration was null
2026-06-08T16:38:47.158+01:00 DEBUG 25080 --- [wallet] [restartedMain] o.h.q.sqm.function.SqmFunctionRegistry   : Registered SqmFunctionTemplate [NamedSqmFunctionTemplate(lpad)] under lpad; prior registration was null
2026-06-08T16:38:47.158+01:00 DEBUG 25080 --- [wallet] [restartedMain] o.h.q.sqm.function.SqmFunctionRegistry   : Registered SqmFunctionTemplate [NamedSqmFunctionTemplate(rpad)] under rpad; prior registration was null
2026-06-08T16:38:47.158+01:00 DEBUG 25080 --- [wallet] [restartedMain] o.h.q.sqm.function.SqmFunctionRegistry   : Registered SqmFunctionTemplate [org.hibernate.dialect.function.LpadRpadPadEmulation@78f154f7] under pad; prior registration was null
2026-06-08T16:38:47.159+01:00 DEBUG 25080 --- [wallet] [restartedMain] o.h.q.sqm.function.SqmFunctionRegistry   : Registered SqmFunctionTemplate [org.hibernate.dialect.function.CastStrEmulation@4077f353] under str; prior registration was null
2026-06-08T16:38:47.163+01:00 DEBUG 25080 --- [wallet] [restartedMain] o.h.q.sqm.function.SqmFunctionRegistry   : Registered SqmFunctionTemplate [org.hibernate.dialect.function.FormatFunction@405c7bf4] under format; prior registration was null
2026-06-08T16:38:47.164+01:00 DEBUG 25080 --- [wallet] [restartedMain] o.h.q.sqm.function.SqmFunctionRegistry   : Registered SqmFunctionTemplate [org.hibernate.dialect.function.TimestampaddFunction@41a31cde] under timestampadd; prior registration was null
2026-06-08T16:38:47.165+01:00 DEBUG 25080 --- [wallet] [restartedMain] o.h.q.sqm.function.SqmFunctionRegistry   : Registered SqmFunctionTemplate [org.hibernate.dialect.function.TimestampdiffFunction@5f2b074] under timestampdiff; prior registration was null
2026-06-08T16:38:47.165+01:00 DEBUG 25080 --- [wallet] [restartedMain] o.h.q.sqm.function.SqmFunctionRegistry   : Registering alternate key : dateadd -> timestampadd
2026-06-08T16:38:47.165+01:00 DEBUG 25080 --- [wallet] [restartedMain] o.h.q.sqm.function.SqmFunctionRegistry   : Registering alternate key : datediff -> timestampdiff
2026-06-08T16:38:47.166+01:00 DEBUG 25080 --- [wallet] [restartedMain] o.h.q.sqm.function.SqmFunctionRegistry   : Registered SqmFunctionTemplate [org.hibernate.dialect.function.CurrentFunction@3178dd10] under current_date; prior registration was null
2026-06-08T16:38:47.166+01:00 DEBUG 25080 --- [wallet] [restartedMain] o.h.q.sqm.function.SqmFunctionRegistry   : Registered SqmFunctionTemplate [org.hibernate.dialect.function.CurrentFunction@d7bc1ff] under current_time; prior registration was null
2026-06-08T16:38:47.166+01:00 DEBUG 25080 --- [wallet] [restartedMain] o.h.q.sqm.function.SqmFunctionRegistry   : Registered SqmFunctionTemplate [org.hibernate.dialect.function.CurrentFunction@7777101c] under current_timestamp; prior registration was null
2026-06-08T16:38:47.166+01:00 DEBUG 25080 --- [wallet] [restartedMain] o.h.q.sqm.function.SqmFunctionRegistry   : Registering alternate key : current date -> current_date
2026-06-08T16:38:47.167+01:00 DEBUG 25080 --- [wallet] [restartedMain] o.h.q.sqm.function.SqmFunctionRegistry   : Registering alternate key : current time -> current_time
2026-06-08T16:38:47.167+01:00 DEBUG 25080 --- [wallet] [restartedMain] o.h.q.sqm.function.SqmFunctionRegistry   : Registering alternate key : current timestamp -> current_timestamp
2026-06-08T16:38:47.167+01:00 DEBUG 25080 --- [wallet] [restartedMain] o.h.q.sqm.function.SqmFunctionRegistry   : Registered SqmFunctionTemplate [org.hibernate.dialect.function.CurrentFunction@1bc0c535] under local_date; prior registration was null
2026-06-08T16:38:47.167+01:00 DEBUG 25080 --- [wallet] [restartedMain] o.h.q.sqm.function.SqmFunctionRegistry   : Registered SqmFunctionTemplate [org.hibernate.dialect.function.CurrentFunction@6c271b00] under local_time; prior registration was null
2026-06-08T16:38:47.167+01:00 DEBUG 25080 --- [wallet] [restartedMain] o.h.q.sqm.function.SqmFunctionRegistry   : Registered SqmFunctionTemplate [org.hibernate.dialect.function.CurrentFunction@3f804b42] under local_datetime; prior registration was null
2026-06-08T16:38:47.167+01:00 DEBUG 25080 --- [wallet] [restartedMain] o.h.q.sqm.function.SqmFunctionRegistry   : Registered SqmFunctionTemplate [org.hibernate.dialect.function.CurrentFunction@70b84b5e] under offset_datetime; prior registration was null
2026-06-08T16:38:47.167+01:00 DEBUG 25080 --- [wallet] [restartedMain] o.h.q.sqm.function.SqmFunctionRegistry   : Registering alternate key : local date -> local_date
2026-06-08T16:38:47.168+01:00 DEBUG 25080 --- [wallet] [restartedMain] o.h.q.sqm.function.SqmFunctionRegistry   : Registering alternate key : local time -> local_time
2026-06-08T16:38:47.168+01:00 DEBUG 25080 --- [wallet] [restartedMain] o.h.q.sqm.function.SqmFunctionRegistry   : Registering alternate key : local datetime -> local_datetime
2026-06-08T16:38:47.168+01:00 DEBUG 25080 --- [wallet] [restartedMain] o.h.q.sqm.function.SqmFunctionRegistry   : Registering alternate key : offset datetime -> offset_datetime
2026-06-08T16:38:47.168+01:00 DEBUG 25080 --- [wallet] [restartedMain] o.h.q.sqm.function.SqmFunctionRegistry   : Registered SqmFunctionTemplate [org.hibernate.dialect.function.CurrentFunction@6dccd111] under instant; prior registration was null
2026-06-08T16:38:47.168+01:00 DEBUG 25080 --- [wallet] [restartedMain] o.h.q.sqm.function.SqmFunctionRegistry   : Registering alternate key : current_instant -> instant
2026-06-08T16:38:47.169+01:00 DEBUG 25080 --- [wallet] [restartedMain] o.h.q.sqm.function.SqmFunctionRegistry   : Registered SqmFunctionTemplate [org.hibernate.dialect.function.SqlFunction@3d9fec61] under sql; prior registration was null
2026-06-08T16:38:47.169+01:00 DEBUG 25080 --- [wallet] [restartedMain] o.h.q.sqm.function.SqmFunctionRegistry   : Registered SqmFunctionTemplate [NamedSqmFunctionTemplate(soundex)] under soundex; prior registration was null
2026-06-08T16:38:47.169+01:00 DEBUG 25080 --- [wallet] [restartedMain] o.h.q.sqm.function.SqmFunctionRegistry   : Registered SqmFunctionTemplate [NamedSqmFunctionTemplate(radians)] under radians; prior registration was null
2026-06-08T16:38:47.169+01:00 DEBUG 25080 --- [wallet] [restartedMain] o.h.q.sqm.function.SqmFunctionRegistry   : Registered SqmFunctionTemplate [NamedSqmFunctionTemplate(degrees)] under degrees; prior registration was null
2026-06-08T16:38:47.170+01:00 DEBUG 25080 --- [wallet] [restartedMain] o.h.q.sqm.function.SqmFunctionRegistry   : Registered SqmFunctionTemplate [NamedSqmFunctionTemplate(cot)] under cot; prior registration was null
2026-06-08T16:38:47.170+01:00 DEBUG 25080 --- [wallet] [restartedMain] o.h.q.sqm.function.SqmFunctionRegistry   : Registered SqmFunctionTemplate [NamedSqmFunctionTemplate(log)] under log; prior registration was org.hibernate.query.sqm.function.PatternBasedSqmFunctionDescriptor@23ab10af
2026-06-08T16:38:47.170+01:00 DEBUG 25080 --- [wallet] [restartedMain] o.h.q.sqm.function.SqmFunctionRegistry   : Registered SqmFunctionTemplate [NamedSqmFunctionTemplate(log2)] under log2; prior registration was null
2026-06-08T16:38:47.170+01:00 DEBUG 25080 --- [wallet] [restartedMain] o.h.q.sqm.function.SqmFunctionRegistry   : Registered SqmFunctionTemplate [NamedSqmFunctionTemplate(log10)] under log10; prior registration was null
2026-06-08T16:38:47.170+01:00 DEBUG 25080 --- [wallet] [restartedMain] o.h.q.sqm.function.SqmFunctionRegistry   : Registered SqmFunctionTemplate [NamedSqmFunctionTemplate(ltrim)] under ltrim; prior registration was null
2026-06-08T16:38:47.170+01:00 DEBUG 25080 --- [wallet] [restartedMain] o.h.q.sqm.function.SqmFunctionRegistry   : Registered SqmFunctionTemplate [NamedSqmFunctionTemplate(rtrim)] under rtrim; prior registration was null
2026-06-08T16:38:47.170+01:00 DEBUG 25080 --- [wallet] [restartedMain] o.h.q.sqm.function.SqmFunctionRegistry   : Registered SqmFunctionTemplate [NamedSqmFunctionTemplate(octet_length)] under octet_length; prior registration was null
2026-06-08T16:38:47.170+01:00 DEBUG 25080 --- [wallet] [restartedMain] o.h.q.sqm.function.SqmFunctionRegistry   : Registered SqmFunctionTemplate [NamedSqmFunctionTemplate(reverse)] under reverse; prior registration was null
2026-06-08T16:38:47.170+01:00 DEBUG 25080 --- [wallet] [restartedMain] o.h.q.sqm.function.SqmFunctionRegistry   : Registered SqmFunctionTemplate [NamedSqmFunctionTemplate(space)] under space; prior registration was null
2026-06-08T16:38:47.171+01:00 DEBUG 25080 --- [wallet] [restartedMain] o.h.q.sqm.function.SqmFunctionRegistry   : Registered SqmFunctionTemplate [NamedSqmFunctionTemplate(repeat)] under repeat; prior registration was null
2026-06-08T16:38:47.172+01:00 DEBUG 25080 --- [wallet] [restartedMain] o.h.q.sqm.function.SqmFunctionRegistry   : Registered SqmFunctionTemplate [org.hibernate.query.sqm.function.MultipatternSqmFunctionDescriptor@4fa89adc] under lpad; prior registration was NamedSqmFunctionTemplate(lpad)
2026-06-08T16:38:47.172+01:00 DEBUG 25080 --- [wallet] [restartedMain] o.h.q.sqm.function.SqmFunctionRegistry   : Registered SqmFunctionTemplate [org.hibernate.query.sqm.function.MultipatternSqmFunctionDescriptor@198d0199] under rpad; prior registration was NamedSqmFunctionTemplate(rpad)
2026-06-08T16:38:47.172+01:00 DEBUG 25080 --- [wallet] [restartedMain] o.h.q.sqm.function.SqmFunctionRegistry   : Registered SqmFunctionTemplate [NamedSqmFunctionTemplate(md5)] under md5; prior registration was null
2026-06-08T16:38:47.173+01:00 DEBUG 25080 --- [wallet] [restartedMain] o.h.q.sqm.function.SqmFunctionRegistry   : Registered SqmFunctionTemplate [NamedSqmFunctionTemplate(day)] under day; prior registration was null
2026-06-08T16:38:47.173+01:00 DEBUG 25080 --- [wallet] [restartedMain] o.h.q.sqm.function.SqmFunctionRegistry   : Registered SqmFunctionTemplate [NamedSqmFunctionTemplate(month)] under month; prior registration was null
2026-06-08T16:38:47.173+01:00 DEBUG 25080 --- [wallet] [restartedMain] o.h.q.sqm.function.SqmFunctionRegistry   : Registered SqmFunctionTemplate [NamedSqmFunctionTemplate(year)] under year; prior registration was null
2026-06-08T16:38:47.173+01:00 DEBUG 25080 --- [wallet] [restartedMain] o.h.q.sqm.function.SqmFunctionRegistry   : Registered SqmFunctionTemplate [NamedSqmFunctionTemplate(hour)] under hour; prior registration was null
2026-06-08T16:38:47.173+01:00 DEBUG 25080 --- [wallet] [restartedMain] o.h.q.sqm.function.SqmFunctionRegistry   : Registered SqmFunctionTemplate [NamedSqmFunctionTemplate(minute)] under minute; prior registration was null
2026-06-08T16:38:47.173+01:00 DEBUG 25080 --- [wallet] [restartedMain] o.h.q.sqm.function.SqmFunctionRegistry   : Registered SqmFunctionTemplate [NamedSqmFunctionTemplate(second)] under second; prior registration was null
2026-06-08T16:38:47.174+01:00 DEBUG 25080 --- [wallet] [restartedMain] o.h.q.sqm.function.SqmFunctionRegistry   : Registered SqmFunctionTemplate [NamedSqmFunctionTemplate(microsecond)] under microsecond; prior registration was null
2026-06-08T16:38:47.174+01:00 DEBUG 25080 --- [wallet] [restartedMain] o.h.q.sqm.function.SqmFunctionRegistry   : Registered SqmFunctionTemplate [NamedSqmFunctionTemplate(dayofweek)] under dayofweek; prior registration was null
2026-06-08T16:38:47.174+01:00 DEBUG 25080 --- [wallet] [restartedMain] o.h.q.sqm.function.SqmFunctionRegistry   : Registered SqmFunctionTemplate [NamedSqmFunctionTemplate(dayofmonth)] under dayofmonth; prior registration was null
2026-06-08T16:38:47.174+01:00 DEBUG 25080 --- [wallet] [restartedMain] o.h.q.sqm.function.SqmFunctionRegistry   : Registering alternate key : day -> dayofmonth
2026-06-08T16:38:47.175+01:00 DEBUG 25080 --- [wallet] [restartedMain] o.h.q.sqm.function.SqmFunctionRegistry   : Registered SqmFunctionTemplate [NamedSqmFunctionTemplate(dayofyear)] under dayofyear; prior registration was null
2026-06-08T16:38:47.175+01:00 DEBUG 25080 --- [wallet] [restartedMain] o.h.q.sqm.function.SqmFunctionRegistry   : Registered SqmFunctionTemplate [NamedSqmFunctionTemplate(week)] under week; prior registration was null
2026-06-08T16:38:47.176+01:00 DEBUG 25080 --- [wallet] [restartedMain] o.h.q.sqm.function.SqmFunctionRegistry   : Registered SqmFunctionTemplate [NamedSqmFunctionTemplate(quarter)] under quarter; prior registration was null
2026-06-08T16:38:47.176+01:00 DEBUG 25080 --- [wallet] [restartedMain] o.h.q.sqm.function.SqmFunctionRegistry   : Registered SqmFunctionTemplate [NamedSqmFunctionTemplate(monthname)] under monthname; prior registration was null
2026-06-08T16:38:47.176+01:00 DEBUG 25080 --- [wallet] [restartedMain] o.h.q.sqm.function.SqmFunctionRegistry   : Registered SqmFunctionTemplate [NamedSqmFunctionTemplate(dayname)] under dayname; prior registration was null
2026-06-08T16:38:47.176+01:00 DEBUG 25080 --- [wallet] [restartedMain] o.h.q.sqm.function.SqmFunctionRegistry   : Registered SqmFunctionTemplate [NamedSqmFunctionTemplate(last_day)] under last_day; prior registration was null
2026-06-08T16:38:47.177+01:00 DEBUG 25080 --- [wallet] [restartedMain] o.h.q.sqm.function.SqmFunctionRegistry   : Registered SqmFunctionTemplate [NamedSqmFunctionTemplate(date)] under date; prior registration was null
2026-06-08T16:38:47.177+01:00 DEBUG 25080 --- [wallet] [restartedMain] o.h.q.sqm.function.SqmFunctionRegistry   : Registered SqmFunctionTemplate [NamedSqmFunctionTemplate(timestamp)] under timestamp; prior registration was null
2026-06-08T16:38:47.177+01:00 DEBUG 25080 --- [wallet] [restartedMain] o.h.q.sqm.function.SqmFunctionRegistry   : Registered SqmFunctionTemplate [NamedSqmFunctionTemplate(time)] under time; prior registration was null
2026-06-08T16:38:47.177+01:00 DEBUG 25080 --- [wallet] [restartedMain] o.h.q.sqm.function.SqmFunctionRegistry   : Registered SqmFunctionTemplate [NamedSqmFunctionTemplate(utc_date)] under utc_date; prior registration was null
2026-06-08T16:38:47.178+01:00 DEBUG 25080 --- [wallet] [restartedMain] o.h.q.sqm.function.SqmFunctionRegistry   : Registered SqmFunctionTemplate [NamedSqmFunctionTemplate(utc_time)] under utc_time; prior registration was null
2026-06-08T16:38:47.178+01:00 DEBUG 25080 --- [wallet] [restartedMain] o.h.q.sqm.function.SqmFunctionRegistry   : Registered SqmFunctionTemplate [NamedSqmFunctionTemplate(utc_timestamp)] under utc_timestamp; prior registration was null
2026-06-08T16:38:47.178+01:00 DEBUG 25080 --- [wallet] [restartedMain] o.h.q.sqm.function.SqmFunctionRegistry   : Registered SqmFunctionTemplate [NamedSqmFunctionTemplate(rand)] under rand; prior registration was null
2026-06-08T16:38:47.178+01:00 DEBUG 25080 --- [wallet] [restartedMain] o.h.q.sqm.function.SqmFunctionRegistry   : Registered SqmFunctionTemplate [NamedSqmFunctionTemplate(crc32)] under crc32; prior registration was null
2026-06-08T16:38:47.178+01:00 DEBUG 25080 --- [wallet] [restartedMain] o.h.q.sqm.function.SqmFunctionRegistry   : Registered SqmFunctionTemplate [NamedSqmFunctionTemplate(sha1)] under sha1; prior registration was null
2026-06-08T16:38:47.179+01:00 DEBUG 25080 --- [wallet] [restartedMain] o.h.q.sqm.function.SqmFunctionRegistry   : Registered SqmFunctionTemplate [NamedSqmFunctionTemplate(sha2)] under sha2; prior registration was null
2026-06-08T16:38:47.179+01:00 DEBUG 25080 --- [wallet] [restartedMain] o.h.q.sqm.function.SqmFunctionRegistry   : Registered SqmFunctionTemplate [NamedSqmFunctionTemplate(sha)] under sha; prior registration was null
2026-06-08T16:38:47.179+01:00 DEBUG 25080 --- [wallet] [restartedMain] o.h.q.sqm.function.SqmFunctionRegistry   : Registered SqmFunctionTemplate [NamedSqmFunctionTemplate(bit_length)] under bit_length; prior registration was null
2026-06-08T16:38:47.179+01:00 DEBUG 25080 --- [wallet] [restartedMain] o.h.q.sqm.function.SqmFunctionRegistry   : Registered SqmFunctionTemplate [NamedSqmFunctionTemplate(octet_length)] under octet_length; prior registration was NamedSqmFunctionTemplate(octet_length)
2026-06-08T16:38:47.179+01:00 DEBUG 25080 --- [wallet] [restartedMain] o.h.q.sqm.function.SqmFunctionRegistry   : Registered SqmFunctionTemplate [NamedSqmFunctionTemplate(ascii)] under ascii; prior registration was null
2026-06-08T16:38:47.180+01:00 DEBUG 25080 --- [wallet] [restartedMain] o.h.q.sqm.function.SqmFunctionRegistry   : Registered SqmFunctionTemplate [NamedSqmFunctionTemplate(instr)] under instr; prior registration was null
2026-06-08T16:38:47.180+01:00 DEBUG 25080 --- [wallet] [restartedMain] o.h.q.sqm.function.SqmFunctionRegistry   : Registered SqmFunctionTemplate [NamedSqmFunctionTemplate(substr)] under substr; prior registration was null
2026-06-08T16:38:47.180+01:00 DEBUG 25080 --- [wallet] [restartedMain] o.h.q.sqm.function.SqmFunctionRegistry   : Registered SqmFunctionTemplate [org.hibernate.query.sqm.function.PatternBasedSqmFunctionDescriptor@651e0922] under position; prior registration was org.hibernate.dialect.function.LocatePositionEmulation@38aa84a4
2026-06-08T16:38:47.181+01:00 DEBUG 25080 --- [wallet] [restartedMain] o.h.q.sqm.function.SqmFunctionRegistry   : Registered SqmFunctionTemplate [NamedSqmFunctionTemplate(curtime)] under curtime; prior registration was null
2026-06-08T16:38:47.181+01:00 DEBUG 25080 --- [wallet] [restartedMain] o.h.q.sqm.function.SqmFunctionRegistry   : Registered SqmFunctionTemplate [NamedSqmFunctionTemplate(curdate)] under curdate; prior registration was null
2026-06-08T16:38:47.181+01:00 DEBUG 25080 --- [wallet] [restartedMain] o.h.q.sqm.function.SqmFunctionRegistry   : Registered SqmFunctionTemplate [NamedSqmFunctionTemplate(now)] under now; prior registration was null
2026-06-08T16:38:47.187+01:00 DEBUG 25080 --- [wallet] [restartedMain] o.h.q.sqm.function.SqmFunctionRegistry   : Registered SqmFunctionTemplate [org.hibernate.dialect.function.TruncFunction@6699e261] under trunc; prior registration was null
2026-06-08T16:38:47.187+01:00 DEBUG 25080 --- [wallet] [restartedMain] o.h.q.sqm.function.SqmFunctionRegistry   : Registering alternate key : truncate -> trunc
2026-06-08T16:38:47.187+01:00 DEBUG 25080 --- [wallet] [restartedMain] o.h.q.sqm.function.SqmFunctionRegistry   : Registered SqmFunctionTemplate [NamedSqmFunctionTemplate(insert)] under insert; prior registration was null
2026-06-08T16:38:47.187+01:00 DEBUG 25080 --- [wallet] [restartedMain] o.h.q.sqm.function.SqmFunctionRegistry   : Registered SqmFunctionTemplate [org.hibernate.query.sqm.function.PatternBasedSqmFunctionDescriptor@12053ec7] under bitand; prior registration was null
2026-06-08T16:38:47.187+01:00 DEBUG 25080 --- [wallet] [restartedMain] o.h.q.sqm.function.SqmFunctionRegistry   : Registered SqmFunctionTemplate [org.hibernate.query.sqm.function.PatternBasedSqmFunctionDescriptor@29d673c6] under bitor; prior registration was null
2026-06-08T16:38:47.187+01:00 DEBUG 25080 --- [wallet] [restartedMain] o.h.q.sqm.function.SqmFunctionRegistry   : Registered SqmFunctionTemplate [org.hibernate.query.sqm.function.PatternBasedSqmFunctionDescriptor@4f538fbc] under bitxor; prior registration was null
2026-06-08T16:38:47.188+01:00 DEBUG 25080 --- [wallet] [restartedMain] o.h.q.sqm.function.SqmFunctionRegistry   : Registered SqmFunctionTemplate [org.hibernate.query.sqm.function.PatternBasedSqmFunctionDescriptor@6670f6dd] under bitnot; prior registration was null
2026-06-08T16:38:47.188+01:00 DEBUG 25080 --- [wallet] [restartedMain] o.h.q.sqm.function.SqmFunctionRegistry   : Registered SqmFunctionTemplate [NamedSqmFunctionTemplate(bit_and)] under bit_and; prior registration was null
2026-06-08T16:38:47.188+01:00 DEBUG 25080 --- [wallet] [restartedMain] o.h.q.sqm.function.SqmFunctionRegistry   : Registered SqmFunctionTemplate [NamedSqmFunctionTemplate(bit_or)] under bit_or; prior registration was null
2026-06-08T16:38:47.188+01:00 DEBUG 25080 --- [wallet] [restartedMain] o.h.q.sqm.function.SqmFunctionRegistry   : Registered SqmFunctionTemplate [NamedSqmFunctionTemplate(stddev)] under stddev; prior registration was null
2026-06-08T16:38:47.188+01:00 DEBUG 25080 --- [wallet] [restartedMain] o.h.q.sqm.function.SqmFunctionRegistry   : Registered SqmFunctionTemplate [NamedSqmFunctionTemplate(stddev_pop)] under stddev_pop; prior registration was null
2026-06-08T16:38:47.188+01:00 DEBUG 25080 --- [wallet] [restartedMain] o.h.q.sqm.function.SqmFunctionRegistry   : Registered SqmFunctionTemplate [NamedSqmFunctionTemplate(stddev_samp)] under stddev_samp; prior registration was null
2026-06-08T16:38:47.189+01:00 DEBUG 25080 --- [wallet] [restartedMain] o.h.q.sqm.function.SqmFunctionRegistry   : Registered SqmFunctionTemplate [NamedSqmFunctionTemplate(variance)] under variance; prior registration was null
2026-06-08T16:38:47.189+01:00 DEBUG 25080 --- [wallet] [restartedMain] o.h.q.sqm.function.SqmFunctionRegistry   : Registered SqmFunctionTemplate [NamedSqmFunctionTemplate(var_pop)] under var_pop; prior registration was null
2026-06-08T16:38:47.189+01:00 DEBUG 25080 --- [wallet] [restartedMain] o.h.q.sqm.function.SqmFunctionRegistry   : Registered SqmFunctionTemplate [NamedSqmFunctionTemplate(var_samp)] under var_samp; prior registration was null
2026-06-08T16:38:47.189+01:00 DEBUG 25080 --- [wallet] [restartedMain] o.h.q.sqm.function.SqmFunctionRegistry   : Registered SqmFunctionTemplate [NamedSqmFunctionTemplate(datediff)] under datediff; prior registration was null
2026-06-08T16:38:47.189+01:00 DEBUG 25080 --- [wallet] [restartedMain] o.h.q.sqm.function.SqmFunctionRegistry   : Registered SqmFunctionTemplate [NamedSqmFunctionTemplate(adddate)] under adddate; prior registration was null
2026-06-08T16:38:47.189+01:00 DEBUG 25080 --- [wallet] [restartedMain] o.h.q.sqm.function.SqmFunctionRegistry   : Registered SqmFunctionTemplate [NamedSqmFunctionTemplate(subdate)] under subdate; prior registration was null
2026-06-08T16:38:47.189+01:00 DEBUG 25080 --- [wallet] [restartedMain] o.h.q.sqm.function.SqmFunctionRegistry   : Registered SqmFunctionTemplate [NamedSqmFunctionTemplate(addtime)] under addtime; prior registration was null
2026-06-08T16:38:47.190+01:00 DEBUG 25080 --- [wallet] [restartedMain] o.h.q.sqm.function.SqmFunctionRegistry   : Registered SqmFunctionTemplate [NamedSqmFunctionTemplate(subtime)] under subtime; prior registration was null
2026-06-08T16:38:47.190+01:00 DEBUG 25080 --- [wallet] [restartedMain] o.h.q.sqm.function.SqmFunctionRegistry   : Registered SqmFunctionTemplate [org.hibernate.dialect.function.FormatFunction@5d380fd2] under format; prior registration was org.hibernate.dialect.function.FormatFunction@405c7bf4
2026-06-08T16:38:47.190+01:00 DEBUG 25080 --- [wallet] [restartedMain] o.h.q.sqm.function.SqmFunctionRegistry   : Registered SqmFunctionTemplate [NamedSqmFunctionTemplate(makedate)] under makedate; prior registration was null
2026-06-08T16:38:47.190+01:00 DEBUG 25080 --- [wallet] [restartedMain] o.h.q.sqm.function.SqmFunctionRegistry   : Registered SqmFunctionTemplate [NamedSqmFunctionTemplate(maketime)] under maketime; prior registration was null
2026-06-08T16:38:47.191+01:00 DEBUG 25080 --- [wallet] [restartedMain] o.h.q.sqm.function.SqmFunctionRegistry   : Registered SqmFunctionTemplate [NamedSqmFunctionTemplate(localtime)] under localtime; prior registration was null
2026-06-08T16:38:47.191+01:00 DEBUG 25080 --- [wallet] [restartedMain] o.h.q.sqm.function.SqmFunctionRegistry   : Registered SqmFunctionTemplate [NamedSqmFunctionTemplate(localtimestamp)] under localtimestamp; prior registration was null
2026-06-08T16:38:47.191+01:00 DEBUG 25080 --- [wallet] [restartedMain] o.h.q.sqm.function.SqmFunctionRegistry   : Registered SqmFunctionTemplate [NamedSqmFunctionTemplate(localtime)] under local_time; prior registration was org.hibernate.dialect.function.CurrentFunction@6c271b00
2026-06-08T16:38:47.191+01:00 DEBUG 25080 --- [wallet] [restartedMain] o.h.q.sqm.function.SqmFunctionRegistry   : Registered SqmFunctionTemplate [NamedSqmFunctionTemplate(localtimestamp)] under local_datetime; prior registration was org.hibernate.dialect.function.CurrentFunction@3f804b42
2026-06-08T16:38:47.191+01:00 DEBUG 25080 --- [wallet] [restartedMain] o.h.q.sqm.function.SqmFunctionRegistry   : Registered SqmFunctionTemplate [NamedSqmFunctionTemplate(localtime)] under localtime; prior registration was NamedSqmFunctionTemplate(localtime)
2026-06-08T16:38:47.191+01:00 DEBUG 25080 --- [wallet] [restartedMain] o.h.q.sqm.function.SqmFunctionRegistry   : Registered SqmFunctionTemplate [org.hibernate.query.sqm.function.PatternBasedSqmFunctionDescriptor@476a1ff0] under pi; prior registration was org.hibernate.query.sqm.function.PatternBasedSqmFunctionDescriptor@315772a
2026-06-08T16:38:47.191+01:00 DEBUG 25080 --- [wallet] [restartedMain] o.h.q.sqm.function.SqmFunctionRegistry   : Registered SqmFunctionTemplate [org.hibernate.query.sqm.function.PatternBasedSqmFunctionDescriptor@141746ce] under chr; prior registration was null
2026-06-08T16:38:47.193+01:00 DEBUG 25080 --- [wallet] [restartedMain] o.h.q.sqm.function.SqmFunctionRegistry   : Registering alternate key : char -> chr
2026-06-08T16:38:47.193+01:00 DEBUG 25080 --- [wallet] [restartedMain] o.h.q.sqm.function.SqmFunctionRegistry   : Registered SqmFunctionTemplate [org.hibernate.query.sqm.function.PatternBasedSqmFunctionDescriptor@75308c8f] under sysdate; prior registration was null
2026-06-08T16:38:47.194+01:00 DEBUG 25080 --- [wallet] [restartedMain] o.h.q.sqm.function.SqmFunctionRegistry   : Registered SqmFunctionTemplate [org.hibernate.dialect.function.ListaggGroupConcatEmulation@20c3ee44] under listagg; prior registration was null
2026-06-08T16:38:47.194+01:00 DEBUG 25080 --- [wallet] [restartedMain] o.h.q.sqm.function.SqmFunctionRegistry   : Registered SqmFunctionTemplate [NamedSqmFunctionTemplate(row_number)] under row_number; prior registration was null
2026-06-08T16:38:47.195+01:00 DEBUG 25080 --- [wallet] [restartedMain] o.h.q.sqm.function.SqmFunctionRegistry   : Registered SqmFunctionTemplate [NamedSqmFunctionTemplate(lag)] under lag; prior registration was null
2026-06-08T16:38:47.196+01:00 DEBUG 25080 --- [wallet] [restartedMain] o.h.q.sqm.function.SqmFunctionRegistry   : Registered SqmFunctionTemplate [NamedSqmFunctionTemplate(lead)] under lead; prior registration was null
2026-06-08T16:38:47.196+01:00 DEBUG 25080 --- [wallet] [restartedMain] o.h.q.sqm.function.SqmFunctionRegistry   : Registered SqmFunctionTemplate [NamedSqmFunctionTemplate(first_value)] under first_value; prior registration was null
2026-06-08T16:38:47.196+01:00 DEBUG 25080 --- [wallet] [restartedMain] o.h.q.sqm.function.SqmFunctionRegistry   : Registered SqmFunctionTemplate [NamedSqmFunctionTemplate(last_value)] under last_value; prior registration was null
2026-06-08T16:38:47.196+01:00 DEBUG 25080 --- [wallet] [restartedMain] o.h.q.sqm.function.SqmFunctionRegistry   : Registered SqmFunctionTemplate [NamedSqmFunctionTemplate(nth_value)] under nth_value; prior registration was null
2026-06-08T16:38:47.197+01:00 DEBUG 25080 --- [wallet] [restartedMain] o.h.q.sqm.function.SqmFunctionRegistry   : Registered SqmFunctionTemplate [org.hibernate.dialect.function.HypotheticalSetWindowEmulation@10ec1bd1] under rank; prior registration was null
2026-06-08T16:38:47.198+01:00 DEBUG 25080 --- [wallet] [restartedMain] o.h.q.sqm.function.SqmFunctionRegistry   : Registered SqmFunctionTemplate [org.hibernate.dialect.function.HypotheticalSetWindowEmulation@779c6f73] under dense_rank; prior registration was null
2026-06-08T16:38:47.198+01:00 DEBUG 25080 --- [wallet] [restartedMain] o.h.q.sqm.function.SqmFunctionRegistry   : Registered SqmFunctionTemplate [org.hibernate.dialect.function.HypotheticalSetWindowEmulation@4ae433c5] under percent_rank; prior registration was null
2026-06-08T16:38:47.198+01:00 DEBUG 25080 --- [wallet] [restartedMain] o.h.q.sqm.function.SqmFunctionRegistry   : Registered SqmFunctionTemplate [org.hibernate.dialect.function.HypotheticalSetWindowEmulation@33cfcdc3] under cume_dist; prior registration was null
2026-06-08T16:38:47.199+01:00 DEBUG 25080 --- [wallet] [restartedMain] o.h.q.sqm.function.SqmFunctionRegistry   : Registered SqmFunctionTemplate [NamedSqmFunctionTemplate(json_valid)] under json_valid; prior registration was null
2026-06-08T16:38:47.201+01:00 DEBUG 25080 --- [wallet] [restartedMain] o.h.q.sqm.function.SqmFunctionRegistry   : Registered SqmFunctionTemplate [org.hibernate.dialect.function.InverseDistributionWindowEmulation@54d0783f] under percentile_cont; prior registration was null
2026-06-08T16:38:47.202+01:00 DEBUG 25080 --- [wallet] [restartedMain] o.h.q.sqm.function.SqmFunctionRegistry   : Registered SqmFunctionTemplate [org.hibernate.dialect.function.InverseDistributionWindowEmulation@2a896ddd] under percentile_disc; prior registration was null
2026-06-08T16:38:47.202+01:00 DEBUG 25080 --- [wallet] [restartedMain] o.h.q.sqm.function.SqmFunctionRegistry   : Registered SqmFunctionTemplate [org.hibernate.query.sqm.function.PatternBasedSqmFunctionDescriptor@323820b8] under median; prior registration was null
2026-06-08T16:38:47.204+01:00 DEBUG 25080 --- [wallet] [restartedMain] org.hibernate.HQL_FUNCTIONS              : abs(NUMERIC arg)
2026-06-08T16:38:47.204+01:00 DEBUG 25080 --- [wallet] [restartedMain] org.hibernate.HQL_FUNCTIONS              : Double acos(NUMERIC arg)
2026-06-08T16:38:47.205+01:00 DEBUG 25080 --- [wallet] [restartedMain] org.hibernate.HQL_FUNCTIONS              : adddate(DATE datetime, INTEGER days)
2026-06-08T16:38:47.205+01:00 DEBUG 25080 --- [wallet] [restartedMain] org.hibernate.HQL_FUNCTIONS              : addtime(TIME datetime, TIME time)
2026-06-08T16:38:47.205+01:00 DEBUG 25080 --- [wallet] [restartedMain] org.hibernate.HQL_FUNCTIONS              : Boolean any(BOOLEAN arg)
2026-06-08T16:38:47.205+01:00 DEBUG 25080 --- [wallet] [restartedMain] org.hibernate.HQL_FUNCTIONS              : Integer ascii(STRING arg)
2026-06-08T16:38:47.205+01:00 DEBUG 25080 --- [wallet] [restartedMain] org.hibernate.HQL_FUNCTIONS              : Double asin(NUMERIC arg)
2026-06-08T16:38:47.206+01:00 DEBUG 25080 --- [wallet] [restartedMain] org.hibernate.HQL_FUNCTIONS              : Double atan(NUMERIC arg)
2026-06-08T16:38:47.206+01:00 DEBUG 25080 --- [wallet] [restartedMain] org.hibernate.HQL_FUNCTIONS              : Double atan2(NUMERIC arg0, NUMERIC arg1)
2026-06-08T16:38:47.206+01:00 DEBUG 25080 --- [wallet] [restartedMain] org.hibernate.HQL_FUNCTIONS              : avg(arg)
2026-06-08T16:38:47.206+01:00 DEBUG 25080 --- [wallet] [restartedMain] org.hibernate.HQL_FUNCTIONS              : bit_and(arg)
2026-06-08T16:38:47.206+01:00 DEBUG 25080 --- [wallet] [restartedMain] org.hibernate.HQL_FUNCTIONS              : Integer bit_length(STRING_OR_CLOB arg)
2026-06-08T16:38:47.207+01:00 DEBUG 25080 --- [wallet] [restartedMain] org.hibernate.HQL_FUNCTIONS              : bit_or(arg)
2026-06-08T16:38:47.207+01:00 DEBUG 25080 --- [wallet] [restartedMain] org.hibernate.HQL_FUNCTIONS              : bitand(arg0, arg1)
2026-06-08T16:38:47.207+01:00 DEBUG 25080 --- [wallet] [restartedMain] org.hibernate.HQL_FUNCTIONS              : bitnot(arg)
2026-06-08T16:38:47.207+01:00 DEBUG 25080 --- [wallet] [restartedMain] org.hibernate.HQL_FUNCTIONS              : bitor(arg0, arg1)
2026-06-08T16:38:47.208+01:00 DEBUG 25080 --- [wallet] [restartedMain] org.hibernate.HQL_FUNCTIONS              : bitxor(arg0, arg1)
2026-06-08T16:38:47.208+01:00 DEBUG 25080 --- [wallet] [restartedMain] org.hibernate.HQL_FUNCTIONS              : cast(arg as Type)
2026-06-08T16:38:47.208+01:00 DEBUG 25080 --- [wallet] [restartedMain] org.hibernate.HQL_FUNCTIONS              : ceiling(NUMERIC arg)
2026-06-08T16:38:47.208+01:00 DEBUG 25080 --- [wallet] [restartedMain] org.hibernate.HQL_FUNCTIONS              : Character char(INTEGER arg)
2026-06-08T16:38:47.208+01:00 DEBUG 25080 --- [wallet] [restartedMain] org.hibernate.HQL_FUNCTIONS              : Integer character_length(STRING_OR_CLOB arg)
2026-06-08T16:38:47.208+01:00 DEBUG 25080 --- [wallet] [restartedMain] org.hibernate.HQL_FUNCTIONS              : Character chr(INTEGER arg)
2026-06-08T16:38:47.208+01:00 DEBUG 25080 --- [wallet] [restartedMain] org.hibernate.HQL_FUNCTIONS              : coalesce(arg0[, arg1[, ...]])
2026-06-08T16:38:47.209+01:00 DEBUG 25080 --- [wallet] [restartedMain] org.hibernate.HQL_FUNCTIONS              : String collate(STRING string as COLLATION collation)
2026-06-08T16:38:47.209+01:00 DEBUG 25080 --- [wallet] [restartedMain] org.hibernate.HQL_FUNCTIONS              : String concat(STRING string0[, STRING string1[, ...]])
2026-06-08T16:38:47.209+01:00 DEBUG 25080 --- [wallet] [restartedMain] org.hibernate.HQL_FUNCTIONS              : Double cos(NUMERIC arg)
2026-06-08T16:38:47.209+01:00 DEBUG 25080 --- [wallet] [restartedMain] org.hibernate.HQL_FUNCTIONS              : Double cosh(NUMERIC arg)
2026-06-08T16:38:47.209+01:00 DEBUG 25080 --- [wallet] [restartedMain] org.hibernate.HQL_FUNCTIONS              : Double cot(NUMERIC arg)
2026-06-08T16:38:47.209+01:00 DEBUG 25080 --- [wallet] [restartedMain] org.hibernate.HQL_FUNCTIONS              : Long count([distinct ]{arg|*})
2026-06-08T16:38:47.209+01:00 DEBUG 25080 --- [wallet] [restartedMain] org.hibernate.HQL_FUNCTIONS              : Integer crc32(arg)
2026-06-08T16:38:47.210+01:00 DEBUG 25080 --- [wallet] [restartedMain] org.hibernate.HQL_FUNCTIONS              : Double cume_dist([arg0[, ...]])
2026-06-08T16:38:47.210+01:00 DEBUG 25080 --- [wallet] [restartedMain] org.hibernate.HQL_FUNCTIONS              : Date curdate()
2026-06-08T16:38:47.210+01:00 DEBUG 25080 --- [wallet] [restartedMain] org.hibernate.HQL_FUNCTIONS              : Date current date
2026-06-08T16:38:47.210+01:00 DEBUG 25080 --- [wallet] [restartedMain] org.hibernate.HQL_FUNCTIONS              : Time current time
2026-06-08T16:38:47.210+01:00 DEBUG 25080 --- [wallet] [restartedMain] org.hibernate.HQL_FUNCTIONS              : Timestamp current timestamp
2026-06-08T16:38:47.210+01:00 DEBUG 25080 --- [wallet] [restartedMain] org.hibernate.HQL_FUNCTIONS              : Date current_date
2026-06-08T16:38:47.211+01:00 DEBUG 25080 --- [wallet] [restartedMain] org.hibernate.HQL_FUNCTIONS              : Instant current_instant
2026-06-08T16:38:47.211+01:00 DEBUG 25080 --- [wallet] [restartedMain] org.hibernate.HQL_FUNCTIONS              : Time current_time
2026-06-08T16:38:47.211+01:00 DEBUG 25080 --- [wallet] [restartedMain] org.hibernate.HQL_FUNCTIONS              : Timestamp current_timestamp
2026-06-08T16:38:47.211+01:00 DEBUG 25080 --- [wallet] [restartedMain] org.hibernate.HQL_FUNCTIONS              : Time curtime()
2026-06-08T16:38:47.211+01:00 DEBUG 25080 --- [wallet] [restartedMain] org.hibernate.HQL_FUNCTIONS              : Date date(arg)
2026-06-08T16:38:47.211+01:00 DEBUG 25080 --- [wallet] [restartedMain] org.hibernate.HQL_FUNCTIONS              : dateadd(TEMPORAL_UNIT field, INTEGER magnitude, TEMPORAL datetime)
2026-06-08T16:38:47.211+01:00 DEBUG 25080 --- [wallet] [restartedMain] org.hibernate.HQL_FUNCTIONS              : Integer datediff(DATE end, DATE start)
2026-06-08T16:38:47.211+01:00 DEBUG 25080 --- [wallet] [restartedMain] org.hibernate.HQL_FUNCTIONS              : Integer day(DATE arg)
2026-06-08T16:38:47.213+01:00 DEBUG 25080 --- [wallet] [restartedMain] org.hibernate.HQL_FUNCTIONS              : String dayname(DATE arg)
2026-06-08T16:38:47.213+01:00 DEBUG 25080 --- [wallet] [restartedMain] org.hibernate.HQL_FUNCTIONS              : Integer dayofmonth(DATE arg)
2026-06-08T16:38:47.213+01:00 DEBUG 25080 --- [wallet] [restartedMain] org.hibernate.HQL_FUNCTIONS              : Integer dayofweek(DATE arg)
2026-06-08T16:38:47.213+01:00 DEBUG 25080 --- [wallet] [restartedMain] org.hibernate.HQL_FUNCTIONS              : Integer dayofyear(DATE arg)
2026-06-08T16:38:47.214+01:00 DEBUG 25080 --- [wallet] [restartedMain] org.hibernate.HQL_FUNCTIONS              : Double degrees(NUMERIC arg)
2026-06-08T16:38:47.214+01:00 DEBUG 25080 --- [wallet] [restartedMain] org.hibernate.HQL_FUNCTIONS              : Long dense_rank([arg0[, ...]])
2026-06-08T16:38:47.214+01:00 DEBUG 25080 --- [wallet] [restartedMain] org.hibernate.HQL_FUNCTIONS              : Boolean every(BOOLEAN arg)
2026-06-08T16:38:47.214+01:00 DEBUG 25080 --- [wallet] [restartedMain] org.hibernate.HQL_FUNCTIONS              : Double exp(NUMERIC arg)
2026-06-08T16:38:47.214+01:00 DEBUG 25080 --- [wallet] [restartedMain] org.hibernate.HQL_FUNCTIONS              : extract(TEMPORAL_UNIT field from TEMPORAL arg)
2026-06-08T16:38:47.214+01:00 DEBUG 25080 --- [wallet] [restartedMain] org.hibernate.HQL_FUNCTIONS              : first_valueANY value
2026-06-08T16:38:47.214+01:00 DEBUG 25080 --- [wallet] [restartedMain] org.hibernate.HQL_FUNCTIONS              : floor(NUMERIC arg)
2026-06-08T16:38:47.214+01:00 DEBUG 25080 --- [wallet] [restartedMain] org.hibernate.HQL_FUNCTIONS              : String format(TEMPORAL datetime as STRING pattern)
2026-06-08T16:38:47.215+01:00 DEBUG 25080 --- [wallet] [restartedMain] org.hibernate.HQL_FUNCTIONS              : greatest(COMPARABLE arg0, COMPARABLE arg1[, arg2[, ...]])
2026-06-08T16:38:47.215+01:00 DEBUG 25080 --- [wallet] [restartedMain] org.hibernate.HQL_FUNCTIONS              : Integer hour(TIME arg)
2026-06-08T16:38:47.215+01:00 DEBUG 25080 --- [wallet] [restartedMain] org.hibernate.HQL_FUNCTIONS              : ifnull(arg0, arg1)
2026-06-08T16:38:47.215+01:00 DEBUG 25080 --- [wallet] [restartedMain] org.hibernate.HQL_FUNCTIONS              : String insert(STRING string, INTEGER start, INTEGER length, STRING replacement)
2026-06-08T16:38:47.215+01:00 DEBUG 25080 --- [wallet] [restartedMain] org.hibernate.HQL_FUNCTIONS              : Instant instant
2026-06-08T16:38:47.215+01:00 DEBUG 25080 --- [wallet] [restartedMain] org.hibernate.HQL_FUNCTIONS              : Integer instr(STRING string, STRING pattern[, INTEGER start[, INTEGER occurrence]])
2026-06-08T16:38:47.215+01:00 DEBUG 25080 --- [wallet] [restartedMain] org.hibernate.HQL_FUNCTIONS              : Boolean json_valid([arg0[, ...]])
2026-06-08T16:38:47.215+01:00 DEBUG 25080 --- [wallet] [restartedMain] org.hibernate.HQL_FUNCTIONS              : lagANY value[, INTEGER offset[, ANY default]]
2026-06-08T16:38:47.215+01:00 DEBUG 25080 --- [wallet] [restartedMain] org.hibernate.HQL_FUNCTIONS              : Date last_day(DATE arg)
2026-06-08T16:38:47.215+01:00 DEBUG 25080 --- [wallet] [restartedMain] org.hibernate.HQL_FUNCTIONS              : last_valueANY value
2026-06-08T16:38:47.216+01:00 DEBUG 25080 --- [wallet] [restartedMain] org.hibernate.HQL_FUNCTIONS              : leadANY value[, INTEGER offset[, ANY default]]
2026-06-08T16:38:47.216+01:00 DEBUG 25080 --- [wallet] [restartedMain] org.hibernate.HQL_FUNCTIONS              : least(COMPARABLE arg0, COMPARABLE arg1[, arg2[, ...]])
2026-06-08T16:38:47.216+01:00 DEBUG 25080 --- [wallet] [restartedMain] org.hibernate.HQL_FUNCTIONS              : String left(STRING string, INTEGER length)
2026-06-08T16:38:47.216+01:00 DEBUG 25080 --- [wallet] [restartedMain] org.hibernate.HQL_FUNCTIONS              : Integer length(STRING_OR_CLOB arg)
2026-06-08T16:38:47.216+01:00 DEBUG 25080 --- [wallet] [restartedMain] org.hibernate.HQL_FUNCTIONS              : String listagg(STRING arg0, STRING arg1)
2026-06-08T16:38:47.217+01:00 DEBUG 25080 --- [wallet] [restartedMain] org.hibernate.HQL_FUNCTIONS              : Double ln(NUMERIC arg)
2026-06-08T16:38:47.217+01:00 DEBUG 25080 --- [wallet] [restartedMain] org.hibernate.HQL_FUNCTIONS              : LocalDate local date
2026-06-08T16:38:47.217+01:00 DEBUG 25080 --- [wallet] [restartedMain] org.hibernate.HQL_FUNCTIONS              : LocalDateTime local datetime
2026-06-08T16:38:47.217+01:00 DEBUG 25080 --- [wallet] [restartedMain] org.hibernate.HQL_FUNCTIONS              : LocalTime local time
2026-06-08T16:38:47.217+01:00 DEBUG 25080 --- [wallet] [restartedMain] org.hibernate.HQL_FUNCTIONS              : LocalDate local_date
2026-06-08T16:38:47.217+01:00 DEBUG 25080 --- [wallet] [restartedMain] org.hibernate.HQL_FUNCTIONS              : LocalDateTime local_datetime
2026-06-08T16:38:47.217+01:00 DEBUG 25080 --- [wallet] [restartedMain] org.hibernate.HQL_FUNCTIONS              : LocalTime local_time
2026-06-08T16:38:47.218+01:00 DEBUG 25080 --- [wallet] [restartedMain] org.hibernate.HQL_FUNCTIONS              : Timestamp localtime
2026-06-08T16:38:47.218+01:00 DEBUG 25080 --- [wallet] [restartedMain] org.hibernate.HQL_FUNCTIONS              : Timestamp localtimestamp
2026-06-08T16:38:47.218+01:00 DEBUG 25080 --- [wallet] [restartedMain] org.hibernate.HQL_FUNCTIONS              : Integer locate(STRING pattern, STRING string[, INTEGER start])
2026-06-08T16:38:47.218+01:00 DEBUG 25080 --- [wallet] [restartedMain] org.hibernate.HQL_FUNCTIONS              : Double log(NUMERIC arg0[, NUMERIC arg1])
2026-06-08T16:38:47.218+01:00 DEBUG 25080 --- [wallet] [restartedMain] org.hibernate.HQL_FUNCTIONS              : Double log10(NUMERIC arg)
2026-06-08T16:38:47.219+01:00 DEBUG 25080 --- [wallet] [restartedMain] org.hibernate.HQL_FUNCTIONS              : Double log2(NUMERIC arg)
2026-06-08T16:38:47.219+01:00 DEBUG 25080 --- [wallet] [restartedMain] org.hibernate.HQL_FUNCTIONS              : String lower(STRING string)
2026-06-08T16:38:47.219+01:00 DEBUG 25080 --- [wallet] [restartedMain] org.hibernate.HQL_FUNCTIONS              : String lpad(string, length[, padding])
2026-06-08T16:38:47.219+01:00 DEBUG 25080 --- [wallet] [restartedMain] org.hibernate.HQL_FUNCTIONS              : String ltrim(STRING string[, STRING characters])
2026-06-08T16:38:47.220+01:00 DEBUG 25080 --- [wallet] [restartedMain] org.hibernate.HQL_FUNCTIONS              : Date makedate(INTEGER year, INTEGER dayofyear)
2026-06-08T16:38:47.220+01:00 DEBUG 25080 --- [wallet] [restartedMain] org.hibernate.HQL_FUNCTIONS              : Time maketime(INTEGER hour, INTEGER min, INTEGER sec)
2026-06-08T16:38:47.220+01:00 DEBUG 25080 --- [wallet] [restartedMain] org.hibernate.HQL_FUNCTIONS              : max(COMPARABLE arg)
2026-06-08T16:38:47.220+01:00 DEBUG 25080 --- [wallet] [restartedMain] org.hibernate.HQL_FUNCTIONS              : String md5(arg)
2026-06-08T16:38:47.220+01:00 DEBUG 25080 --- [wallet] [restartedMain] org.hibernate.HQL_FUNCTIONS              : Double median(NUMERIC arg)
2026-06-08T16:38:47.220+01:00 DEBUG 25080 --- [wallet] [restartedMain] org.hibernate.HQL_FUNCTIONS              : Integer microsecond(TIME arg)
2026-06-08T16:38:47.220+01:00 DEBUG 25080 --- [wallet] [restartedMain] org.hibernate.HQL_FUNCTIONS              : min(COMPARABLE arg)
2026-06-08T16:38:47.220+01:00 DEBUG 25080 --- [wallet] [restartedMain] org.hibernate.HQL_FUNCTIONS              : Integer minute(TIME arg)
2026-06-08T16:38:47.220+01:00 DEBUG 25080 --- [wallet] [restartedMain] org.hibernate.HQL_FUNCTIONS              : Integer mod(INTEGER arg0, INTEGER arg1)
2026-06-08T16:38:47.220+01:00 DEBUG 25080 --- [wallet] [restartedMain] org.hibernate.HQL_FUNCTIONS              : Integer month(DATE arg)
2026-06-08T16:38:47.220+01:00 DEBUG 25080 --- [wallet] [restartedMain] org.hibernate.HQL_FUNCTIONS              : String monthname(DATE arg)
2026-06-08T16:38:47.220+01:00 DEBUG 25080 --- [wallet] [restartedMain] org.hibernate.HQL_FUNCTIONS              : Timestamp now()
2026-06-08T16:38:47.220+01:00 DEBUG 25080 --- [wallet] [restartedMain] org.hibernate.HQL_FUNCTIONS              : nth_valueANY value, INTEGER nth
2026-06-08T16:38:47.220+01:00 DEBUG 25080 --- [wallet] [restartedMain] org.hibernate.HQL_FUNCTIONS              : nullif(arg0, arg1)
2026-06-08T16:38:47.221+01:00 DEBUG 25080 --- [wallet] [restartedMain] org.hibernate.HQL_FUNCTIONS              : Integer octet_length(STRING_OR_CLOB arg)
2026-06-08T16:38:47.221+01:00 DEBUG 25080 --- [wallet] [restartedMain] org.hibernate.HQL_FUNCTIONS              : OffsetDateTime offset datetime
2026-06-08T16:38:47.221+01:00 DEBUG 25080 --- [wallet] [restartedMain] org.hibernate.HQL_FUNCTIONS              : OffsetDateTime offset_datetime
2026-06-08T16:38:47.221+01:00 DEBUG 25080 --- [wallet] [restartedMain] org.hibernate.HQL_FUNCTIONS              : String overlay(STRING string placing STRING replacement from INTEGER start[ for INTEGER length])
2026-06-08T16:38:47.221+01:00 DEBUG 25080 --- [wallet] [restartedMain] org.hibernate.HQL_FUNCTIONS              : String pad(STRING string with INTEGER length {leading|trailing}[ STRING character])
2026-06-08T16:38:47.221+01:00 DEBUG 25080 --- [wallet] [restartedMain] org.hibernate.HQL_FUNCTIONS              : Double percent_rank([arg0[, ...]])
2026-06-08T16:38:47.221+01:00 DEBUG 25080 --- [wallet] [restartedMain] org.hibernate.HQL_FUNCTIONS              : percentile_cont(NUMERIC arg)
2026-06-08T16:38:47.221+01:00 DEBUG 25080 --- [wallet] [restartedMain] org.hibernate.HQL_FUNCTIONS              : percentile_disc(NUMERIC arg)
2026-06-08T16:38:47.221+01:00 DEBUG 25080 --- [wallet] [restartedMain] org.hibernate.HQL_FUNCTIONS              : Double pi
2026-06-08T16:38:47.221+01:00 DEBUG 25080 --- [wallet] [restartedMain] org.hibernate.HQL_FUNCTIONS              : Integer position(STRING pattern in STRING string)
2026-06-08T16:38:47.222+01:00 DEBUG 25080 --- [wallet] [restartedMain] org.hibernate.HQL_FUNCTIONS              : Double power(NUMERIC arg0, NUMERIC arg1)
2026-06-08T16:38:47.222+01:00 DEBUG 25080 --- [wallet] [restartedMain] org.hibernate.HQL_FUNCTIONS              : Integer quarter(DATE arg)
2026-06-08T16:38:47.222+01:00 DEBUG 25080 --- [wallet] [restartedMain] org.hibernate.HQL_FUNCTIONS              : Double radians(NUMERIC arg)
2026-06-08T16:38:47.222+01:00 DEBUG 25080 --- [wallet] [restartedMain] org.hibernate.HQL_FUNCTIONS              : Double rand([INTEGER seed])
2026-06-08T16:38:47.222+01:00 DEBUG 25080 --- [wallet] [restartedMain] org.hibernate.HQL_FUNCTIONS              : Long rank([arg0[, ...]])
2026-06-08T16:38:47.222+01:00 DEBUG 25080 --- [wallet] [restartedMain] org.hibernate.HQL_FUNCTIONS              : String repeat(STRING string, INTEGER times)
2026-06-08T16:38:47.222+01:00 DEBUG 25080 --- [wallet] [restartedMain] org.hibernate.HQL_FUNCTIONS              : String replace(STRING string, STRING pattern, STRING replacement)
2026-06-08T16:38:47.222+01:00 DEBUG 25080 --- [wallet] [restartedMain] org.hibernate.HQL_FUNCTIONS              : String reverse(STRING arg)
2026-06-08T16:38:47.223+01:00 DEBUG 25080 --- [wallet] [restartedMain] org.hibernate.HQL_FUNCTIONS              : String right(STRING string, INTEGER length)
2026-06-08T16:38:47.223+01:00 DEBUG 25080 --- [wallet] [restartedMain] org.hibernate.HQL_FUNCTIONS              : round(NUMERIC number[, INTEGER places])
2026-06-08T16:38:47.223+01:00 DEBUG 25080 --- [wallet] [restartedMain] org.hibernate.HQL_FUNCTIONS              : Long row_number()
2026-06-08T16:38:47.223+01:00 DEBUG 25080 --- [wallet] [restartedMain] org.hibernate.HQL_FUNCTIONS              : String rpad(string, length[, padding])
2026-06-08T16:38:47.223+01:00 DEBUG 25080 --- [wallet] [restartedMain] org.hibernate.HQL_FUNCTIONS              : String rtrim(STRING string[, STRING characters])
2026-06-08T16:38:47.223+01:00 DEBUG 25080 --- [wallet] [restartedMain] org.hibernate.HQL_FUNCTIONS              : Integer second(TIME arg)
2026-06-08T16:38:47.223+01:00 DEBUG 25080 --- [wallet] [restartedMain] org.hibernate.HQL_FUNCTIONS              : String sha(arg)
2026-06-08T16:38:47.223+01:00 DEBUG 25080 --- [wallet] [restartedMain] org.hibernate.HQL_FUNCTIONS              : String sha1(arg)
2026-06-08T16:38:47.223+01:00 DEBUG 25080 --- [wallet] [restartedMain] org.hibernate.HQL_FUNCTIONS              : String sha2(arg0, arg1)
2026-06-08T16:38:47.223+01:00 DEBUG 25080 --- [wallet] [restartedMain] org.hibernate.HQL_FUNCTIONS              : Integer sign(NUMERIC arg)
2026-06-08T16:38:47.223+01:00 DEBUG 25080 --- [wallet] [restartedMain] org.hibernate.HQL_FUNCTIONS              : Double sin(NUMERIC arg)
2026-06-08T16:38:47.223+01:00 DEBUG 25080 --- [wallet] [restartedMain] org.hibernate.HQL_FUNCTIONS              : Double sinh(NUMERIC arg)
2026-06-08T16:38:47.223+01:00 DEBUG 25080 --- [wallet] [restartedMain] org.hibernate.HQL_FUNCTIONS              : String soundex(arg)
2026-06-08T16:38:47.223+01:00 DEBUG 25080 --- [wallet] [restartedMain] org.hibernate.HQL_FUNCTIONS              : String space(INTEGER arg)
2026-06-08T16:38:47.223+01:00 DEBUG 25080 --- [wallet] [restartedMain] org.hibernate.HQL_FUNCTIONS              : Object sql
2026-06-08T16:38:47.223+01:00 DEBUG 25080 --- [wallet] [restartedMain] org.hibernate.HQL_FUNCTIONS              : Double sqrt(NUMERIC arg)
2026-06-08T16:38:47.223+01:00 DEBUG 25080 --- [wallet] [restartedMain] org.hibernate.HQL_FUNCTIONS              : Double stddev(NUMERIC arg)
2026-06-08T16:38:47.223+01:00 DEBUG 25080 --- [wallet] [restartedMain] org.hibernate.HQL_FUNCTIONS              : Double stddev_pop(NUMERIC arg)
2026-06-08T16:38:47.223+01:00 DEBUG 25080 --- [wallet] [restartedMain] org.hibernate.HQL_FUNCTIONS              : Double stddev_samp(NUMERIC arg)
2026-06-08T16:38:47.223+01:00 DEBUG 25080 --- [wallet] [restartedMain] org.hibernate.HQL_FUNCTIONS              : String str(arg)
2026-06-08T16:38:47.223+01:00 DEBUG 25080 --- [wallet] [restartedMain] org.hibernate.HQL_FUNCTIONS              : subdate(DATE datetime, INTEGER days)
2026-06-08T16:38:47.223+01:00 DEBUG 25080 --- [wallet] [restartedMain] org.hibernate.HQL_FUNCTIONS              : String substr(STRING string, INTEGER start[, INTEGER length])
2026-06-08T16:38:47.223+01:00 DEBUG 25080 --- [wallet] [restartedMain] org.hibernate.HQL_FUNCTIONS              : String substring(STRING string{ from|,} INTEGER start[{ for|,} INTEGER length])
2026-06-08T16:38:47.223+01:00 DEBUG 25080 --- [wallet] [restartedMain] org.hibernate.HQL_FUNCTIONS              : subtime(TIME datetime, TIME time)
2026-06-08T16:38:47.223+01:00 DEBUG 25080 --- [wallet] [restartedMain] org.hibernate.HQL_FUNCTIONS              : sum(arg)
2026-06-08T16:38:47.223+01:00 DEBUG 25080 --- [wallet] [restartedMain] org.hibernate.HQL_FUNCTIONS              : Timestamp sysdate()
2026-06-08T16:38:47.225+01:00 DEBUG 25080 --- [wallet] [restartedMain] org.hibernate.HQL_FUNCTIONS              : Double tan(NUMERIC arg)
2026-06-08T16:38:47.225+01:00 DEBUG 25080 --- [wallet] [restartedMain] org.hibernate.HQL_FUNCTIONS              : Double tanh(NUMERIC arg)
2026-06-08T16:38:47.225+01:00 DEBUG 25080 --- [wallet] [restartedMain] org.hibernate.HQL_FUNCTIONS              : String time(arg)
2026-06-08T16:38:47.225+01:00 DEBUG 25080 --- [wallet] [restartedMain] org.hibernate.HQL_FUNCTIONS              : Timestamp timestamp(arg0[, arg1])
2026-06-08T16:38:47.225+01:00 DEBUG 25080 --- [wallet] [restartedMain] org.hibernate.HQL_FUNCTIONS              : timestampadd(TEMPORAL_UNIT field, INTEGER magnitude, TEMPORAL datetime)
2026-06-08T16:38:47.226+01:00 DEBUG 25080 --- [wallet] [restartedMain] org.hibernate.HQL_FUNCTIONS              : Long|Double timestampdiff(TEMPORAL_UNIT field, TEMPORAL start, TEMPORAL end)
2026-06-08T16:38:47.226+01:00 DEBUG 25080 --- [wallet] [restartedMain] org.hibernate.HQL_FUNCTIONS              : String trim([[{leading|trailing|both} ][STRING arg0 ]from] STRING arg1)
2026-06-08T16:38:47.226+01:00 DEBUG 25080 --- [wallet] [restartedMain] org.hibernate.HQL_FUNCTIONS              : trunc( ... )
2026-06-08T16:38:47.226+01:00 DEBUG 25080 --- [wallet] [restartedMain] org.hibernate.HQL_FUNCTIONS              : truncate( ... )
2026-06-08T16:38:47.226+01:00 DEBUG 25080 --- [wallet] [restartedMain] org.hibernate.HQL_FUNCTIONS              : String upper(STRING string)
2026-06-08T16:38:47.227+01:00 DEBUG 25080 --- [wallet] [restartedMain] org.hibernate.HQL_FUNCTIONS              : Date utc_date
2026-06-08T16:38:47.227+01:00 DEBUG 25080 --- [wallet] [restartedMain] org.hibernate.HQL_FUNCTIONS              : Time utc_time
2026-06-08T16:38:47.227+01:00 DEBUG 25080 --- [wallet] [restartedMain] org.hibernate.HQL_FUNCTIONS              : Timestamp utc_timestamp
2026-06-08T16:38:47.227+01:00 DEBUG 25080 --- [wallet] [restartedMain] org.hibernate.HQL_FUNCTIONS              : Double var_pop(NUMERIC arg)
2026-06-08T16:38:47.227+01:00 DEBUG 25080 --- [wallet] [restartedMain] org.hibernate.HQL_FUNCTIONS              : Double var_samp(NUMERIC arg)
2026-06-08T16:38:47.227+01:00 DEBUG 25080 --- [wallet] [restartedMain] org.hibernate.HQL_FUNCTIONS              : Double variance(NUMERIC arg)
2026-06-08T16:38:47.227+01:00 DEBUG 25080 --- [wallet] [restartedMain] org.hibernate.HQL_FUNCTIONS              : Integer week(DATE arg)
2026-06-08T16:38:47.227+01:00 DEBUG 25080 --- [wallet] [restartedMain] org.hibernate.HQL_FUNCTIONS              : Integer year(DATE arg)
2026-06-08T16:38:47.233+01:00 DEBUG 25080 --- [wallet] [restartedMain] org.hibernate.orm.query.plan.cache       : Starting QueryInterpretationCache(2048)
2026-06-08T16:38:47.300+01:00 DEBUG 25080 --- [wallet] [restartedMain] .h.s.i.SessionFactoryServiceRegistryImpl : EventListenerRegistry access via ServiceRegistry is deprecated.  Use `sessionFactory.getEventEngine().getListenerRegistry()` instead
2026-06-08T16:38:47.302+01:00 DEBUG 25080 --- [wallet] [restartedMain] h.e.i.EntityCopyObserverFactoryInitiator : Configured EntityCopyObserver strategy: disallow
2026-06-08T16:38:47.383+01:00 DEBUG 25080 --- [wallet] [restartedMain] o.h.boot.internal.ClassLoaderAccessImpl  : Not known whether passed class name [com.example.wallet.Entities.Operation] is safe
2026-06-08T16:38:47.383+01:00 DEBUG 25080 --- [wallet] [restartedMain] o.h.boot.internal.ClassLoaderAccessImpl  : No temp ClassLoader provided; using live ClassLoader for loading potentially unsafe class : com.example.wallet.Entities.Operation
2026-06-08T16:38:47.537+01:00 DEBUG 25080 --- [wallet] [restartedMain] o.h.b.i.bytebuddy.BytecodeProviderImpl   : HHH000513: Unable to create the ReflectionOptimizer for [com.example.wallet.Entities.Operation]: private accessor [amount]
2026-06-08T16:38:47.569+01:00 DEBUG 25080 --- [wallet] [restartedMain] o.h.boot.internal.ClassLoaderAccessImpl  : Not known whether passed class name [com.example.wallet.Entities.User] is safe
2026-06-08T16:38:47.569+01:00 DEBUG 25080 --- [wallet] [restartedMain] o.h.boot.internal.ClassLoaderAccessImpl  : No temp ClassLoader provided; using live ClassLoader for loading potentially unsafe class : com.example.wallet.Entities.User
2026-06-08T16:38:47.583+01:00 DEBUG 25080 --- [wallet] [restartedMain] o.h.b.i.bytebuddy.BytecodeProviderImpl   : HHH000513: Unable to create the ReflectionOptimizer for [com.example.wallet.Entities.User]: private accessor [Password]
2026-06-08T16:38:47.603+01:00 DEBUG 25080 --- [wallet] [restartedMain] o.hibernate.orm.model.mapping.creation   : Starting post-init callbacks
2026-06-08T16:38:47.603+01:00 DEBUG 25080 --- [wallet] [restartedMain] o.hibernate.orm.model.mapping.creation   : Starting PostInitCallbackEntry : Entity(com.example.wallet.Entities.Operation) `staticFetchableList` generator
2026-06-08T16:38:47.603+01:00 DEBUG 25080 --- [wallet] [restartedMain] o.hibernate.orm.model.mapping.creation   : Starting PostInitCallbackEntry : Entity(com.example.wallet.Entities.User) `staticFetchableList` generator
2026-06-08T16:38:47.683+01:00 DEBUG 25080 --- [wallet] [restartedMain] org.hibernate.orm.sql.ast.create         : Created new SQL alias : o1_0
2026-06-08T16:38:47.683+01:00 DEBUG 25080 --- [wallet] [restartedMain] org.hibernate.orm.sql.ast.create         : Registration of TableGroup [StandardTableGroup(com.example.wallet.Entities.Operation)] with identifierForTableGroup [com.example.wallet.Entities.Operation] for NavigablePath [com.example.wallet.Entities.Operation] 
2026-06-08T16:38:47.699+01:00 DEBUG 25080 --- [wallet] [restartedMain] org.hibernate.orm.results.graph.AST      : DomainResult Graph:
 \-EntityResultImpl [com.example.wallet.Entities.Operation]
 |  +-BasicFetch [com.example.wallet.Entities.Operation.amount]
 |  +-BasicFetch [com.example.wallet.Entities.Operation.category]
 |  +-BasicFetch [com.example.wallet.Entities.Operation.createdAt]
 |  +-BasicFetch [com.example.wallet.Entities.Operation.operationType]
 |  \-BasicFetch [com.example.wallet.Entities.Operation.updatedAt]

2026-06-08T16:38:47.702+01:00 DEBUG 25080 --- [wallet] [restartedMain] org.hibernate.orm.sql.ast.tree           : SQL AST Tree:
    SelectStatement {
      FromClause {
        StandardTableGroup (o1 : com.example.wallet.Entities.Operation) {
          primaryTableReference : operation as o1_0
        }
      }
    }

2026-06-08T16:38:47.710+01:00 DEBUG 25080 --- [wallet] [restartedMain] o.h.p.entity.AbstractEntityPersister     : Static SQL for entity: com.example.wallet.Entities.Operation
2026-06-08T16:38:47.710+01:00 DEBUG 25080 --- [wallet] [restartedMain] o.h.p.entity.AbstractEntityPersister     :  Version select: select operation_id from operation where operation_id=?
2026-06-08T16:38:47.710+01:00 DEBUG 25080 --- [wallet] [restartedMain] o.h.p.entity.AbstractEntityPersister     :  Insert (0): insert into operation (amount,category,created_at,operation_type,updated_at) values (?,?,?,?,?)
2026-06-08T16:38:47.710+01:00 DEBUG 25080 --- [wallet] [restartedMain] o.h.p.entity.AbstractEntityPersister     :  Update (0): update operation set amount=?,category=?,created_at=?,operation_type=?,updated_at=? where operation_id=?
2026-06-08T16:38:47.710+01:00 DEBUG 25080 --- [wallet] [restartedMain] o.h.p.entity.AbstractEntityPersister     :  Delete (0): delete from operation where operation_id=?
2026-06-08T16:38:47.710+01:00 DEBUG 25080 --- [wallet] [restartedMain] org.hibernate.orm.sql.ast.create         : Created new SQL alias : u1_0
2026-06-08T16:38:47.710+01:00 DEBUG 25080 --- [wallet] [restartedMain] org.hibernate.orm.sql.ast.create         : Registration of TableGroup [StandardTableGroup(com.example.wallet.Entities.User)] with identifierForTableGroup [com.example.wallet.Entities.User] for NavigablePath [com.example.wallet.Entities.User] 
2026-06-08T16:38:47.711+01:00 DEBUG 25080 --- [wallet] [restartedMain] org.hibernate.orm.results.graph.AST      : DomainResult Graph:
 \-EntityResultImpl [com.example.wallet.Entities.User]
 |  +-BasicFetch [com.example.wallet.Entities.User.Password]
 |  \-BasicFetch [com.example.wallet.Entities.User.username]

2026-06-08T16:38:47.711+01:00 DEBUG 25080 --- [wallet] [restartedMain] org.hibernate.orm.sql.ast.tree           : SQL AST Tree:
    SelectStatement {
      FromClause {
        StandardTableGroup (u1 : com.example.wallet.Entities.User) {
          primaryTableReference : user as u1_0
        }
      }
    }

2026-06-08T16:38:47.711+01:00 DEBUG 25080 --- [wallet] [restartedMain] o.h.p.entity.AbstractEntityPersister     : Static SQL for entity: com.example.wallet.Entities.User
2026-06-08T16:38:47.711+01:00 DEBUG 25080 --- [wallet] [restartedMain] o.h.p.entity.AbstractEntityPersister     :  Version select: select user_id from user where user_id=?
2026-06-08T16:38:47.711+01:00 DEBUG 25080 --- [wallet] [restartedMain] o.h.p.entity.AbstractEntityPersister     :  Insert (0): insert into user (password,username) values (?,?)
2026-06-08T16:38:47.711+01:00 DEBUG 25080 --- [wallet] [restartedMain] o.h.p.entity.AbstractEntityPersister     :  Update (0): update user set password=?,username=? where user_id=?
2026-06-08T16:38:47.711+01:00 DEBUG 25080 --- [wallet] [restartedMain] o.h.p.entity.AbstractEntityPersister     :  Delete (0): delete from user where user_id=?
2026-06-08T16:38:47.737+01:00  INFO 25080 --- [wallet] [restartedMain] o.h.e.t.j.p.i.JtaPlatformInitiator       : HHH000489: No JTA platform available (set 'hibernate.transaction.jta.platform' to enable JTA platform integration)
2026-06-08T16:38:47.737+01:00 DEBUG 25080 --- [wallet] [restartedMain] o.h.type.spi.TypeConfiguration$Scope     : Scoping TypeConfiguration [org.hibernate.type.spi.TypeConfiguration@7a3fb1db] to SessionFactoryImplementor [org.hibernate.internal.SessionFactoryImpl@559e3bc]
2026-06-08T16:38:47.738+01:00 DEBUG 25080 --- [wallet] [restartedMain] o.h.query.named.NamedObjectRepository    : Checking 0 named HQL queries
2026-06-08T16:38:47.739+01:00 DEBUG 25080 --- [wallet] [restartedMain] o.h.query.named.NamedObjectRepository    : Checking 0 named SQL queries
2026-06-08T16:38:47.739+01:00 DEBUG 25080 --- [wallet] [restartedMain] .h.t.s.s.SchemaManagementToolCoordinator : No schema actions specified for contributor `orm`; doing nothing
2026-06-08T16:38:47.739+01:00 DEBUG 25080 --- [wallet] [restartedMain] .h.t.s.s.SchemaManagementToolCoordinator : No actions found; doing nothing
2026-06-08T16:38:47.740+01:00 DEBUG 25080 --- [wallet] [restartedMain] o.h.internal.SessionFactoryRegistry      : Initializing SessionFactoryRegistry : org.hibernate.internal.SessionFactoryRegistry@2f032781
2026-06-08T16:38:47.741+01:00 DEBUG 25080 --- [wallet] [restartedMain] o.h.internal.SessionFactoryRegistry      : Registering SessionFactory: b80830f9-7145-4c26-9722-8003f02bbb36 (<unnamed>)
2026-06-08T16:38:47.741+01:00 DEBUG 25080 --- [wallet] [restartedMain] o.h.internal.SessionFactoryRegistry      : Not binding SessionFactory to JNDI, no JNDI name configured
2026-06-08T16:38:47.741+01:00 DEBUG 25080 --- [wallet] [restartedMain] o.hibernate.internal.SessionFactoryImpl  : Instantiated SessionFactory
2026-06-08T16:38:47.741+01:00  INFO 25080 --- [wallet] [restartedMain] j.LocalContainerEntityManagerFactoryBean : Initialized JPA EntityManagerFactory for persistence unit 'default'
2026-06-08T16:38:47.924+01:00 DEBUG 25080 --- [wallet] [restartedMain] o.h.stat.internal.StatisticsInitiator    : Statistics initialized [enabled=false]
2026-06-08T16:38:48.094+01:00 DEBUG 25080 --- [wallet] [restartedMain] cResourceLocalTransactionCoordinatorImpl : JDBC transaction marked for rollback-only (exception provided for stack trace)

java.lang.Exception: exception just for purpose of providing stack trace
	at org.hibernate.resource.transaction.backend.jdbc.internal.JdbcResourceLocalTransactionCoordinatorImpl$TransactionDriverControlImpl.markRollbackOnly(JdbcResourceLocalTransactionCoordinatorImpl.java:309) ~[hibernate-core-6.6.2.Final.jar:6.6.2.Final]
	at org.hibernate.internal.AbstractSharedSessionContract.buildNamedQuery(AbstractSharedSessionContract.java:1138) ~[hibernate-core-6.6.2.Final.jar:6.6.2.Final]
	at org.hibernate.internal.AbstractSharedSessionContract.createNamedQuery(AbstractSharedSessionContract.java:1016) ~[hibernate-core-6.6.2.Final.jar:6.6.2.Final]
	at org.hibernate.internal.AbstractSharedSessionContract.createNamedQuery(AbstractSharedSessionContract.java:142) ~[hibernate-core-6.6.2.Final.jar:6.6.2.Final]
	at java.base/jdk.internal.reflect.NativeMethodAccessorImpl.invoke0(Native Method) ~[na:na]
	at java.base/jdk.internal.reflect.NativeMethodAccessorImpl.invoke(NativeMethodAccessorImpl.java:77) ~[na:na]
	at java.base/jdk.internal.reflect.DelegatingMethodAccessorImpl.invoke(DelegatingMethodAccessorImpl.java:43) ~[na:na]
	at java.base/java.lang.reflect.Method.invoke(Method.java:568) ~[na:na]
	at org.springframework.orm.jpa.ExtendedEntityManagerCreator$ExtendedEntityManagerInvocationHandler.invoke(ExtendedEntityManagerCreator.java:364) ~[spring-orm-6.2.0.jar:6.2.0]
	at jdk.proxy4/jdk.proxy4.$Proxy116.createNamedQuery(Unknown Source) ~[na:na]
	at org.springframework.data.jpa.repository.query.NamedQuery.hasNamedQuery(NamedQuery.java:113) ~[spring-data-jpa-3.4.0.jar:3.4.0]
	at org.springframework.data.jpa.repository.query.NamedQuery.lookupFrom(NamedQuery.java:139) ~[spring-data-jpa-3.4.0.jar:3.4.0]
	at org.springframework.data.jpa.repository.query.JpaQueryLookupStrategy$DeclaredQueryLookupStrategy.resolveQuery(JpaQueryLookupStrategy.java:184) ~[spring-data-jpa-3.4.0.jar:3.4.0]
	at org.springframework.data.jpa.repository.query.JpaQueryLookupStrategy$CreateIfNotFoundQueryLookupStrategy.resolveQuery(JpaQueryLookupStrategy.java:256) ~[spring-data-jpa-3.4.0.jar:3.4.0]
	at org.springframework.data.jpa.repository.query.JpaQueryLookupStrategy$AbstractQueryLookupStrategy.resolveQuery(JpaQueryLookupStrategy.java:99) ~[spring-data-jpa-3.4.0.jar:3.4.0]
	at org.springframework.data.repository.core.support.QueryExecutorMethodInterceptor.lookupQuery(QueryExecutorMethodInterceptor.java:116) ~[spring-data-commons-3.4.0.jar:3.4.0]
	at org.springframework.data.repository.core.support.QueryExecutorMethodInterceptor.mapMethodsToQuery(QueryExecutorMethodInterceptor.java:104) ~[spring-data-commons-3.4.0.jar:3.4.0]
	at org.springframework.data.repository.core.support.QueryExecutorMethodInterceptor.lambda$new$0(QueryExecutorMethodInterceptor.java:92) ~[spring-data-commons-3.4.0.jar:3.4.0]
	at java.base/java.util.Optional.map(Optional.java:260) ~[na:na]
	at org.springframework.data.repository.core.support.QueryExecutorMethodInterceptor.<init>(QueryExecutorMethodInterceptor.java:92) ~[spring-data-commons-3.4.0.jar:3.4.0]
	at org.springframework.data.repository.core.support.RepositoryFactorySupport.getRepository(RepositoryFactorySupport.java:440) ~[spring-data-commons-3.4.0.jar:3.4.0]
	at org.springframework.data.repository.core.support.RepositoryFactoryBeanSupport.lambda$afterPropertiesSet$4(RepositoryFactoryBeanSupport.java:350) ~[spring-data-commons-3.4.0.jar:3.4.0]
	at org.springframework.data.util.Lazy.getNullable(Lazy.java:135) ~[spring-data-commons-3.4.0.jar:3.4.0]
	at org.springframework.data.util.Lazy.get(Lazy.java:113) ~[spring-data-commons-3.4.0.jar:3.4.0]
	at org.springframework.data.repository.core.support.RepositoryFactoryBeanSupport.afterPropertiesSet(RepositoryFactoryBeanSupport.java:356) ~[spring-data-commons-3.4.0.jar:3.4.0]
	at org.springframework.data.jpa.repository.support.JpaRepositoryFactoryBean.afterPropertiesSet(JpaRepositoryFactoryBean.java:132) ~[spring-data-jpa-3.4.0.jar:3.4.0]
	at org.springframework.beans.factory.support.AbstractAutowireCapableBeanFactory.invokeInitMethods(AbstractAutowireCapableBeanFactory.java:1849) ~[spring-beans-6.2.0.jar:6.2.0]
	at org.springframework.beans.factory.support.AbstractAutowireCapableBeanFactory.initializeBean(AbstractAutowireCapableBeanFactory.java:1798) ~[spring-beans-6.2.0.jar:6.2.0]
	at org.springframework.beans.factory.support.AbstractAutowireCapableBeanFactory.doCreateBean(AbstractAutowireCapableBeanFactory.java:601) ~[spring-beans-6.2.0.jar:6.2.0]
	at org.springframework.beans.factory.support.AbstractAutowireCapableBeanFactory.createBean(AbstractAutowireCapableBeanFactory.java:523) ~[spring-beans-6.2.0.jar:6.2.0]
	at org.springframework.beans.factory.support.AbstractBeanFactory.lambda$doGetBean$0(AbstractBeanFactory.java:336) ~[spring-beans-6.2.0.jar:6.2.0]
	at org.springframework.beans.factory.support.DefaultSingletonBeanRegistry.getSingleton(DefaultSingletonBeanRegistry.java:288) ~[spring-beans-6.2.0.jar:6.2.0]
	at org.springframework.beans.factory.support.AbstractBeanFactory.doGetBean(AbstractBeanFactory.java:334) ~[spring-beans-6.2.0.jar:6.2.0]
	at org.springframework.beans.factory.support.AbstractBeanFactory.getBean(AbstractBeanFactory.java:199) ~[spring-beans-6.2.0.jar:6.2.0]
	at org.springframework.beans.factory.support.DefaultListableBeanFactory.doResolveDependency(DefaultListableBeanFactory.java:1568) ~[spring-beans-6.2.0.jar:6.2.0]
	at org.springframework.beans.factory.support.DefaultListableBeanFactory.resolveDependency(DefaultListableBeanFactory.java:1514) ~[spring-beans-6.2.0.jar:6.2.0]
	at org.springframework.beans.factory.support.ConstructorResolver.resolveAutowiredArgument(ConstructorResolver.java:913) ~[spring-beans-6.2.0.jar:6.2.0]
	at org.springframework.beans.factory.support.ConstructorResolver.createArgumentArray(ConstructorResolver.java:791) ~[spring-beans-6.2.0.jar:6.2.0]
	at org.springframework.beans.factory.support.ConstructorResolver.autowireConstructor(ConstructorResolver.java:240) ~[spring-beans-6.2.0.jar:6.2.0]
	at org.springframework.beans.factory.support.AbstractAutowireCapableBeanFactory.autowireConstructor(AbstractAutowireCapableBeanFactory.java:1371) ~[spring-beans-6.2.0.jar:6.2.0]
	at org.springframework.beans.factory.support.AbstractAutowireCapableBeanFactory.createBeanInstance(AbstractAutowireCapableBeanFactory.java:1208) ~[spring-beans-6.2.0.jar:6.2.0]
	at org.springframework.beans.factory.support.AbstractAutowireCapableBeanFactory.doCreateBean(AbstractAutowireCapableBeanFactory.java:563) ~[spring-beans-6.2.0.jar:6.2.0]
	at org.springframework.beans.factory.support.AbstractAutowireCapableBeanFactory.createBean(AbstractAutowireCapableBeanFactory.java:523) ~[spring-beans-6.2.0.jar:6.2.0]
	at org.springframework.beans.factory.support.AbstractBeanFactory.lambda$doGetBean$0(AbstractBeanFactory.java:336) ~[spring-beans-6.2.0.jar:6.2.0]
	at org.springframework.beans.factory.support.DefaultSingletonBeanRegistry.getSingleton(DefaultSingletonBeanRegistry.java:288) ~[spring-beans-6.2.0.jar:6.2.0]
	at org.springframework.beans.factory.support.AbstractBeanFactory.doGetBean(AbstractBeanFactory.java:334) ~[spring-beans-6.2.0.jar:6.2.0]
	at org.springframework.beans.factory.support.AbstractBeanFactory.getBean(AbstractBeanFactory.java:199) ~[spring-beans-6.2.0.jar:6.2.0]
	at org.springframework.beans.factory.config.DependencyDescriptor.resolveCandidate(DependencyDescriptor.java:254) ~[spring-beans-6.2.0.jar:6.2.0]
	at org.springframework.beans.factory.support.DefaultListableBeanFactory.doResolveDependency(DefaultListableBeanFactory.java:1626) ~[spring-beans-6.2.0.jar:6.2.0]
	at org.springframework.beans.factory.support.DefaultListableBeanFactory.resolveDependency(DefaultListableBeanFactory.java:1514) ~[spring-beans-6.2.0.jar:6.2.0]
	at org.springframework.beans.factory.support.ConstructorResolver.resolveAutowiredArgument(ConstructorResolver.java:913) ~[spring-beans-6.2.0.jar:6.2.0]
	at org.springframework.beans.factory.support.ConstructorResolver.createArgumentArray(ConstructorResolver.java:791) ~[spring-beans-6.2.0.jar:6.2.0]
	at org.springframework.beans.factory.support.ConstructorResolver.autowireConstructor(ConstructorResolver.java:240) ~[spring-beans-6.2.0.jar:6.2.0]
	at org.springframework.beans.factory.support.AbstractAutowireCapableBeanFactory.autowireConstructor(AbstractAutowireCapableBeanFactory.java:1371) ~[spring-beans-6.2.0.jar:6.2.0]
	at org.springframework.beans.factory.support.AbstractAutowireCapableBeanFactory.createBeanInstance(AbstractAutowireCapableBeanFactory.java:1208) ~[spring-beans-6.2.0.jar:6.2.0]
	at org.springframework.beans.factory.support.AbstractAutowireCapableBeanFactory.doCreateBean(AbstractAutowireCapableBeanFactory.java:563) ~[spring-beans-6.2.0.jar:6.2.0]
	at org.springframework.beans.factory.support.AbstractAutowireCapableBeanFactory.createBean(AbstractAutowireCapableBeanFactory.java:523) ~[spring-beans-6.2.0.jar:6.2.0]
	at org.springframework.beans.factory.support.AbstractBeanFactory.lambda$doGetBean$0(AbstractBeanFactory.java:336) ~[spring-beans-6.2.0.jar:6.2.0]
	at org.springframework.beans.factory.support.DefaultSingletonBeanRegistry.getSingleton(DefaultSingletonBeanRegistry.java:288) ~[spring-beans-6.2.0.jar:6.2.0]
	at org.springframework.beans.factory.support.AbstractBeanFactory.doGetBean(AbstractBeanFactory.java:334) ~[spring-beans-6.2.0.jar:6.2.0]
	at org.springframework.beans.factory.support.AbstractBeanFactory.getBean(AbstractBeanFactory.java:199) ~[spring-beans-6.2.0.jar:6.2.0]
	at org.springframework.beans.factory.support.DefaultListableBeanFactory.instantiateSingleton(DefaultListableBeanFactory.java:1122) ~[spring-beans-6.2.0.jar:6.2.0]
	at org.springframework.beans.factory.support.DefaultListableBeanFactory.preInstantiateSingleton(DefaultListableBeanFactory.java:1093) ~[spring-beans-6.2.0.jar:6.2.0]
	at org.springframework.beans.factory.support.DefaultListableBeanFactory.preInstantiateSingletons(DefaultListableBeanFactory.java:1030) ~[spring-beans-6.2.0.jar:6.2.0]
	at org.springframework.context.support.AbstractApplicationContext.finishBeanFactoryInitialization(AbstractApplicationContext.java:987) ~[spring-context-6.2.0.jar:6.2.0]
	at org.springframework.context.support.AbstractApplicationContext.refresh(AbstractApplicationContext.java:627) ~[spring-context-6.2.0.jar:6.2.0]
	at org.springframework.boot.web.servlet.context.ServletWebServerApplicationContext.refresh(ServletWebServerApplicationContext.java:146) ~[spring-boot-3.4.0-SNAPSHOT.jar:3.4.0-SNAPSHOT]
	at org.springframework.boot.SpringApplication.refresh(SpringApplication.java:752) ~[spring-boot-3.4.0-SNAPSHOT.jar:3.4.0-SNAPSHOT]
	at org.springframework.boot.SpringApplication.refreshContext(SpringApplication.java:439) ~[spring-boot-3.4.0-SNAPSHOT.jar:3.4.0-SNAPSHOT]
	at org.springframework.boot.SpringApplication.run(SpringApplication.java:318) ~[spring-boot-3.4.0-SNAPSHOT.jar:3.4.0-SNAPSHOT]
	at org.springframework.boot.SpringApplication.run(SpringApplication.java:1361) ~[spring-boot-3.4.0-SNAPSHOT.jar:3.4.0-SNAPSHOT]
	at org.springframework.boot.SpringApplication.run(SpringApplication.java:1350) ~[spring-boot-3.4.0-SNAPSHOT.jar:3.4.0-SNAPSHOT]
	at com.example.wallet.WalletApplication.main(WalletApplication.java:15) ~[classes/:na]
	at java.base/jdk.internal.reflect.NativeMethodAccessorImpl.invoke0(Native Method) ~[na:na]
	at java.base/jdk.internal.reflect.NativeMethodAccessorImpl.invoke(NativeMethodAccessorImpl.java:77) ~[na:na]
	at java.base/jdk.internal.reflect.DelegatingMethodAccessorImpl.invoke(DelegatingMethodAccessorImpl.java:43) ~[na:na]
	at java.base/java.lang.reflect.Method.invoke(Method.java:568) ~[na:na]
	at org.springframework.boot.devtools.restart.RestartLauncher.run(RestartLauncher.java:50) ~[spring-boot-devtools-3.4.0-SNAPSHOT.jar:3.4.0-SNAPSHOT]

2026-06-08T16:38:48.294+01:00  WARN 25080 --- [wallet] [restartedMain] JpaBaseConfiguration$JpaWebConfiguration : spring.jpa.open-in-view is enabled by default. Therefore, database queries may be performed during view rendering. Explicitly configure spring.jpa.open-in-view to disable this warning
2026-06-08T16:38:48.440+01:00 DEBUG 25080 --- [wallet] [restartedMain] s.w.s.m.m.a.RequestMappingHandlerMapping : 14 mappings in 'requestMappingHandlerMapping'
2026-06-08T16:38:48.556+01:00 DEBUG 25080 --- [wallet] [restartedMain] o.s.w.s.handler.SimpleUrlHandlerMapping  : Patterns [/webjars/**, /**] in 'resourceHandlerMapping'
2026-06-08T16:38:48.603+01:00 DEBUG 25080 --- [wallet] [restartedMain] s.w.s.m.m.a.RequestMappingHandlerAdapter : ControllerAdvice beans: 0 @ModelAttribute, 0 @InitBinder, 1 RequestBodyAdvice, 1 ResponseBodyAdvice
2026-06-08T16:38:48.714+01:00 DEBUG 25080 --- [wallet] [restartedMain] .m.m.a.ExceptionHandlerExceptionResolver : ControllerAdvice beans: 0 @ExceptionHandler, 1 ResponseBodyAdvice
2026-06-08T16:38:48.847+01:00  INFO 25080 --- [wallet] [restartedMain] o.s.b.d.a.OptionalLiveReloadServer       : LiveReload server is running on port 35729
2026-06-08T16:38:48.902+01:00  INFO 25080 --- [wallet] [restartedMain] o.s.b.w.embedded.tomcat.TomcatWebServer  : Tomcat started on port 8081 (http) with context path '/'
2026-06-08T16:38:48.919+01:00  INFO 25080 --- [wallet] [restartedMain] com.example.wallet.WalletApplication     : Started WalletApplication in 6.706 seconds (process running for 7.311)
2026-06-08T16:40:37.806+01:00  INFO 25080 --- [wallet] [http-nio-8081-exec-1] o.a.c.c.C.[Tomcat].[localhost].[/]       : Initializing Spring DispatcherServlet 'dispatcherServlet'
2026-06-08T16:40:37.807+01:00  INFO 25080 --- [wallet] [http-nio-8081-exec-1] o.s.web.servlet.DispatcherServlet        : Initializing Servlet 'dispatcherServlet'
2026-06-08T16:40:37.808+01:00 DEBUG 25080 --- [wallet] [http-nio-8081-exec-1] o.s.web.servlet.DispatcherServlet        : Detected StandardServletMultipartResolver
2026-06-08T16:40:37.808+01:00 DEBUG 25080 --- [wallet] [http-nio-8081-exec-1] o.s.web.servlet.DispatcherServlet        : Detected AcceptHeaderLocaleResolver
2026-06-08T16:40:37.810+01:00 DEBUG 25080 --- [wallet] [http-nio-8081-exec-1] o.s.web.servlet.DispatcherServlet        : Detected FixedThemeResolver
2026-06-08T16:40:37.813+01:00 DEBUG 25080 --- [wallet] [http-nio-8081-exec-1] o.s.web.servlet.DispatcherServlet        : Detected org.springframework.web.servlet.view.DefaultRequestToViewNameTranslator@53cee4d9
2026-06-08T16:40:37.815+01:00 DEBUG 25080 --- [wallet] [http-nio-8081-exec-1] o.s.web.servlet.DispatcherServlet        : Detected org.springframework.web.servlet.support.SessionFlashMapManager@1d4254db
2026-06-08T16:40:37.815+01:00 DEBUG 25080 --- [wallet] [http-nio-8081-exec-1] o.s.web.servlet.DispatcherServlet        : enableLoggingRequestDetails='false': request parameters and headers will be masked to prevent unsafe logging of potentially sensitive data
2026-06-08T16:40:37.816+01:00  INFO 25080 --- [wallet] [http-nio-8081-exec-1] o.s.web.servlet.DispatcherServlet        : Completed initialization in 8 ms
2026-06-08T16:40:37.845+01:00 DEBUG 25080 --- [wallet] [http-nio-8081-exec-1] o.s.web.servlet.DispatcherServlet        : GET "/", parameters={}
2026-06-08T16:40:37.856+01:00 DEBUG 25080 --- [wallet] [http-nio-8081-exec-1] o.s.w.s.handler.SimpleUrlHandlerMapping  : Mapped to ResourceHttpRequestHandler [classpath [META-INF/resources/], classpath [resources/], classpath [static/], classpath [public/], ServletContext [/]]
2026-06-08T16:40:37.867+01:00 DEBUG 25080 --- [wallet] [http-nio-8081-exec-1] o.s.w.s.r.ResourceHttpRequestHandler     : Resource not found
2026-06-08T16:40:37.872+01:00 DEBUG 25080 --- [wallet] [http-nio-8081-exec-1] .w.s.m.s.DefaultHandlerExceptionResolver : Resolved [org.springframework.web.servlet.resource.NoResourceFoundException: No static resource .]
2026-06-08T16:40:37.874+01:00 DEBUG 25080 --- [wallet] [http-nio-8081-exec-1] o.s.web.servlet.DispatcherServlet        : Completed 404 NOT_FOUND
2026-06-08T16:40:37.880+01:00 DEBUG 25080 --- [wallet] [http-nio-8081-exec-1] o.s.web.servlet.DispatcherServlet        : "ERROR" dispatch for GET "/error", parameters={}
2026-06-08T16:40:37.883+01:00 DEBUG 25080 --- [wallet] [http-nio-8081-exec-1] s.w.s.m.m.a.RequestMappingHandlerMapping : Mapped to org.springframework.boot.autoconfigure.web.servlet.error.BasicErrorController#errorHtml(HttpServletRequest, HttpServletResponse)
2026-06-08T16:40:37.916+01:00 DEBUG 25080 --- [wallet] [http-nio-8081-exec-1] o.s.w.s.v.ContentNegotiatingViewResolver : Selected 'text/html' given [text/html, text/html;q=0.8]
2026-06-08T16:40:37.925+01:00 DEBUG 25080 --- [wallet] [http-nio-8081-exec-1] o.s.web.servlet.DispatcherServlet        : Exiting from "ERROR" dispatch, status 404
2026-06-08T16:40:38.102+01:00 DEBUG 25080 --- [wallet] [http-nio-8081-exec-2] o.s.web.servlet.DispatcherServlet        : GET "/favicon.ico", parameters={}
2026-06-08T16:40:38.104+01:00 DEBUG 25080 --- [wallet] [http-nio-8081-exec-2] o.s.w.s.handler.SimpleUrlHandlerMapping  : Mapped to ResourceHttpRequestHandler [classpath [META-INF/resources/], classpath [resources/], classpath [static/], classpath [public/], ServletContext [/]]
2026-06-08T16:40:38.107+01:00 DEBUG 25080 --- [wallet] [http-nio-8081-exec-2] o.s.w.s.r.ResourceHttpRequestHandler     : Resource not found
2026-06-08T16:40:38.107+01:00 DEBUG 25080 --- [wallet] [http-nio-8081-exec-2] .w.s.m.s.DefaultHandlerExceptionResolver : Resolved [org.springframework.web.servlet.resource.NoResourceFoundException: No static resource favicon.ico.]
2026-06-08T16:40:38.108+01:00 DEBUG 25080 --- [wallet] [http-nio-8081-exec-2] o.s.web.servlet.DispatcherServlet        : Completed 404 NOT_FOUND
2026-06-08T16:40:38.109+01:00 DEBUG 25080 --- [wallet] [http-nio-8081-exec-2] o.s.web.servlet.DispatcherServlet        : "ERROR" dispatch for GET "/error", parameters={}
2026-06-08T16:40:38.110+01:00 DEBUG 25080 --- [wallet] [http-nio-8081-exec-2] s.w.s.m.m.a.RequestMappingHandlerMapping : Mapped to org.springframework.boot.autoconfigure.web.servlet.error.BasicErrorController#error(HttpServletRequest)
2026-06-08T16:40:38.129+01:00 DEBUG 25080 --- [wallet] [http-nio-8081-exec-2] o.s.w.s.m.m.a.HttpEntityMethodProcessor  : Using 'application/json;q=0.8', given [image/avif, image/webp, image/apng, image/svg+xml, image/*, */*;q=0.8] and supported [application/json, application/*+json]
2026-06-08T16:40:38.133+01:00 DEBUG 25080 --- [wallet] [http-nio-8081-exec-2] o.s.w.s.m.m.a.HttpEntityMethodProcessor  : Writing [{timestamp=Mon Jun 08 16:40:38 CET 2026, status=404, error=Not Found, trace=org.springframework.web. (truncated)...]
2026-06-08T16:40:38.176+01:00 DEBUG 25080 --- [wallet] [http-nio-8081-exec-2] o.s.web.servlet.DispatcherServlet        : Exiting from "ERROR" dispatch, status 404
2026-06-08T16:41:10.423+01:00 DEBUG 25080 --- [wallet] [http-nio-8081-exec-5] o.s.web.servlet.DispatcherServlet        : GET "/", parameters={}
2026-06-08T16:41:10.424+01:00 DEBUG 25080 --- [wallet] [http-nio-8081-exec-5] o.s.w.s.handler.SimpleUrlHandlerMapping  : Mapped to ResourceHttpRequestHandler [classpath [META-INF/resources/], classpath [resources/], classpath [static/], classpath [public/], ServletContext [/]]
2026-06-08T16:41:10.425+01:00 DEBUG 25080 --- [wallet] [http-nio-8081-exec-5] o.s.w.s.r.ResourceHttpRequestHandler     : Resource not found
2026-06-08T16:41:10.426+01:00 DEBUG 25080 --- [wallet] [http-nio-8081-exec-5] .w.s.m.s.DefaultHandlerExceptionResolver : Resolved [org.springframework.web.servlet.resource.NoResourceFoundException: No static resource .]
2026-06-08T16:41:10.426+01:00 DEBUG 25080 --- [wallet] [http-nio-8081-exec-5] o.s.web.servlet.DispatcherServlet        : Completed 404 NOT_FOUND
2026-06-08T16:41:10.427+01:00 DEBUG 25080 --- [wallet] [http-nio-8081-exec-5] o.s.web.servlet.DispatcherServlet        : "ERROR" dispatch for GET "/error", parameters={}
2026-06-08T16:41:10.428+01:00 DEBUG 25080 --- [wallet] [http-nio-8081-exec-5] s.w.s.m.m.a.RequestMappingHandlerMapping : Mapped to org.springframework.boot.autoconfigure.web.servlet.error.BasicErrorController#errorHtml(HttpServletRequest, HttpServletResponse)
2026-06-08T16:41:10.438+01:00 DEBUG 25080 --- [wallet] [http-nio-8081-exec-5] o.s.w.s.v.ContentNegotiatingViewResolver : Selected 'text/html' given [text/html, text/html;q=0.8]
2026-06-08T16:41:10.439+01:00 DEBUG 25080 --- [wallet] [http-nio-8081-exec-5] o.s.web.servlet.DispatcherServlet        : Exiting from "ERROR" dispatch, status 404
2026-06-08T16:41:20.673+01:00 DEBUG 25080 --- [wallet] [http-nio-8081-exec-4] o.s.web.servlet.DispatcherServlet        : GET "/login", parameters={}
2026-06-08T16:41:20.676+01:00 DEBUG 25080 --- [wallet] [http-nio-8081-exec-4] o.s.w.s.handler.SimpleUrlHandlerMapping  : Mapped to ResourceHttpRequestHandler [classpath [META-INF/resources/], classpath [resources/], classpath [static/], classpath [public/], ServletContext [/]]
2026-06-08T16:41:20.678+01:00 DEBUG 25080 --- [wallet] [http-nio-8081-exec-4] o.s.w.s.r.ResourceHttpRequestHandler     : Resource not found
2026-06-08T16:41:20.678+01:00 DEBUG 25080 --- [wallet] [http-nio-8081-exec-4] .w.s.m.s.DefaultHandlerExceptionResolver : Resolved [org.springframework.web.servlet.resource.NoResourceFoundException: No static resource login.]
2026-06-08T16:41:20.679+01:00 DEBUG 25080 --- [wallet] [http-nio-8081-exec-4] o.s.web.servlet.DispatcherServlet        : Completed 404 NOT_FOUND
2026-06-08T16:41:20.679+01:00 DEBUG 25080 --- [wallet] [http-nio-8081-exec-4] o.s.web.servlet.DispatcherServlet        : "ERROR" dispatch for GET "/error", parameters={}
2026-06-08T16:41:20.682+01:00 DEBUG 25080 --- [wallet] [http-nio-8081-exec-4] s.w.s.m.m.a.RequestMappingHandlerMapping : Mapped to org.springframework.boot.autoconfigure.web.servlet.error.BasicErrorController#errorHtml(HttpServletRequest, HttpServletResponse)
2026-06-08T16:41:20.693+01:00 DEBUG 25080 --- [wallet] [http-nio-8081-exec-4] o.s.w.s.v.ContentNegotiatingViewResolver : Selected 'text/html' given [text/html, text/html;q=0.8]
2026-06-08T16:41:20.694+01:00 DEBUG 25080 --- [wallet] [http-nio-8081-exec-4] o.s.web.servlet.DispatcherServlet        : Exiting from "ERROR" dispatch, status 404
2026-06-08T16:41:59.726+01:00 DEBUG 25080 --- [wallet] [http-nio-8081-exec-3] o.s.web.servlet.DispatcherServlet        : GET "/wallet/login", parameters={}
2026-06-08T16:41:59.727+01:00 DEBUG 25080 --- [wallet] [http-nio-8081-exec-3] s.w.s.m.m.a.RequestMappingHandlerMapping : Mapped to com.example.wallet.Controllers.UserController#login(Model, UserDto)
2026-06-08T16:41:59.751+01:00 DEBUG 25080 --- [wallet] [http-nio-8081-exec-3] o.s.w.s.v.ContentNegotiatingViewResolver : Selected 'text/html' given [text/html, application/xhtml+xml, application/xml;q=0.9, */*;q=0.8]
2026-06-08T16:41:59.766+01:00 DEBUG 25080 --- [wallet] [http-nio-8081-exec-3] org.thymeleaf.TemplateEngine             : [THYMELEAF] INITIALIZING TEMPLATE ENGINE
2026-06-08T16:41:59.881+01:00 DEBUG 25080 --- [wallet] [http-nio-8081-exec-3] org.thymeleaf.TemplateEngine.CONFIG      : Initializing Thymeleaf Template engine configuration...
[THYMELEAF] TEMPLATE ENGINE CONFIGURATION:
[THYMELEAF] * Thymeleaf version: 3.1.2.RELEASE (built 2023-07-30T19:25:50+0000)
[THYMELEAF] * Cache Manager implementation: org.thymeleaf.cache.StandardCacheManager
[THYMELEAF] * Template resolvers:
[THYMELEAF]     * org.thymeleaf.spring6.templateresolver.SpringResourceTemplateResolver
[THYMELEAF] * Message resolvers:
[THYMELEAF]     * org.thymeleaf.spring6.messageresolver.SpringMessageResolver
[THYMELEAF] * Link builders:
[THYMELEAF]     * org.thymeleaf.linkbuilder.StandardLinkBuilder
[THYMELEAF] * Dialect: SpringStandard (org.thymeleaf.spring6.dialect.SpringStandardDialect)
[THYMELEAF]     * Prefix: "th"
[THYMELEAF]     * Processors for Template Mode: HTML
[THYMELEAF]         * Element Tag Processors by [matching element and attribute name] [precedence]:
[THYMELEAF]             * [* {th:include,data-th-include}] [100]: org.thymeleaf.standard.processor.StandardIncludeTagProcessor
[THYMELEAF]             * [* {th:insert,data-th-insert}] [100]: org.thymeleaf.standard.processor.StandardInsertTagProcessor
[THYMELEAF]             * [* {th:replace,data-th-replace}] [100]: org.thymeleaf.standard.processor.StandardReplaceTagProcessor
[THYMELEAF]             * [* {th:each,data-th-each}] [200]: org.thymeleaf.standard.processor.StandardEachTagProcessor
[THYMELEAF]             * [* {th:switch,data-th-switch}] [250]: org.thymeleaf.standard.processor.StandardSwitchTagProcessor
[THYMELEAF]             * [* {th:case,data-th-case}] [275]: org.thymeleaf.standard.processor.StandardCaseTagProcessor
[THYMELEAF]             * [* {th:if,data-th-if}] [300]: org.thymeleaf.standard.processor.StandardIfTagProcessor
[THYMELEAF]             * [* {th:unless,data-th-unless}] [400]: org.thymeleaf.standard.processor.StandardUnlessTagProcessor
[THYMELEAF]             * [* {th:object,data-th-object}] [500]: org.thymeleaf.spring6.processor.SpringObjectTagProcessor
[THYMELEAF]             * [* {th:with,data-th-with}] [600]: org.thymeleaf.standard.processor.StandardWithTagProcessor
[THYMELEAF]             * [* {th:attr,data-th-attr}] [700]: org.thymeleaf.standard.processor.StandardAttrTagProcessor
[THYMELEAF]             * [* {th:attrprepend,data-th-attrprepend}] [800]: org.thymeleaf.standard.processor.StandardAttrprependTagProcessor
[THYMELEAF]             * [* {th:attrappend,data-th-attrappend}] [900]: org.thymeleaf.standard.processor.StandardAttrappendTagProcessor
[THYMELEAF]             * [* {th:method,data-th-method}] [990]: org.thymeleaf.spring6.processor.SpringMethodTagProcessor
[THYMELEAF]             * [* {th:alt-title,data-th-alt-title}] [990]: org.thymeleaf.standard.processor.StandardAltTitleTagProcessor
[THYMELEAF]             * [* {th:lang-xmllang,data-th-lang-xmllang}] [990]: org.thymeleaf.standard.processor.StandardLangXmlLangTagProcessor
[THYMELEAF]             * [* {th:action,data-th-action}] [1000]: org.thymeleaf.spring6.processor.SpringActionTagProcessor
[THYMELEAF]             * [* {th:href,data-th-href}] [1000]: org.thymeleaf.spring6.processor.SpringHrefTagProcessor
[THYMELEAF]             * [* {th:src,data-th-src}] [1000]: org.thymeleaf.spring6.processor.SpringSrcTagProcessor
[THYMELEAF]             * [* {th:defer,data-th-defer}] [1000]: org.thymeleaf.standard.processor.StandardConditionalFixedValueTagProcessor
[THYMELEAF]             * [* {th:seamless,data-th-seamless}] [1000]: org.thymeleaf.standard.processor.StandardConditionalFixedValueTagProcessor
[THYMELEAF]             * [* {th:pubdate,data-th-pubdate}] [1000]: org.thymeleaf.standard.processor.StandardConditionalFixedValueTagProcessor
[THYMELEAF]             * [* {th:scoped,data-th-scoped}] [1000]: org.thymeleaf.standard.processor.StandardConditionalFixedValueTagProcessor
[THYMELEAF]             * [* {th:hidden,data-th-hidden}] [1000]: org.thymeleaf.standard.processor.StandardConditionalFixedValueTagProcessor
[THYMELEAF]             * [* {th:open,data-th-open}] [1000]: org.thymeleaf.standard.processor.StandardConditionalFixedValueTagProcessor
[THYMELEAF]             * [* {th:autoplay,data-th-autoplay}] [1000]: org.thymeleaf.standard.processor.StandardConditionalFixedValueTagProcessor
[THYMELEAF]             * [* {th:default,data-th-default}] [1000]: org.thymeleaf.standard.processor.StandardConditionalFixedValueTagProcessor
[THYMELEAF]             * [* {th:ismap,data-th-ismap}] [1000]: org.thymeleaf.standard.processor.StandardConditionalFixedValueTagProcessor
[THYMELEAF]             * [* {th:novalidate,data-th-novalidate}] [1000]: org.thymeleaf.standard.processor.StandardConditionalFixedValueTagProcessor
[THYMELEAF]             * [* {th:autofocus,data-th-autofocus}] [1000]: org.thymeleaf.standard.processor.StandardConditionalFixedValueTagProcessor
[THYMELEAF]             * [* {th:nowrap,data-th-nowrap}] [1000]: org.thymeleaf.standard.processor.StandardConditionalFixedValueTagProcessor
[THYMELEAF]             * [* {th:disabled,data-th-disabled}] [1000]: org.thymeleaf.standard.processor.StandardConditionalFixedValueTagProcessor
[THYMELEAF]             * [* {th:async,data-th-async}] [1000]: org.thymeleaf.standard.processor.StandardConditionalFixedValueTagProcessor
[THYMELEAF]             * [* {th:required,data-th-required}] [1000]: org.thymeleaf.standard.processor.StandardConditionalFixedValueTagProcessor
[THYMELEAF]             * [* {th:readonly,data-th-readonly}] [1000]: org.thymeleaf.standard.processor.StandardConditionalFixedValueTagProcessor
[THYMELEAF]             * [* {th:loop,data-th-loop}] [1000]: org.thymeleaf.standard.processor.StandardConditionalFixedValueTagProcessor
[THYMELEAF]             * [* {th:declare,data-th-declare}] [1000]: org.thymeleaf.standard.processor.StandardConditionalFixedValueTagProcessor
[THYMELEAF]             * [* {th:selected,data-th-selected}] [1000]: org.thymeleaf.standard.processor.StandardConditionalFixedValueTagProcessor
[THYMELEAF]             * [* {th:multiple,data-th-multiple}] [1000]: org.thymeleaf.standard.processor.StandardConditionalFixedValueTagProcessor
[THYMELEAF]             * [* {th:formnovalidate,data-th-formnovalidate}] [1000]: org.thymeleaf.standard.processor.StandardConditionalFixedValueTagProcessor
[THYMELEAF]             * [* {th:controls,data-th-controls}] [1000]: org.thymeleaf.standard.processor.StandardConditionalFixedValueTagProcessor
[THYMELEAF]             * [* {th:reversed,data-th-reversed}] [1000]: org.thymeleaf.standard.processor.StandardConditionalFixedValueTagProcessor
[THYMELEAF]             * [* {th:checked,data-th-checked}] [1000]: org.thymeleaf.standard.processor.StandardConditionalFixedValueTagProcessor
[THYMELEAF]             * [* {th:onbeforeunload,data-th-onbeforeunload}] [1000]: org.thymeleaf.standard.processor.StandardDOMEventAttributeTagProcessor
[THYMELEAF]             * [* {th:onblur,data-th-onblur}] [1000]: org.thymeleaf.standard.processor.StandardDOMEventAttributeTagProcessor
[THYMELEAF]             * [* {th:onplaying,data-th-onplaying}] [1000]: org.thymeleaf.standard.processor.StandardDOMEventAttributeTagProcessor
[THYMELEAF]             * [* {th:onloadeddata,data-th-onloadeddata}] [1000]: org.thymeleaf.standard.processor.StandardDOMEventAttributeTagProcessor
[THYMELEAF]             * [* {th:ondragover,data-th-ondragover}] [1000]: org.thymeleaf.standard.processor.StandardDOMEventAttributeTagProcessor
[THYMELEAF]             * [* {th:onclick,data-th-onclick}] [1000]: org.thymeleaf.standard.processor.StandardDOMEventAttributeTagProcessor
[THYMELEAF]             * [* {th:onresize,data-th-onresize}] [1000]: org.thymeleaf.standard.processor.StandardDOMEventAttributeTagProcessor
[THYMELEAF]             * [* {th:onmouseout,data-th-onmouseout}] [1000]: org.thymeleaf.standard.processor.StandardDOMEventAttributeTagProcessor
[THYMELEAF]             * [* {th:onshow,data-th-onshow}] [1000]: org.thymeleaf.standard.processor.StandardDOMEventAttributeTagProcessor
[THYMELEAF]             * [* {th:ondragend,data-th-ondragend}] [1000]: org.thymeleaf.standard.processor.StandardDOMEventAttributeTagProcessor
[THYMELEAF]             * [* {th:onselect,data-th-onselect}] [1000]: org.thymeleaf.standard.processor.StandardDOMEventAttributeTagProcessor
[THYMELEAF]             * [* {th:onscroll,data-th-onscroll}] [1000]: org.thymeleaf.standard.processor.StandardDOMEventAttributeTagProcessor
[THYMELEAF]             * [* {th:ondrop,data-th-ondrop}] [1000]: org.thymeleaf.standard.processor.StandardDOMEventAttributeTagProcessor
[THYMELEAF]             * [* {th:onformchange,data-th-onformchange}] [1000]: org.thymeleaf.standard.processor.StandardDOMEventAttributeTagProcessor
[THYMELEAF]             * [* {th:onratechange,data-th-onratechange}] [1000]: org.thymeleaf.standard.processor.StandardDOMEventAttributeTagProcessor
[THYMELEAF]             * [* {th:onloadedmetadata,data-th-onloadedmetadata}] [1000]: org.thymeleaf.standard.processor.StandardDOMEventAttributeTagProcessor
[THYMELEAF]             * [* {th:onhashchange,data-th-onhashchange}] [1000]: org.thymeleaf.standard.processor.StandardDOMEventAttributeTagProcessor
[THYMELEAF]             * [* {th:onseeking,data-th-onseeking}] [1000]: org.thymeleaf.standard.processor.StandardDOMEventAttributeTagProcessor
[THYMELEAF]             * [* {th:onended,data-th-onended}] [1000]: org.thymeleaf.standard.processor.StandardDOMEventAttributeTagProcessor
[THYMELEAF]             * [* {th:onvolumechange,data-th-onvolumechange}] [1000]: org.thymeleaf.standard.processor.StandardDOMEventAttributeTagProcessor
[THYMELEAF]             * [* {th:onredo,data-th-onredo}] [1000]: org.thymeleaf.standard.processor.StandardDOMEventAttributeTagProcessor
[THYMELEAF]             * [* {th:onmousedown,data-th-onmousedown}] [1000]: org.thymeleaf.standard.processor.StandardDOMEventAttributeTagProcessor
[THYMELEAF]             * [* {th:onseeked,data-th-onseeked}] [1000]: org.thymeleaf.standard.processor.StandardDOMEventAttributeTagProcessor
[THYMELEAF]             * [* {th:onafterprint,data-th-onafterprint}] [1000]: org.thymeleaf.standard.processor.StandardDOMEventAttributeTagProcessor
[THYMELEAF]             * [* {th:onwaiting,data-th-onwaiting}] [1000]: org.thymeleaf.standard.processor.StandardDOMEventAttributeTagProcessor
[THYMELEAF]             * [* {th:onemptied,data-th-onemptied}] [1000]: org.thymeleaf.standard.processor.StandardDOMEventAttributeTagProcessor
[THYMELEAF]             * [* {th:ondragleave,data-th-ondragleave}] [1000]: org.thymeleaf.standard.processor.StandardDOMEventAttributeTagProcessor
[THYMELEAF]             * [* {th:onabort,data-th-onabort}] [1000]: org.thymeleaf.standard.processor.StandardDOMEventAttributeTagProcessor
[THYMELEAF]             * [* {th:oninvalid,data-th-oninvalid}] [1000]: org.thymeleaf.standard.processor.StandardDOMEventAttributeTagProcessor
[THYMELEAF]             * [* {th:ontimeupdate,data-th-ontimeupdate}] [1000]: org.thymeleaf.standard.processor.StandardDOMEventAttributeTagProcessor
[THYMELEAF]             * [* {th:oninput,data-th-oninput}] [1000]: org.thymeleaf.standard.processor.StandardDOMEventAttributeTagProcessor
[THYMELEAF]             * [* {th:onpause,data-th-onpause}] [1000]: org.thymeleaf.standard.processor.StandardDOMEventAttributeTagProcessor
[THYMELEAF]             * [* {th:onfocus,data-th-onfocus}] [1000]: org.thymeleaf.standard.processor.StandardDOMEventAttributeTagProcessor
[THYMELEAF]             * [* {th:ondrag,data-th-ondrag}] [1000]: org.thymeleaf.standard.processor.StandardDOMEventAttributeTagProcessor
[THYMELEAF]             * [* {th:onplay,data-th-onplay}] [1000]: org.thymeleaf.standard.processor.StandardDOMEventAttributeTagProcessor
[THYMELEAF]             * [* {th:onsuspend,data-th-onsuspend}] [1000]: org.thymeleaf.standard.processor.StandardDOMEventAttributeTagProcessor
[THYMELEAF]             * [* {th:oncanplaythrough,data-th-oncanplaythrough}] [1000]: org.thymeleaf.standard.processor.StandardDOMEventAttributeTagProcessor
[THYMELEAF]             * [* {th:onreset,data-th-onreset}] [1000]: org.thymeleaf.standard.processor.StandardDOMEventAttributeTagProcessor
[THYMELEAF]             * [* {th:onkeydown,data-th-onkeydown}] [1000]: org.thymeleaf.standard.processor.StandardDOMEventAttributeTagProcessor
[THYMELEAF]             * [* {th:onstorage,data-th-onstorage}] [1000]: org.thymeleaf.standard.processor.StandardDOMEventAttributeTagProcessor
[THYMELEAF]             * [* {th:onmouseover,data-th-onmouseover}] [1000]: org.thymeleaf.standard.processor.StandardDOMEventAttributeTagProcessor
[THYMELEAF]             * [* {th:ondblclick,data-th-ondblclick}] [1000]: org.thymeleaf.standard.processor.StandardDOMEventAttributeTagProcessor
[THYMELEAF]             * [* {th:onpopstate,data-th-onpopstate}] [1000]: org.thymeleaf.standard.processor.StandardDOMEventAttributeTagProcessor
[THYMELEAF]             * [* {th:onsubmit,data-th-onsubmit}] [1000]: org.thymeleaf.standard.processor.StandardDOMEventAttributeTagProcessor
[THYMELEAF]             * [* {th:onprogress,data-th-onprogress}] [1000]: org.thymeleaf.standard.processor.StandardDOMEventAttributeTagProcessor
[THYMELEAF]             * [* {th:oncanplay,data-th-oncanplay}] [1000]: org.thymeleaf.standard.processor.StandardDOMEventAttributeTagProcessor
[THYMELEAF]             * [* {th:onload,data-th-onload}] [1000]: org.thymeleaf.standard.processor.StandardDOMEventAttributeTagProcessor
[THYMELEAF]             * [* {th:onmouseup,data-th-onmouseup}] [1000]: org.thymeleaf.standard.processor.StandardDOMEventAttributeTagProcessor
[THYMELEAF]             * [* {th:onstalled,data-th-onstalled}] [1000]: org.thymeleaf.standard.processor.StandardDOMEventAttributeTagProcessor
[THYMELEAF]             * [* {th:onbeforeprint,data-th-onbeforeprint}] [1000]: org.thymeleaf.standard.processor.StandardDOMEventAttributeTagProcessor
[THYMELEAF]             * [* {th:onundo,data-th-onundo}] [1000]: org.thymeleaf.standard.processor.StandardDOMEventAttributeTagProcessor
[THYMELEAF]             * [* {th:onforminput,data-th-onforminput}] [1000]: org.thymeleaf.standard.processor.StandardDOMEventAttributeTagProcessor
[THYMELEAF]             * [* {th:onmousemove,data-th-onmousemove}] [1000]: org.thymeleaf.standard.processor.StandardDOMEventAttributeTagProcessor
[THYMELEAF]             * [* {th:ononline,data-th-ononline}] [1000]: org.thymeleaf.standard.processor.StandardDOMEventAttributeTagProcessor
[THYMELEAF]             * [* {th:onoffline,data-th-onoffline}] [1000]: org.thymeleaf.standard.processor.StandardDOMEventAttributeTagProcessor
[THYMELEAF]             * [* {th:onloadstart,data-th-onloadstart}] [1000]: org.thymeleaf.standard.processor.StandardDOMEventAttributeTagProcessor
[THYMELEAF]             * [* {th:ondurationchange,data-th-ondurationchange}] [1000]: org.thymeleaf.standard.processor.StandardDOMEventAttributeTagProcessor
[THYMELEAF]             * [* {th:onkeyup,data-th-onkeyup}] [1000]: org.thymeleaf.standard.processor.StandardDOMEventAttributeTagProcessor
[THYMELEAF]             * [* {th:onerror,data-th-onerror}] [1000]: org.thymeleaf.standard.processor.StandardDOMEventAttributeTagProcessor
[THYMELEAF]             * [* {th:oncontextmenu,data-th-oncontextmenu}] [1000]: org.thymeleaf.standard.processor.StandardDOMEventAttributeTagProcessor
[THYMELEAF]             * [* {th:ondragstart,data-th-ondragstart}] [1000]: org.thymeleaf.standard.processor.StandardDOMEventAttributeTagProcessor
[THYMELEAF]             * [* {th:onmessage,data-th-onmessage}] [1000]: org.thymeleaf.standard.processor.StandardDOMEventAttributeTagProcessor
[THYMELEAF]             * [* {th:onreadystatechange,data-th-onreadystatechange}] [1000]: org.thymeleaf.standard.processor.StandardDOMEventAttributeTagProcessor
[THYMELEAF]             * [* {th:onunload,data-th-onunload}] [1000]: org.thymeleaf.standard.processor.StandardDOMEventAttributeTagProcessor
[THYMELEAF]             * [* {th:onchange,data-th-onchange}] [1000]: org.thymeleaf.standard.processor.StandardDOMEventAttributeTagProcessor
[THYMELEAF]             * [* {th:ondragenter,data-th-ondragenter}] [1000]: org.thymeleaf.standard.processor.StandardDOMEventAttributeTagProcessor
[THYMELEAF]             * [* {th:onkeypress,data-th-onkeypress}] [1000]: org.thymeleaf.standard.processor.StandardDOMEventAttributeTagProcessor
[THYMELEAF]             * [* {th:onmousewheel,data-th-onmousewheel}] [1000]: org.thymeleaf.standard.processor.StandardDOMEventAttributeTagProcessor
[THYMELEAF]             * [* {th:inline,data-th-inline}] [1000]: org.thymeleaf.standard.processor.StandardInlineHTMLTagProcessor
[THYMELEAF]             * [* {th:type,data-th-type}] [1000]: org.thymeleaf.standard.processor.StandardNonRemovableAttributeTagProcessor
[THYMELEAF]             * [* {th:name,data-th-name}] [1000]: org.thymeleaf.standard.processor.StandardNonRemovableAttributeTagProcessor
[THYMELEAF]             * [* {th:content,data-th-content}] [1000]: org.thymeleaf.standard.processor.StandardRemovableAttributeTagProcessor
[THYMELEAF]             * [* {th:codebase,data-th-codebase}] [1000]: org.thymeleaf.standard.processor.StandardRemovableAttributeTagProcessor
[THYMELEAF]             * [* {th:cols,data-th-cols}] [1000]: org.thymeleaf.standard.processor.StandardRemovableAttributeTagProcessor
[THYMELEAF]             * [* {th:contenteditable,data-th-contenteditable}] [1000]: org.thymeleaf.standard.processor.StandardRemovableAttributeTagProcessor
[THYMELEAF]             * [* {th:formaction,data-th-formaction}] [1000]: org.thymeleaf.standard.processor.StandardRemovableAttributeTagProcessor
[THYMELEAF]             * [* {th:rev,data-th-rev}] [1000]: org.thymeleaf.standard.processor.StandardRemovableAttributeTagProcessor
[THYMELEAF]             * [* {th:accesskey,data-th-accesskey}] [1000]: org.thymeleaf.standard.processor.StandardRemovableAttributeTagProcessor
[THYMELEAF]             * [* {th:cite,data-th-cite}] [1000]: org.thymeleaf.standard.processor.StandardRemovableAttributeTagProcessor
[THYMELEAF]             * [* {th:cellpadding,data-th-cellpadding}] [1000]: org.thymeleaf.standard.processor.StandardRemovableAttributeTagProcessor
[THYMELEAF]             * [* {th:target,data-th-target}] [1000]: org.thymeleaf.standard.processor.StandardRemovableAttributeTagProcessor
[THYMELEAF]             * [* {th:draggable,data-th-draggable}] [1000]: org.thymeleaf.standard.processor.StandardRemovableAttributeTagProcessor
[THYMELEAF]             * [* {th:srclang,data-th-srclang}] [1000]: org.thymeleaf.standard.processor.StandardRemovableAttributeTagProcessor
[THYMELEAF]             * [* {th:sandbox,data-th-sandbox}] [1000]: org.thymeleaf.standard.processor.StandardRemovableAttributeTagProcessor
[THYMELEAF]             * [* {th:high,data-th-high}] [1000]: org.thymeleaf.standard.processor.StandardRemovableAttributeTagProcessor
[THYMELEAF]             * [* {th:alt,data-th-alt}] [1000]: org.thymeleaf.standard.processor.StandardRemovableAttributeTagProcessor
[THYMELEAF]             * [* {th:spellcheck,data-th-spellcheck}] [1000]: org.thymeleaf.standard.processor.StandardRemovableAttributeTagProcessor
[THYMELEAF]             * [* {th:scheme,data-th-scheme}] [1000]: org.thymeleaf.standard.processor.StandardRemovableAttributeTagProcessor
[THYMELEAF]             * [* {th:standby,data-th-standby}] [1000]: org.thymeleaf.standard.processor.StandardRemovableAttributeTagProcessor
[THYMELEAF]             * [* {th:background,data-th-background}] [1000]: org.thymeleaf.standard.processor.StandardRemovableAttributeTagProcessor
[THYMELEAF]             * [* {th:hspace,data-th-hspace}] [1000]: org.thymeleaf.standard.processor.StandardRemovableAttributeTagProcessor
[THYMELEAF]             * [* {th:cellspacing,data-th-cellspacing}] [1000]: org.thymeleaf.standard.processor.StandardRemovableAttributeTagProcessor
[THYMELEAF]             * [* {th:codetype,data-th-codetype}] [1000]: org.thymeleaf.standard.processor.StandardRemovableAttributeTagProcessor
[THYMELEAF]             * [* {th:optimum,data-th-optimum}] [1000]: org.thymeleaf.standard.processor.StandardRemovableAttributeTagProcessor
[THYMELEAF]             * [* {th:audio,data-th-audio}] [1000]: org.thymeleaf.standard.processor.StandardRemovableAttributeTagProcessor
[THYMELEAF]             * [* {th:maxlength,data-th-maxlength}] [1000]: org.thymeleaf.standard.processor.StandardRemovableAttributeTagProcessor
[THYMELEAF]             * [* {th:preload,data-th-preload}] [1000]: org.thymeleaf.standard.processor.StandardRemovableAttributeTagProcessor
[THYMELEAF]             * [* {th:max,data-th-max}] [1000]: org.thymeleaf.standard.processor.StandardRemovableAttributeTagProcessor
[THYMELEAF]             * [* {th:align,data-th-align}] [1000]: org.thymeleaf.standard.processor.StandardRemovableAttributeTagProcessor
[THYMELEAF]             * [* {th:summary,data-th-summary}] [1000]: org.thymeleaf.standard.processor.StandardRemovableAttributeTagProcessor
[THYMELEAF]             * [* {th:classid,data-th-classid}] [1000]: org.thymeleaf.standard.processor.StandardRemovableAttributeTagProcessor
[THYMELEAF]             * [* {th:start,data-th-start}] [1000]: org.thymeleaf.standard.processor.StandardRemovableAttributeTagProcessor
[THYMELEAF]             * [* {th:min,data-th-min}] [1000]: org.thymeleaf.standard.processor.StandardRemovableAttributeTagProcessor
[THYMELEAF]             * [* {th:bgcolor,data-th-bgcolor}] [1000]: org.thymeleaf.standard.processor.StandardRemovableAttributeTagProcessor
[THYMELEAF]             * [* {th:dropzone,data-th-dropzone}] [1000]: org.thymeleaf.standard.processor.StandardRemovableAttributeTagProcessor
[THYMELEAF]             * [* {th:icon,data-th-icon}] [1000]: org.thymeleaf.standard.processor.StandardRemovableAttributeTagProcessor
[THYMELEAF]             * [* {th:wrap,data-th-wrap}] [1000]: org.thymeleaf.standard.processor.StandardRemovableAttributeTagProcessor
[THYMELEAF]             * [* {th:lang,data-th-lang}] [1000]: org.thymeleaf.standard.processor.StandardRemovableAttributeTagProcessor
[THYMELEAF]             * [* {th:longdesc,data-th-longdesc}] [1000]: org.thymeleaf.standard.processor.StandardRemovableAttributeTagProcessor
[THYMELEAF]             * [* {th:data,data-th-data}] [1000]: org.thymeleaf.standard.processor.StandardRemovableAttributeTagProcessor
[THYMELEAF]             * [* {th:pattern,data-th-pattern}] [1000]: org.thymeleaf.standard.processor.StandardRemovableAttributeTagProcessor
[THYMELEAF]             * [* {th:enctype,data-th-enctype}] [1000]: org.thymeleaf.standard.processor.StandardRemovableAttributeTagProcessor
[THYMELEAF]             * [* {th:list,data-th-list}] [1000]: org.thymeleaf.standard.processor.StandardRemovableAttributeTagProcessor
[THYMELEAF]             * [* {th:datetime,data-th-datetime}] [1000]: org.thymeleaf.standard.processor.StandardRemovableAttributeTagProcessor
[THYMELEAF]             * [* {th:width,data-th-width}] [1000]: org.thymeleaf.standard.processor.StandardRemovableAttributeTagProcessor
[THYMELEAF]             * [* {th:accept-charset,data-th-accept-charset}] [1000]: org.thymeleaf.standard.processor.StandardRemovableAttributeTagProcessor
[THYMELEAF]             * [* {th:frameborder,data-th-frameborder}] [1000]: org.thymeleaf.standard.processor.StandardRemovableAttributeTagProcessor
[THYMELEAF]             * [* {th:form,data-th-form}] [1000]: org.thymeleaf.standard.processor.StandardRemovableAttributeTagProcessor
[THYMELEAF]             * [* {th:formmethod,data-th-formmethod}] [1000]: org.thymeleaf.standard.processor.StandardRemovableAttributeTagProcessor
[THYMELEAF]             * [* {th:autocomplete,data-th-autocomplete}] [1000]: org.thymeleaf.standard.processor.StandardRemovableAttributeTagProcessor
[THYMELEAF]             * [* {th:step,data-th-step}] [1000]: org.thymeleaf.standard.processor.StandardRemovableAttributeTagProcessor
[THYMELEAF]             * [* {th:marginheight,data-th-marginheight}] [1000]: org.thymeleaf.standard.processor.StandardRemovableAttributeTagProcessor
[THYMELEAF]             * [* {th:compact,data-th-compact}] [1000]: org.thymeleaf.standard.processor.StandardRemovableAttributeTagProcessor
[THYMELEAF]             * [* {th:hreflang,data-th-hreflang}] [1000]: org.thymeleaf.standard.processor.StandardRemovableAttributeTagProcessor
[THYMELEAF]             * [* {th:abbr,data-th-abbr}] [1000]: org.thymeleaf.standard.processor.StandardRemovableAttributeTagProcessor
[THYMELEAF]             * [* {th:kind,data-th-kind}] [1000]: org.thymeleaf.standard.processor.StandardRemovableAttributeTagProcessor
[THYMELEAF]             * [* {th:dir,data-th-dir}] [1000]: org.thymeleaf.standard.processor.StandardRemovableAttributeTagProcessor
[THYMELEAF]             * [* {th:rel,data-th-rel}] [1000]: org.thymeleaf.standard.processor.StandardRemovableAttributeTagProcessor
[THYMELEAF]             * [* {th:style,data-th-style}] [1000]: org.thymeleaf.standard.processor.StandardRemovableAttributeTagProcessor
[THYMELEAF]             * [* {th:http-equiv,data-th-http-equiv}] [1000]: org.thymeleaf.standard.processor.StandardRemovableAttributeTagProcessor
[THYMELEAF]             * [* {th:id,data-th-id}] [1000]: org.thymeleaf.standard.processor.StandardRemovableAttributeTagProcessor
[THYMELEAF]             * [* {th:height,data-th-height}] [1000]: org.thymeleaf.standard.processor.StandardRemovableAttributeTagProcessor
[THYMELEAF]             * [* {th:rules,data-th-rules}] [1000]: org.thymeleaf.standard.processor.StandardRemovableAttributeTagProcessor
[THYMELEAF]             * [* {th:usemap,data-th-usemap}] [1000]: org.thymeleaf.standard.processor.StandardRemovableAttributeTagProcessor
[THYMELEAF]             * [* {th:colspan,data-th-colspan}] [1000]: org.thymeleaf.standard.processor.StandardRemovableAttributeTagProcessor
[THYMELEAF]             * [* {th:marginwidth,data-th-marginwidth}] [1000]: org.thymeleaf.standard.processor.StandardRemovableAttributeTagProcessor
[THYMELEAF]             * [* {th:placeholder,data-th-placeholder}] [1000]: org.thymeleaf.standard.processor.StandardRemovableAttributeTagProcessor
[THYMELEAF]             * [* {th:frame,data-th-frame}] [1000]: org.thymeleaf.standard.processor.StandardRemovableAttributeTagProcessor
[THYMELEAF]             * [* {th:low,data-th-low}] [1000]: org.thymeleaf.standard.processor.StandardRemovableAttributeTagProcessor
[THYMELEAF]             * [* {th:class,data-th-class}] [1000]: org.thymeleaf.standard.processor.StandardRemovableAttributeTagProcessor
[THYMELEAF]             * [* {th:manifest,data-th-manifest}] [1000]: org.thymeleaf.standard.processor.StandardRemovableAttributeTagProcessor
[THYMELEAF]             * [* {th:archive,data-th-archive}] [1000]: org.thymeleaf.standard.processor.StandardRemovableAttributeTagProcessor
[THYMELEAF]             * [* {th:label,data-th-label}] [1000]: org.thymeleaf.standard.processor.StandardRemovableAttributeTagProcessor
[THYMELEAF]             * [* {th:for,data-th-for}] [1000]: org.thymeleaf.standard.processor.StandardRemovableAttributeTagProcessor
[THYMELEAF]             * [* {th:valuetype,data-th-valuetype}] [1000]: org.thymeleaf.standard.processor.StandardRemovableAttributeTagProcessor
[THYMELEAF]             * [* {th:accept,data-th-accept}] [1000]: org.thymeleaf.standard.processor.StandardRemovableAttributeTagProcessor
[THYMELEAF]             * [* {th:media,data-th-media}] [1000]: org.thymeleaf.standard.processor.StandardRemovableAttributeTagProcessor
[THYMELEAF]             * [* {th:contextmenu,data-th-contextmenu}] [1000]: org.thymeleaf.standard.processor.StandardRemovableAttributeTagProcessor
[THYMELEAF]             * [* {th:sizes,data-th-sizes}] [1000]: org.thymeleaf.standard.processor.StandardRemovableAttributeTagProcessor
[THYMELEAF]             * [* {th:axis,data-th-axis}] [1000]: org.thymeleaf.standard.processor.StandardRemovableAttributeTagProcessor
[THYMELEAF]             * [* {th:scope,data-th-scope}] [1000]: org.thymeleaf.standard.processor.StandardRemovableAttributeTagProcessor
[THYMELEAF]             * [* {th:rows,data-th-rows}] [1000]: org.thymeleaf.standard.processor.StandardRemovableAttributeTagProcessor
[THYMELEAF]             * [* {th:vspace,data-th-vspace}] [1000]: org.thymeleaf.standard.processor.StandardRemovableAttributeTagProcessor
[THYMELEAF]             * [* {th:poster,data-th-poster}] [1000]: org.thymeleaf.standard.processor.StandardRemovableAttributeTagProcessor
[THYMELEAF]             * [* {th:keytype,data-th-keytype}] [1000]: org.thymeleaf.standard.processor.StandardRemovableAttributeTagProcessor
[THYMELEAF]             * [* {th:formtarget,data-th-formtarget}] [1000]: org.thymeleaf.standard.processor.StandardRemovableAttributeTagProcessor
[THYMELEAF]             * [* {th:size,data-th-size}] [1000]: org.thymeleaf.standard.processor.StandardRemovableAttributeTagProcessor
[THYMELEAF]             * [* {th:headers,data-th-headers}] [1000]: org.thymeleaf.standard.processor.StandardRemovableAttributeTagProcessor
[THYMELEAF]             * [* {th:span,data-th-span}] [1000]: org.thymeleaf.standard.processor.StandardRemovableAttributeTagProcessor
[THYMELEAF]             * [* {th:formenctype,data-th-formenctype}] [1000]: org.thymeleaf.standard.processor.StandardRemovableAttributeTagProcessor
[THYMELEAF]             * [* {th:border,data-th-border}] [1000]: org.thymeleaf.standard.processor.StandardRemovableAttributeTagProcessor
[THYMELEAF]             * [* {th:scrolling,data-th-scrolling}] [1000]: org.thymeleaf.standard.processor.StandardRemovableAttributeTagProcessor
[THYMELEAF]             * [* {th:title,data-th-title}] [1000]: org.thymeleaf.standard.processor.StandardRemovableAttributeTagProcessor
[THYMELEAF]             * [* {th:rowspan,data-th-rowspan}] [1000]: org.thymeleaf.standard.processor.StandardRemovableAttributeTagProcessor
[THYMELEAF]             * [* {th:tabindex,data-th-tabindex}] [1000]: org.thymeleaf.standard.processor.StandardRemovableAttributeTagProcessor
[THYMELEAF]             * [* {th:charset,data-th-charset}] [1000]: org.thymeleaf.standard.processor.StandardRemovableAttributeTagProcessor
[THYMELEAF]             * [* {th:radiogroup,data-th-radiogroup}] [1000]: org.thymeleaf.standard.processor.StandardRemovableAttributeTagProcessor
[THYMELEAF]             * [* {th:challenge,data-th-challenge}] [1000]: org.thymeleaf.standard.processor.StandardRemovableAttributeTagProcessor
[THYMELEAF]             * [* {th:xmlbase,data-th-xmlbase}] [1000]: org.thymeleaf.standard.processor.StandardXmlBaseTagProcessor
[THYMELEAF]             * [* {th:xmllang,data-th-xmllang}] [1000]: org.thymeleaf.standard.processor.StandardXmlLangTagProcessor
[THYMELEAF]             * [* {xmlns:th}] [1000]: org.thymeleaf.standard.processor.StandardXmlNsTagProcessor
[THYMELEAF]             * [* {th:xmlspace,data-th-xmlspace}] [1000]: org.thymeleaf.standard.processor.StandardXmlSpaceTagProcessor
[THYMELEAF]             * [{option} *] [1005]: org.thymeleaf.spring6.processor.SpringOptionInSelectFieldTagProcessor
[THYMELEAF]             * [* {th:value,data-th-value}] [1010]: org.thymeleaf.spring6.processor.SpringValueTagProcessor
[THYMELEAF]             * [* {th:classappend,data-th-classappend}] [1100]: org.thymeleaf.standard.processor.StandardClassappendTagProcessor
[THYMELEAF]             * [* {th:styleappend,data-th-styleappend}] [1100]: org.thymeleaf.standard.processor.StandardStyleappendTagProcessor
[THYMELEAF]             * [* {th:text,data-th-text}] [1300]: org.thymeleaf.standard.processor.StandardTextTagProcessor
[THYMELEAF]             * [* {th:utext,data-th-utext}] [1400]: org.thymeleaf.standard.processor.StandardUtextTagProcessor
[THYMELEAF]             * [* {th:fragment,data-th-fragment}] [1500]: org.thymeleaf.standard.processor.StandardFragmentTagProcessor
[THYMELEAF]             * [* {th:assert,data-th-assert}] [1550]: org.thymeleaf.standard.processor.StandardAssertTagProcessor
[THYMELEAF]             * [* {th:remove,data-th-remove}] [1600]: org.thymeleaf.standard.processor.StandardRemoveTagProcessor
[THYMELEAF]             * [* {th:errors,data-th-errors}] [1700]: org.thymeleaf.spring6.processor.SpringErrorsTagProcessor
[THYMELEAF]             * [{input} {th:field,data-th-field}] [1700]: org.thymeleaf.spring6.processor.SpringInputCheckboxFieldTagProcessor
[THYMELEAF]             * [{input} {th:field,data-th-field}] [1700]: org.thymeleaf.spring6.processor.SpringInputFileFieldTagProcessor
[THYMELEAF]             * [{input} {th:field,data-th-field}] [1700]: org.thymeleaf.spring6.processor.SpringInputGeneralFieldTagProcessor
[THYMELEAF]             * [{input} {th:field,data-th-field}] [1700]: org.thymeleaf.spring6.processor.SpringInputPasswordFieldTagProcessor
[THYMELEAF]             * [{input} {th:field,data-th-field}] [1700]: org.thymeleaf.spring6.processor.SpringInputRadioFieldTagProcessor
[THYMELEAF]             * [{option} {th:field,data-th-field}] [1700]: org.thymeleaf.spring6.processor.SpringOptionFieldTagProcessor
[THYMELEAF]             * [{select} {th:field,data-th-field}] [1700]: org.thymeleaf.spring6.processor.SpringSelectFieldTagProcessor
[THYMELEAF]             * [{textarea} {th:field,data-th-field}] [1700]: org.thymeleaf.spring6.processor.SpringTextareaFieldTagProcessor
[THYMELEAF]             * [* {th:uerrors,data-th-uerrors}] [1700]: org.thymeleaf.spring6.processor.SpringUErrorsTagProcessor
[THYMELEAF]             * [* {th:errorclass,data-th-errorclass}] [1800]: org.thymeleaf.spring6.processor.SpringErrorClassTagProcessor
[THYMELEAF]             * [* {th:ref,data-th-ref}] [10000]: org.thymeleaf.standard.processor.StandardRefAttributeTagProcessor
[THYMELEAF]             * [{th:block,th-block} *] [100000]: org.thymeleaf.standard.processor.StandardBlockTagProcessor
[THYMELEAF]             * [* th:*] [2147483647]: org.thymeleaf.standard.processor.StandardDefaultAttributesTagProcessor
[THYMELEAF]         * Text Processors by [precedence]:
[THYMELEAF]             * [1000]: org.thymeleaf.standard.processor.StandardInliningTextProcessor
[THYMELEAF]         * DOCTYPE Processors by [precedence]:
[THYMELEAF]             * [1000]: org.thymeleaf.standard.processor.StandardTranslationDocTypeProcessor
[THYMELEAF]         * CDATA Section Processors by [precedence]:
[THYMELEAF]             * [1000]: org.thymeleaf.standard.processor.StandardInliningCDATASectionProcessor
[THYMELEAF]         * Comment Processors by [precedence]:
[THYMELEAF]             * [1000]: org.thymeleaf.standard.processor.StandardInliningCommentProcessor
[THYMELEAF]             * [1100]: org.thymeleaf.standard.processor.StandardConditionalCommentProcessor
[THYMELEAF]     * Processors for Template Mode: XML
[THYMELEAF]         * Element Tag Processors by [matching element and attribute name] [precedence]:
[THYMELEAF]             * [* {th:include}] [100]: org.thymeleaf.standard.processor.StandardIncludeTagProcessor
[THYMELEAF]             * [* {th:insert}] [100]: org.thymeleaf.standard.processor.StandardInsertTagProcessor
[THYMELEAF]             * [* {th:replace}] [100]: org.thymeleaf.standard.processor.StandardReplaceTagProcessor
[THYMELEAF]             * [* {th:each}] [200]: org.thymeleaf.standard.processor.StandardEachTagProcessor
[THYMELEAF]             * [* {th:switch}] [250]: org.thymeleaf.standard.processor.StandardSwitchTagProcessor
[THYMELEAF]             * [* {th:case}] [275]: org.thymeleaf.standard.processor.StandardCaseTagProcessor
[THYMELEAF]             * [* {th:if}] [300]: org.thymeleaf.standard.processor.StandardIfTagProcessor
[THYMELEAF]             * [* {th:unless}] [400]: org.thymeleaf.standard.processor.StandardUnlessTagProcessor
[THYMELEAF]             * [* {th:object}] [500]: org.thymeleaf.standard.processor.StandardObjectTagProcessor
[THYMELEAF]             * [* {th:with}] [600]: org.thymeleaf.standard.processor.StandardWithTagProcessor
[THYMELEAF]             * [* {th:attr}] [700]: org.thymeleaf.standard.processor.StandardAttrTagProcessor
[THYMELEAF]             * [* {th:attrprepend}] [800]: org.thymeleaf.standard.processor.StandardAttrprependTagProcessor
[THYMELEAF]             * [* {th:attrappend}] [900]: org.thymeleaf.standard.processor.StandardAttrappendTagProcessor
[THYMELEAF]             * [* {th:inline}] [1000]: org.thymeleaf.standard.processor.StandardInlineXMLTagProcessor
[THYMELEAF]             * [* {xmlns:th}] [1000]: org.thymeleaf.standard.processor.StandardXmlNsTagProcessor
[THYMELEAF]             * [* {th:text}] [1300]: org.thymeleaf.standard.processor.StandardTextTagProcessor
[THYMELEAF]             * [* {th:utext}] [1400]: org.thymeleaf.standard.processor.StandardUtextTagProcessor
[THYMELEAF]             * [* {th:fragment}] [1500]: org.thymeleaf.standard.processor.StandardFragmentTagProcessor
[THYMELEAF]             * [* {th:assert}] [1550]: org.thymeleaf.standard.processor.StandardAssertTagProcessor
[THYMELEAF]             * [* {th:remove}] [1600]: org.thymeleaf.standard.processor.StandardRemoveTagProcessor
[THYMELEAF]             * [* {th:ref}] [10000]: org.thymeleaf.standard.processor.StandardRefAttributeTagProcessor
[THYMELEAF]             * [{th:block} *] [100000]: org.thymeleaf.standard.processor.StandardBlockTagProcessor
[THYMELEAF]             * [* th:*] [2147483647]: org.thymeleaf.standard.processor.StandardDefaultAttributesTagProcessor
[THYMELEAF]         * Text Processors by [precedence]:
[THYMELEAF]             * [1000]: org.thymeleaf.standard.processor.StandardInliningTextProcessor
[THYMELEAF]         * CDATA Section Processors by [precedence]:
[THYMELEAF]             * [1000]: org.thymeleaf.standard.processor.StandardInliningCDATASectionProcessor
[THYMELEAF]         * Comment Processors by [precedence]:
[THYMELEAF]             * [1000]: org.thymeleaf.standard.processor.StandardInliningCommentProcessor
[THYMELEAF]     * Processors for Template Mode: TEXT
[THYMELEAF]         * Element Tag Processors by [matching element and attribute name] [precedence]:
[THYMELEAF]             * [* {th:insert}] [100]: org.thymeleaf.standard.processor.StandardInsertTagProcessor
[THYMELEAF]             * [* {th:replace}] [100]: org.thymeleaf.standard.processor.StandardReplaceTagProcessor
[THYMELEAF]             * [* {th:each}] [200]: org.thymeleaf.standard.processor.StandardEachTagProcessor
[THYMELEAF]             * [* {th:switch}] [250]: org.thymeleaf.standard.processor.StandardSwitchTagProcessor
[THYMELEAF]             * [* {th:case}] [275]: org.thymeleaf.standard.processor.StandardCaseTagProcessor
[THYMELEAF]             * [* {th:if}] [300]: org.thymeleaf.standard.processor.StandardIfTagProcessor
[THYMELEAF]             * [* {th:unless}] [400]: org.thymeleaf.standard.processor.StandardUnlessTagProcessor
[THYMELEAF]             * [* {th:object}] [500]: org.thymeleaf.standard.processor.StandardObjectTagProcessor
[THYMELEAF]             * [* {th:with}] [600]: org.thymeleaf.standard.processor.StandardWithTagProcessor
[THYMELEAF]             * [* {th:inline}] [1000]: org.thymeleaf.standard.processor.StandardInlineTextualTagProcessor
[THYMELEAF]             * [* {th:text}] [1300]: org.thymeleaf.standard.processor.StandardTextTagProcessor
[THYMELEAF]             * [* {th:utext}] [1400]: org.thymeleaf.standard.processor.StandardUtextTagProcessor
[THYMELEAF]             * [* {th:assert}] [1550]: org.thymeleaf.standard.processor.StandardAssertTagProcessor
[THYMELEAF]             * [* {th:remove}] [1600]: org.thymeleaf.standard.processor.StandardRemoveTagProcessor
[THYMELEAF]             * [* 100000] [org.thymeleaf.standard.processor.StandardBlockTagProcessor]: {}
[THYMELEAF]             * [{th:block} *] [100000]: org.thymeleaf.standard.processor.StandardBlockTagProcessor
[THYMELEAF]         * Text Processors by [precedence]:
[THYMELEAF]             * [1000]: org.thymeleaf.standard.processor.StandardInliningTextProcessor
[THYMELEAF]     * Processors for Template Mode: JAVASCRIPT
[THYMELEAF]         * Element Tag Processors by [matching element and attribute name] [precedence]:
[THYMELEAF]             * [* {th:insert}] [100]: org.thymeleaf.standard.processor.StandardInsertTagProcessor
[THYMELEAF]             * [* {th:replace}] [100]: org.thymeleaf.standard.processor.StandardReplaceTagProcessor
[THYMELEAF]             * [* {th:each}] [200]: org.thymeleaf.standard.processor.StandardEachTagProcessor
[THYMELEAF]             * [* {th:switch}] [250]: org.thymeleaf.standard.processor.StandardSwitchTagProcessor
[THYMELEAF]             * [* {th:case}] [275]: org.thymeleaf.standard.processor.StandardCaseTagProcessor
[THYMELEAF]             * [* {th:if}] [300]: org.thymeleaf.standard.processor.StandardIfTagProcessor
[THYMELEAF]             * [* {th:unless}] [400]: org.thymeleaf.standard.processor.StandardUnlessTagProcessor
[THYMELEAF]             * [* {th:object}] [500]: org.thymeleaf.standard.processor.StandardObjectTagProcessor
[THYMELEAF]             * [* {th:with}] [600]: org.thymeleaf.standard.processor.StandardWithTagProcessor
[THYMELEAF]             * [* {th:inline}] [1000]: org.thymeleaf.standard.processor.StandardInlineTextualTagProcessor
[THYMELEAF]             * [* {th:text}] [1300]: org.thymeleaf.standard.processor.StandardTextTagProcessor
[THYMELEAF]             * [* {th:utext}] [1400]: org.thymeleaf.standard.processor.StandardUtextTagProcessor
[THYMELEAF]             * [* {th:assert}] [1550]: org.thymeleaf.standard.processor.StandardAssertTagProcessor
[THYMELEAF]             * [* {th:remove}] [1600]: org.thymeleaf.standard.processor.StandardRemoveTagProcessor
[THYMELEAF]             * [* 100000] [org.thymeleaf.standard.processor.StandardBlockTagProcessor]: {}
[THYMELEAF]             * [{th:block} *] [100000]: org.thymeleaf.standard.processor.StandardBlockTagProcessor
[THYMELEAF]         * Text Processors by [precedence]:
[THYMELEAF]             * [1000]: org.thymeleaf.standard.processor.StandardInliningTextProcessor
[THYMELEAF]     * Processors for Template Mode: CSS
[THYMELEAF]         * Element Tag Processors by [matching element and attribute name] [precedence]:
[THYMELEAF]             * [* {th:insert}] [100]: org.thymeleaf.standard.processor.StandardInsertTagProcessor
[THYMELEAF]             * [* {th:replace}] [100]: org.thymeleaf.standard.processor.StandardReplaceTagProcessor
[THYMELEAF]             * [* {th:each}] [200]: org.thymeleaf.standard.processor.StandardEachTagProcessor
[THYMELEAF]             * [* {th:switch}] [250]: org.thymeleaf.standard.processor.StandardSwitchTagProcessor
[THYMELEAF]             * [* {th:case}] [275]: org.thymeleaf.standard.processor.StandardCaseTagProcessor
[THYMELEAF]             * [* {th:if}] [300]: org.thymeleaf.standard.processor.StandardIfTagProcessor
[THYMELEAF]             * [* {th:unless}] [400]: org.thymeleaf.standard.processor.StandardUnlessTagProcessor
[THYMELEAF]             * [* {th:object}] [500]: org.thymeleaf.standard.processor.StandardObjectTagProcessor
[THYMELEAF]             * [* {th:with}] [600]: org.thymeleaf.standard.processor.StandardWithTagProcessor
[THYMELEAF]             * [* {th:inline}] [1000]: org.thymeleaf.standard.processor.StandardInlineTextualTagProcessor
[THYMELEAF]             * [* {th:text}] [1300]: org.thymeleaf.standard.processor.StandardTextTagProcessor
[THYMELEAF]             * [* {th:utext}] [1400]: org.thymeleaf.standard.processor.StandardUtextTagProcessor
[THYMELEAF]             * [* {th:assert}] [1550]: org.thymeleaf.standard.processor.StandardAssertTagProcessor
[THYMELEAF]             * [* {th:remove}] [1600]: org.thymeleaf.standard.processor.StandardRemoveTagProcessor
[THYMELEAF]             * [{th:block} *] [100000]: org.thymeleaf.standard.processor.StandardBlockTagProcessor
[THYMELEAF]             * [* 100000] [org.thymeleaf.standard.processor.StandardBlockTagProcessor]: {}
[THYMELEAF]         * Text Processors by [precedence]:
[THYMELEAF]             * [1000]: org.thymeleaf.standard.processor.StandardInliningTextProcessor
[THYMELEAF]     * Expression Objects:
[THYMELEAF]         * #ctx
[THYMELEAF]         * #root
[THYMELEAF]         * #vars
[THYMELEAF]         * #object
[THYMELEAF]         * #locale
[THYMELEAF]         * #conversions
[THYMELEAF]         * #uris
[THYMELEAF]         * #temporals
[THYMELEAF]         * #calendars
[THYMELEAF]         * #dates
[THYMELEAF]         * #bools
[THYMELEAF]         * #numbers
[THYMELEAF]         * #objects
[THYMELEAF]         * #strings
[THYMELEAF]         * #arrays
[THYMELEAF]         * #lists
[THYMELEAF]         * #sets
[THYMELEAF]         * #maps
[THYMELEAF]         * #aggregates
[THYMELEAF]         * #messages
[THYMELEAF]         * #ids
[THYMELEAF]         * #execInfo
[THYMELEAF]         * #request
[THYMELEAF]         * #response
[THYMELEAF]         * #session
[THYMELEAF]         * #servletContext
[THYMELEAF]         * #fields
[THYMELEAF]         * #themes
[THYMELEAF]         * #mvc
[THYMELEAF]         * #requestdatavalues
[THYMELEAF]     * Execution Attributes:
[THYMELEAF]         * "StandardExpressionParser": Standard Expression Parser
[THYMELEAF]         * "StandardJavaScriptSerializer": org.thymeleaf.standard.serializer.StandardJavaScriptSerializer@3714a64f
[THYMELEAF]         * "StandardCSSSerializer": org.thymeleaf.standard.serializer.StandardCSSSerializer@ae7c3c2
[THYMELEAF]         * "EnableSpringELCompiler": false
[THYMELEAF]         * "StandardVariableExpressionEvaluator": SpringEL
[THYMELEAF]         * "StandardConversionService": org.thymeleaf.spring6.expression.SpringStandardConversionService@5203af8f
[THYMELEAF] TEMPLATE ENGINE CONFIGURED OK
2026-06-08T16:41:59.882+01:00 DEBUG 25080 --- [wallet] [http-nio-8081-exec-3] org.thymeleaf.TemplateEngine             : [THYMELEAF] TEMPLATE ENGINE INITIALIZED
2026-06-08T16:42:00.065+01:00 DEBUG 25080 --- [wallet] [http-nio-8081-exec-3] o.s.web.servlet.DispatcherServlet        : Completed 200 OK
2026-06-08T16:42:00.117+01:00 DEBUG 25080 --- [wallet] [http-nio-8081-exec-6] o.s.web.servlet.DispatcherServlet        : GET "/favicon.ico", parameters={}
2026-06-08T16:42:00.119+01:00 DEBUG 25080 --- [wallet] [http-nio-8081-exec-6] o.s.w.s.handler.SimpleUrlHandlerMapping  : Mapped to ResourceHttpRequestHandler [classpath [META-INF/resources/], classpath [resources/], classpath [static/], classpath [public/], ServletContext [/]]
2026-06-08T16:42:00.122+01:00 DEBUG 25080 --- [wallet] [http-nio-8081-exec-6] o.s.w.s.r.ResourceHttpRequestHandler     : Resource not found
2026-06-08T16:42:00.123+01:00 DEBUG 25080 --- [wallet] [http-nio-8081-exec-6] .w.s.m.s.DefaultHandlerExceptionResolver : Resolved [org.springframework.web.servlet.resource.NoResourceFoundException: No static resource favicon.ico.]
2026-06-08T16:42:00.124+01:00 DEBUG 25080 --- [wallet] [http-nio-8081-exec-6] o.s.web.servlet.DispatcherServlet        : Completed 404 NOT_FOUND
2026-06-08T16:42:00.125+01:00 DEBUG 25080 --- [wallet] [http-nio-8081-exec-6] o.s.web.servlet.DispatcherServlet        : "ERROR" dispatch for GET "/error", parameters={}
2026-06-08T16:42:00.126+01:00 DEBUG 25080 --- [wallet] [http-nio-8081-exec-6] s.w.s.m.m.a.RequestMappingHandlerMapping : Mapped to org.springframework.boot.autoconfigure.web.servlet.error.BasicErrorController#error(HttpServletRequest)
2026-06-08T16:42:00.128+01:00 DEBUG 25080 --- [wallet] [http-nio-8081-exec-6] o.s.w.s.m.m.a.HttpEntityMethodProcessor  : Using 'application/json;q=0.5', given [image/avif, image/webp, image/png, image/svg+xml, image/*;q=0.8, */*;q=0.5] and supported [application/json, application/*+json]
2026-06-08T16:42:00.128+01:00 DEBUG 25080 --- [wallet] [http-nio-8081-exec-6] o.s.w.s.m.m.a.HttpEntityMethodProcessor  : Writing [{timestamp=Mon Jun 08 16:42:00 CET 2026, status=404, error=Not Found, trace=org.springframework.web. (truncated)...]
2026-06-08T16:42:00.130+01:00 DEBUG 25080 --- [wallet] [http-nio-8081-exec-6] o.s.web.servlet.DispatcherServlet        : Exiting from "ERROR" dispatch, status 404
2026-06-08T16:42:03.086+01:00 DEBUG 25080 --- [wallet] [http-nio-8081-exec-7] o.s.web.servlet.DispatcherServlet        : POST "/wallet/login", parameters={masked}
2026-06-08T16:42:03.087+01:00 DEBUG 25080 --- [wallet] [http-nio-8081-exec-7] s.w.s.m.m.a.RequestMappingHandlerMapping : Mapped to com.example.wallet.Controllers.UserController#login(UserDto, HttpSession, Model)
2026-06-08T16:42:03.231+01:00 DEBUG 25080 --- [wallet] [http-nio-8081-exec-7] org.hibernate.orm.sql.ast.create         : Created new SQL alias : u1_0
2026-06-08T16:42:03.232+01:00 DEBUG 25080 --- [wallet] [http-nio-8081-exec-7] org.hibernate.orm.sql.ast.create         : Registration of TableGroup [StandardTableGroup(com.example.wallet.Entities.User(2))] with identifierForTableGroup [com.example.wallet.Entities.User] for NavigablePath [com.example.wallet.Entities.User] 
2026-06-08T16:42:03.242+01:00 DEBUG 25080 --- [wallet] [http-nio-8081-exec-7] o.h.q.sqm.sql.BaseSqmToSqlAstConverter   : Determining mapping-model type for SqmParameter : org.hibernate.query.sqm.tree.expression.SqmJpaCriteriaParameterWrapper@2ecf3ad0
2026-06-08T16:42:03.243+01:00 DEBUG 25080 --- [wallet] [http-nio-8081-exec-7] o.h.q.sqm.sql.BaseSqmToSqlAstConverter   : Determining mapping-model type for SqmPath : SqmBasicValuedSimplePath(com.example.wallet.Entities.User(2).username) 
2026-06-08T16:42:03.250+01:00 DEBUG 25080 --- [wallet] [http-nio-8081-exec-7] org.hibernate.orm.results.graph.AST      : DomainResult Graph:
 \-EntityResultImpl [com.example.wallet.Entities.User(2)]
 |  +-BasicFetch [com.example.wallet.Entities.User(2).Password]
 |  \-BasicFetch [com.example.wallet.Entities.User(2).username]

2026-06-08T16:42:03.250+01:00 DEBUG 25080 --- [wallet] [http-nio-8081-exec-7] org.hibernate.orm.sql.ast.tree           : SQL AST Tree:
    SelectStatement {
      FromClause {
        StandardTableGroup (u1 : com.example.wallet.Entities.User(2)) {
          primaryTableReference : user as u1_0
        }
      }
    }

2026-06-08T16:42:03.262+01:00 DEBUG 25080 --- [wallet] [http-nio-8081-exec-7] org.hibernate.orm.sql.exec               : Skipping reading Query result cache data: cache-enabled = false, cache-mode = NORMAL
2026-06-08T16:42:03.266+01:00 DEBUG 25080 --- [wallet] [http-nio-8081-exec-7] org.hibernate.SQL                        : select u1_0.user_id,u1_0.password,u1_0.username from user u1_0 where u1_0.username=?
2026-06-08T16:42:03.370+01:00 DEBUG 25080 --- [wallet] [http-nio-8081-exec-7] org.hibernate.orm.results                : Initializer list:
	  com.example.wallet.Entities.User(2) -> EntityJoinedFetchInitializer(com.example.wallet.Entities.User(2))@16013656 (SingleTableEntityPersister(com.example.wallet.Entities.User))

2026-06-08T16:42:03.391+01:00 DEBUG 25080 --- [wallet] [http-nio-8081-exec-7] o.s.web.servlet.view.RedirectView        : View name [redirect:], model {}
2026-06-08T16:42:03.395+01:00 DEBUG 25080 --- [wallet] [http-nio-8081-exec-7] o.s.web.servlet.DispatcherServlet        : Completed 302 FOUND
2026-06-08T16:42:03.402+01:00 DEBUG 25080 --- [wallet] [http-nio-8081-exec-8] o.s.web.servlet.DispatcherServlet        : GET "/wallet/home;jsessionid=66086A074E51D28BD6F6F96727A1A583", parameters={}
2026-06-08T16:42:03.403+01:00 DEBUG 25080 --- [wallet] [http-nio-8081-exec-8] s.w.s.m.m.a.RequestMappingHandlerMapping : Mapped to com.example.wallet.Controllers.UserController#home(Model, HttpSession)
2026-06-08T16:42:03.404+01:00 DEBUG 25080 --- [wallet] [http-nio-8081-exec-8] org.hibernate.orm.sql.ast.create         : Created new SQL alias : u1_0
2026-06-08T16:42:03.404+01:00 DEBUG 25080 --- [wallet] [http-nio-8081-exec-8] org.hibernate.orm.sql.ast.create         : Registration of TableGroup [StandardTableGroup(com.example.wallet.Entities.User(2))] with identifierForTableGroup [com.example.wallet.Entities.User] for NavigablePath [com.example.wallet.Entities.User] 
2026-06-08T16:42:03.405+01:00 DEBUG 25080 --- [wallet] [http-nio-8081-exec-8] o.h.q.sqm.sql.BaseSqmToSqlAstConverter   : Determining mapping-model type for SqmParameter : org.hibernate.query.sqm.tree.expression.SqmJpaCriteriaParameterWrapper@372a4cbb
2026-06-08T16:42:03.405+01:00 DEBUG 25080 --- [wallet] [http-nio-8081-exec-8] o.h.q.sqm.sql.BaseSqmToSqlAstConverter   : Determining mapping-model type for SqmPath : SqmBasicValuedSimplePath(com.example.wallet.Entities.User(2).username) 
2026-06-08T16:42:03.405+01:00 DEBUG 25080 --- [wallet] [http-nio-8081-exec-8] org.hibernate.orm.results.graph.AST      : DomainResult Graph:
 \-EntityResultImpl [com.example.wallet.Entities.User(2)]
 |  +-BasicFetch [com.example.wallet.Entities.User(2).Password]
 |  \-BasicFetch [com.example.wallet.Entities.User(2).username]

2026-06-08T16:42:03.405+01:00 DEBUG 25080 --- [wallet] [http-nio-8081-exec-8] org.hibernate.orm.sql.ast.tree           : SQL AST Tree:
    SelectStatement {
      FromClause {
        StandardTableGroup (u1 : com.example.wallet.Entities.User(2)) {
          primaryTableReference : user as u1_0
        }
      }
    }

2026-06-08T16:42:03.406+01:00 DEBUG 25080 --- [wallet] [http-nio-8081-exec-8] org.hibernate.orm.sql.exec               : Skipping reading Query result cache data: cache-enabled = false, cache-mode = NORMAL
2026-06-08T16:42:03.406+01:00 DEBUG 25080 --- [wallet] [http-nio-8081-exec-8] org.hibernate.SQL                        : select u1_0.user_id,u1_0.password,u1_0.username from user u1_0 where u1_0.username=?
2026-06-08T16:42:03.407+01:00 DEBUG 25080 --- [wallet] [http-nio-8081-exec-8] org.hibernate.orm.results                : Initializer list:
	  com.example.wallet.Entities.User(2) -> EntityJoinedFetchInitializer(com.example.wallet.Entities.User(2))@2074098410 (SingleTableEntityPersister(com.example.wallet.Entities.User))

2026-06-08T16:42:03.409+01:00 DEBUG 25080 --- [wallet] [http-nio-8081-exec-8] o.s.w.s.v.ContentNegotiatingViewResolver : Selected 'text/html' given [text/html, application/xhtml+xml, application/xml;q=0.9, */*;q=0.8]
2026-06-08T16:42:03.425+01:00 DEBUG 25080 --- [wallet] [http-nio-8081-exec-8] o.s.web.servlet.DispatcherServlet        : Completed 200 OK
2026-06-08T16:42:06.278+01:00 DEBUG 25080 --- [wallet] [http-nio-8081-exec-9] o.s.web.servlet.DispatcherServlet        : GET "/wallet/operations", parameters={}
2026-06-08T16:42:06.278+01:00 DEBUG 25080 --- [wallet] [http-nio-8081-exec-9] s.w.s.m.m.a.RequestMappingHandlerMapping : Mapped to com.example.wallet.Controllers.UserController#getAllOperations(Model)
2026-06-08T16:42:06.280+01:00 DEBUG 25080 --- [wallet] [http-nio-8081-exec-9] o.s.jdbc.core.JdbcTemplate               : Executing SQL query [CALL GetOperationDetails()]
2026-06-08T16:42:06.280+01:00 DEBUG 25080 --- [wallet] [http-nio-8081-exec-9] o.s.jdbc.datasource.DataSourceUtils      : Fetching JDBC Connection from DataSource
2026-06-08T16:42:06.326+01:00 DEBUG 25080 --- [wallet] [http-nio-8081-exec-9] o.s.w.s.v.ContentNegotiatingViewResolver : Selected 'text/html' given [text/html, application/xhtml+xml, application/xml;q=0.9, */*;q=0.8]
2026-06-08T16:42:06.465+01:00 DEBUG 25080 --- [wallet] [http-nio-8081-exec-10] o.s.web.servlet.DispatcherServlet        : GET "/style.css", parameters={}
2026-06-08T16:42:06.466+01:00 DEBUG 25080 --- [wallet] [http-nio-8081-exec-10] o.s.w.s.handler.SimpleUrlHandlerMapping  : Mapped to ResourceHttpRequestHandler [classpath [META-INF/resources/], classpath [resources/], classpath [static/], classpath [public/], ServletContext [/]]
2026-06-08T16:42:06.466+01:00 DEBUG 25080 --- [wallet] [http-nio-8081-exec-1] o.s.web.servlet.DispatcherServlet        : GET "/wallet/scripts.js", parameters={}
2026-06-08T16:42:06.468+01:00 DEBUG 25080 --- [wallet] [http-nio-8081-exec-1] o.s.w.s.handler.SimpleUrlHandlerMapping  : Mapped to ResourceHttpRequestHandler [classpath [META-INF/resources/], classpath [resources/], classpath [static/], classpath [public/], ServletContext [/]]
2026-06-08T16:42:06.468+01:00 DEBUG 25080 --- [wallet] [http-nio-8081-exec-9] o.s.web.servlet.DispatcherServlet        : Completed 200 OK
2026-06-08T16:42:06.470+01:00 DEBUG 25080 --- [wallet] [http-nio-8081-exec-1] o.s.w.s.r.ResourceHttpRequestHandler     : Resource not found
2026-06-08T16:42:06.471+01:00 DEBUG 25080 --- [wallet] [http-nio-8081-exec-1] .w.s.m.s.DefaultHandlerExceptionResolver : Resolved [org.springframework.web.servlet.resource.NoResourceFoundException: No static resource wallet/scripts.js.]
2026-06-08T16:42:06.472+01:00 DEBUG 25080 --- [wallet] [http-nio-8081-exec-1] o.s.web.servlet.DispatcherServlet        : Completed 404 NOT_FOUND
2026-06-08T16:42:06.474+01:00 DEBUG 25080 --- [wallet] [http-nio-8081-exec-1] o.s.web.servlet.DispatcherServlet        : "ERROR" dispatch for GET "/error", parameters={}
2026-06-08T16:42:06.474+01:00 DEBUG 25080 --- [wallet] [http-nio-8081-exec-1] s.w.s.m.m.a.RequestMappingHandlerMapping : Mapped to org.springframework.boot.autoconfigure.web.servlet.error.BasicErrorController#error(HttpServletRequest)
2026-06-08T16:42:06.477+01:00 DEBUG 25080 --- [wallet] [http-nio-8081-exec-1] o.s.w.s.m.m.a.HttpEntityMethodProcessor  : Using 'application/json', given [*/*] and supported [application/json, application/*+json]
2026-06-08T16:42:06.478+01:00 DEBUG 25080 --- [wallet] [http-nio-8081-exec-1] o.s.w.s.m.m.a.HttpEntityMethodProcessor  : Writing [{timestamp=Mon Jun 08 16:42:06 CET 2026, status=404, error=Not Found, trace=org.springframework.web. (truncated)...]
2026-06-08T16:42:06.480+01:00 DEBUG 25080 --- [wallet] [http-nio-8081-exec-1] o.s.web.servlet.DispatcherServlet        : Exiting from "ERROR" dispatch, status 404
2026-06-08T16:42:06.489+01:00 DEBUG 25080 --- [wallet] [http-nio-8081-exec-10] o.s.web.servlet.DispatcherServlet        : Completed 200 OK
2026-06-08T16:42:06.864+01:00 DEBUG 25080 --- [wallet] [http-nio-8081-exec-2] o.s.web.servlet.DispatcherServlet        : GET "/wallet/scripts.js", parameters={}
2026-06-08T16:42:06.865+01:00 DEBUG 25080 --- [wallet] [http-nio-8081-exec-2] o.s.w.s.handler.SimpleUrlHandlerMapping  : Mapped to ResourceHttpRequestHandler [classpath [META-INF/resources/], classpath [resources/], classpath [static/], classpath [public/], ServletContext [/]]
2026-06-08T16:42:06.866+01:00 DEBUG 25080 --- [wallet] [http-nio-8081-exec-2] o.s.w.s.r.ResourceHttpRequestHandler     : Resource not found
2026-06-08T16:42:06.866+01:00 DEBUG 25080 --- [wallet] [http-nio-8081-exec-2] .w.s.m.s.DefaultHandlerExceptionResolver : Resolved [org.springframework.web.servlet.resource.NoResourceFoundException: No static resource wallet/scripts.js.]
2026-06-08T16:42:06.867+01:00 DEBUG 25080 --- [wallet] [http-nio-8081-exec-2] o.s.web.servlet.DispatcherServlet        : Completed 404 NOT_FOUND
2026-06-08T16:42:06.867+01:00 DEBUG 25080 --- [wallet] [http-nio-8081-exec-2] o.s.web.servlet.DispatcherServlet        : "ERROR" dispatch for GET "/error", parameters={}
2026-06-08T16:42:06.867+01:00 DEBUG 25080 --- [wallet] [http-nio-8081-exec-2] s.w.s.m.m.a.RequestMappingHandlerMapping : Mapped to org.springframework.boot.autoconfigure.web.servlet.error.BasicErrorController#error(HttpServletRequest)
2026-06-08T16:42:06.869+01:00 DEBUG 25080 --- [wallet] [http-nio-8081-exec-2] o.s.w.s.m.m.a.HttpEntityMethodProcessor  : Using 'application/json', given [*/*] and supported [application/json, application/*+json]
2026-06-08T16:42:06.869+01:00 DEBUG 25080 --- [wallet] [http-nio-8081-exec-2] o.s.w.s.m.m.a.HttpEntityMethodProcessor  : Writing [{timestamp=Mon Jun 08 16:42:06 CET 2026, status=404, error=Not Found, trace=org.springframework.web. (truncated)...]
2026-06-08T16:42:06.871+01:00 DEBUG 25080 --- [wallet] [http-nio-8081-exec-2] o.s.web.servlet.DispatcherServlet        : Exiting from "ERROR" dispatch, status 404
